20120102,95.95,95.95,95.95,95.95
20120103,98.69,99.95,96.93,97.51
20120104,96.68,98.41,95.95,97.8
20120105,96.84,98.66,96.16,98.23
20120106,98.65,99.02,97.54,98.02
20120109,99.7,101.57,99.26,99.99
20120110,100.57,102.51,100.53,102.48
20120111,101.63,102.27,100.18,101.04
20120112,101.19,101.19,98.97,99.93
20120113,98.27,99.0,97.66,98.64
20120116,98.64,98.64,98.64,98.64
20120117,99.89,100.16,97.99,98.03
20120118,98.14,99.54,97.58,99.17
20120119,99.82,102.44,99.64,101.2
20120120,101.1,101.83,100.07,101.14
20120123,100.8,102.27,100.33,100.78
20120124,99.61,101.88,99.46,101.45
20120125,100.88,102.03,100.26,101.69
20120126,102.63,104.06,101.72,102.61
20120127,101.51,102.7,101.14,102.17
20120130,100.8,101.59,99.62,100.56
20120131,101.25,101.43,97.3,100.51
20120201,99.66,103.88,99.66,103.41
20120202,103.5,104.95,103.28,103.85
20120203,105.61,107.74,105.49,107.69
20120206,106.79,108.15,106.01,106.59
20120207,106.31,107.97,105.43,107.6
20120208,107.55,108.64,106.72,107.43
20120209,107.48,107.92,106.16,106.74
20120210,104.46,106.66,104.21,105.6
20120213,107.12,107.23,105.89,106.38
20120214,105.56,105.82,104.42,105.12
20120215,106.0,106.4,103.83,104.51
20120216,104.59,107.01,104.29,106.95
20120217,107.54,107.85,106.67,107.23
20120220,107.23,107.23,107.23,107.23
20120221,107.52,108.39,106.1,106.68
20120222,106.63,106.84,104.43,104.97
20120223,105.01,106.37,104.53,106.16
20120224,106.21,107.44,105.91,107.07
20120227,106.1,107.78,104.88,107.38
20120228,107.65,107.65,106.15,106.73
20120229,106.87,107.75,105.68,106.39
20120301,106.88,108.24,106.73,107.99
20120302,107.93,108.39,107.26,107.63
20120305,107.61,107.8,106.49,107.12
20120306,104.78,105.96,103.6,104.43
20120307,104.79,106.38,104.67,106.13
20120308,107.21,107.63,106.0,107.06
20120309,107.44,110.1,107.0,109.35
20120312,109.1,109.3,107.52,107.85
20120313,108.49,112.07,108.17,112.07
20120314,112.35,112.35,110.5,111.6
20120315,111.94,113.88,111.55,112.72
20120316,113.18,113.25,111.81,112.13
20120319,111.89,114.39,111.52,113.07
20120320,111.98,112.65,110.79,111.59
20120321,112.34,113.17,111.86,112.19
20120322,110.91,111.55,110.13,110.48
20120323,110.41,111.1,109.3,110.77
20120326,111.44,113.22,111.44,113.22
20120327,113.48,113.77,112.49,112.61
20120328,112.43,112.68,110.64,112.28
20120329,110.92,111.5,109.54,110.96
20120330,111.94,112.27,110.17,111.81
20120402,112.12,114.51,111.31,113.53
20120404,113.51,114.92,112.86,113.28
20120405,112.81,113.61,112.37,113.18
20120406,113.18,113.18,113.18,113.18
20120409,111.43,112.5,109.49,110.62
20120410,110.66,110.95,106.82,106.91
20120411,107.77,108.35,105.57,107.57
20120412,107.57,110.83,107.34,110.74
20120413,110.45,110.45,108.27,108.29
20120416,109.26,109.93,107.25,108.11
20120417,108.85,111.12,108.71,110.51
20120418,109.55,113.6,109.01,112.76
20120419,113.16,115.0,111.13,112.01
20120420,112.56,113.3,111.54,111.54
20120423,109.26,110.41,109.0,110.39
20120424,111.05,112.18,110.2,110.92
20120425,112.15,113.92,112.15,113.46
20120426,113.0,114.45,112.56,113.9
20120427,114.72,114.72,112.8,114.34
20120430,113.98,114.15,113.06,113.62
20120501,112.72,115.66,111.29,112.77
20120502,112.11,112.42,109.8,111.42
20120503,111.53,111.79,108.68,108.98
20120504,108.67,109.04,106.22,107.24
20120507,106.63,107.34,106.46,106.87
20120508,105.96,106.61,104.14,105.49
20120509,103.82,106.9,103.57,105.6
20120510,106.65,106.97,105.13,105.5
20120511,104.42,108.08,103.68,106.75
20120514,105.2,106.67,104.32,105.83
20120515,105.55,106.14,103.75,104.09
20120516,105.67,107.35,104.73,104.84
20120517,105.07,105.59,101.74,101.93
20120518,102.42,102.42,99.84,100.17
20120521,100.25,102.8,100.09,102.77
20120522,102.97,105.25,102.5,103.39
20120523,102.2,103.37,100.01,103.28
20120524,104.01,104.13,102.27,103.8
20120525,104.23,104.25,103.12,103.47
20120528,103.47,103.47,103.47,103.47
20120529,105.21,107.18,104.4,107.18
20120530,105.91,105.91,102.99,103.07
20120531,103.57,103.6,100.92,103.07
20120601,101.27,101.27,97.43,97.87
20120604,97.89,98.07,94.32,96.0
20120605,96.0,98.48,95.53,98.45
20120606,99.44,101.72,99.36,101.68
20120607,103.0,104.5,102.49,103.23
20120608,103.03,103.91,101.36,103.76
20120611,105.63,105.63,101.53,101.71
20120612,102.11,102.77,100.81,102.52
20120613,101.77,102.45,100.87,101.35
20120614,101.74,102.76,101.25,102.49
20120615,102.99,104.21,102.53,104.03
20120618,103.67,104.23,102.05,103.79
20120619,104.88,106.69,104.33,106.59
20120620,106.51,107.49,105.32,106.37
20120621,106.83,106.83,102.32,102.73
20120622,103.35,104.33,103.0,103.82
20120625,101.9,102.29,100.15,101.06
20120626,101.46,103.09,101.05,102.78
20120627,103.03,105.85,102.48,104.34
20120628,103.01,105.59,102.74,105.5
20120629,107.97,110.25,107.92,109.45
20120702,109.76,111.19,109.46,110.57
20120703,110.71,112.63,110.35,111.45
20120704,111.45,111.45,111.45,111.45
20120705,111.13,111.97,110.19,110.95
20120706,109.5,109.68,107.73,108.98
20120709,108.39,108.99,107.13,107.99
20120710,109.04,109.77,107.0,107.44
20120711,107.73,108.63,106.74,107.82
20120712,106.63,107.05,105.32,106.26
20120713,107.14,110.18,107.14,110.08
20120716,109.72,110.29,108.58,109.29
20120717,109.84,110.22,107.61,109.62
20120718,108.98,110.57,108.97,110.43
20120719,110.66,111.22,109.64,110.05
20120720,109.13,109.33,107.53,107.63
20120723,105.32,106.7,103.85,105.98
20120724,105.23,106.0,102.88,103.84
20120725,104.16,104.66,102.21,103.33
20120726,105.4,106.29,104.0,105.31
20120727,106.15,109.99,105.98,108.77
20120730,108.73,109.99,108.11,108.86
20120731,107.98,112.08,106.91,111.59
20120801,112.55,112.81,110.77,111.26
20120802,110.08,111.82,108.44,110.46
20120803,112.45,113.64,111.79,112.99
20120806,113.45,115.82,113.28,113.85
20120807,114.46,118.74,114.46,116.63
20120808,116.1,117.32,116.02,116.6
20120809,116.65,117.21,115.79,116.51
20120810,116.11,116.14,114.83,115.5
20120813,114.99,115.71,114.19,115.62
20120814,116.23,116.87,115.41,116.07
20120815,115.68,117.04,115.5,116.97
20120816,116.65,119.1,115.79,119.01
20120817,118.82,119.61,118.53,119.14
20120820,118.6,119.06,117.57,117.97
20120821,117.97,119.76,117.31,117.82
20120822,117.32,118.37,116.25,118.09
20120823,118.06,118.24,117.06,117.66
20120824,117.56,119.19,116.86,118.56
20120827,118.86,119.07,117.8,118.04
20120828,117.65,119.52,117.39,118.66
20120829,118.69,119.32,118.27,118.43
20120830,117.65,118.0,116.82,117.18
20120831,118.09,118.4,116.1,117.62
20120903,117.62,117.62,117.62,117.62
20120904,117.52,118.99,116.19,118.64
20120905,118.68,119.36,117.13,117.57
20120906,118.6,120.37,118.57,119.99
20120907,119.69,121.89,119.69,121.65
20120910,121.68,121.7,121.03,121.36
20120911,121.09,121.76,120.74,121.25
20120912,121.57,122.2,121.4,121.87
20120913,122.26,125.25,121.09,124.85
20120914,125.22,127.88,125.02,127.59
20120917,126.7,127.12,126.31,126.65
20120918,126.52,127.07,125.89,126.28
20120919,126.25,126.77,125.83,126.27
20120920,125.49,125.49,123.47,125.1
20120921,126.29,126.3,124.16,124.23
20120924,123.48,124.8,123.13,124.07
20120925,124.79,124.91,121.55,121.59
20120926,121.68,122.34,121.05,121.57
20120927,122.26,123.57,121.74,123.14
20120928,122.67,123.5,121.79,123.0
20121001,122.42,124.28,121.13,122.49
20121002,122.88,123.25,121.36,121.98
20121003,122.23,122.95,120.95,122.38
20121004,122.87,124.24,122.57,123.54
20121005,124.13,125.1,123.72,124.31
20121008,123.68,124.08,122.92,123.25
20121009,122.89,123.7,121.79,122.35
20121010,122.38,122.95,122.01,122.78
20121011,124.05,124.05,122.87,123.24
20121012,123.3,123.53,121.05,121.69
20121015,122.49,123.18,120.4,122.92
20121016,123.53,125.29,123.53,124.84
20121017,124.89,126.67,124.36,126.31
20121018,126.02,126.44,125.17,125.89
20121019,125.52,125.52,123.11,124.44
20121022,124.04,124.7,123.51,124.69
20121023,123.11,124.68,121.98,124.17
20121024,124.78,124.91,123.24,123.33
20121025,124.58,124.96,123.47,124.19
20121026,124.69,125.54,122.49,124.14
20121029,124.14,124.14,124.14,124.14
20121030,124.14,124.14,124.14,124.14
20121031,124.61,127.46,124.01,126.5
20121101,126.46,132.32,126.25,131.38
20121102,131.81,131.95,127.73,127.81
20121105,127.75,129.09,126.53,128.12
20121106,128.1,129.31,127.77,128.5
20121107,126.96,127.07,124.2,124.62
20121108,124.47,125.84,124.15,124.69
20121109,124.51,126.2,123.88,125.57
20121112,126.31,126.68,125.1,125.74
20121113,124.43,126.68,124.23,124.93
20121114,125.21,125.42,121.6,121.99
20121115,121.98,122.96,120.45,120.76
20121116,121.01,122.33,119.84,121.85
20121119,123.64,125.09,123.23,125.06
20121120,125.06,126.22,124.2,126.12
20121121,126.14,126.77,125.35,126.74
20121122,126.74,126.74,126.74,126.74
20121123,126.79,128.44,126.79,128.22
20121126,127.4,129.07,127.4,128.19
20121127,127.8,128.49,126.77,127.81
20121128,126.93,128.76,125.88,128.28
20121129,129.37,130.43,128.34,129.47
20121130,129.59,130.31,128.06,128.87
20121203,129.73,129.73,127.76,128.3
20121204,128.47,128.58,126.65,127.74
20121205,127.98,128.89,127.0,128.27
20121206,128.39,129.1,127.3,129.0
20121207,129.29,129.54,127.94,128.62
20121210,128.18,128.52,127.19,127.66
20121211,128.21,129.52,127.96,129.09
20121212,129.29,130.0,128.65,129.19
20121213,128.88,129.17,127.07,127.76
20121214,127.61,128.51,127.59,127.91
20121217,128.63,130.16,128.22,130.12
20121218,130.1,131.99,129.86,131.94
20121219,131.81,132.18,131.01,131.03
20121220,131.37,132.33,130.82,132.3
20121221,130.54,131.47,129.78,131.38
20121224,130.32,131.44,130.32,131.1
20121225,131.1,131.1,131.1,131.1
20121226,131.23,131.42,129.58,129.66
20121227,129.73,129.85,127.17,128.83
20121228,128.19,128.61,127.61,127.74
20121231,127.61,130.21,126.89,130.15
20130101,130.15,130.15,130.15,130.15
20130102,133.55,134.85,132.98,134.85
20130103,134.66,134.91,133.41,133.91
20130104,134.13,137.24,133.68,137.1
20130107,136.07,137.79,135.29,137.3
20130108,136.72,137.39,135.86,137.15
20130109,137.98,138.86,137.58,138.15
20130110,139.0,139.37,137.7,138.75
20130111,138.72,139.8,137.93,139.65
20130114,139.44,139.88,138.48,139.81
20130115,139.16,140.8,138.71,140.67
20130116,139.8,140.21,139.37,140.04
20130117,140.03,141.75,139.96,141.15
20130118,141.14,142.6,140.61,142.42
20130121,142.42,142.42,142.42,142.42
20130122,142.31,143.11,141.84,143.1
20130123,142.6,143.41,142.12,143.18
20130124,142.69,145.89,138.32,144.48
20130125,144.65,145.67,143.54,144.93
20130128,145.67,145.67,143.01,145.07
20130129,144.06,146.51,138.66,146.5
20130130,145.71,147.09,143.08,144.6
20130131,144.2,144.41,143.03,143.93
20130201,145.33,145.33,143.96,144.61
20130204,143.52,143.64,142.17,143.07
20130205,143.74,145.0,143.37,144.94
20130206,143.65,145.64,143.59,145.64
20130207,145.5,146.28,143.0,146.25
20130208,146.84,147.17,145.73,146.45
20130211,146.42,146.66,145.3,145.57
20130212,145.89,146.42,145.43,145.75
20130213,145.99,146.52,145.14,146.47
20130214,146.15,147.59,145.69,147.34
20130215,147.29,147.72,146.16,146.51
20130218,146.51,146.51,146.51,146.51
20130219,147.0,149.37,146.9,148.62
20130220,148.35,148.45,145.23,145.42
20130221,144.81,144.95,142.62,143.13
20130222,144.3,146.39,144.26,146.37
20130225,147.26,147.9,142.46,142.46
20130226,143.4,144.28,141.9,143.56
20130227,143.24,146.47,142.84,146.04
20130228,146.05,147.82,145.54,146.23
20130301,145.16,146.77,142.96,146.02
20130304,145.7,147.03,144.63,147.03
20130305,148.26,149.59,147.7,149.15
20130306,149.81,150.41,149.01,150.01
20130307,149.99,150.35,149.02,150.19
20130308,151.0,151.43,149.5,151.17
20130311,150.64,151.07,149.75,150.79
20130312,151.54,151.55,149.4,150.04
20130313,152.0,154.66,150.1,154.49
20130314,154.88,156.1,154.12,155.18
20130315,155.09,155.22,153.58,154.41
20130318,152.94,154.77,151.74,153.74
20130319,153.89,154.78,150.68,151.86
20130320,152.92,154.21,152.15,153.95
20130321,152.31,152.75,150.05,150.44
20130322,151.33,151.67,150.35,151.49
20130325,152.28,152.86,150.52,151.54
20130326,152.21,152.31,150.81,151.56
20130327,150.72,151.63,149.67,151.33
20130328,151.8,153.9,151.11,153.57
20130329,153.57,153.57,153.57,153.57
20130401,153.41,154.48,151.48,152.05
20130402,152.89,153.13,151.76,152.38
20130403,154.57,154.66,149.04,149.59
20130404,150.51,151.41,148.64,149.6
20130405,147.71,147.94,145.76,147.74
20130408,147.6,150.49,147.6,150.34
20130409,150.88,151.91,149.74,151.01
20130410,151.44,154.38,151.26,153.97
20130411,153.91,156.24,153.64,155.51
20130412,155.06,155.2,153.43,153.76
20130415,152.99,153.49,147.7,148.02
20130416,149.94,149.97,146.95,148.04
20130417,146.64,146.69,143.57,145.71
20130418,145.77,146.2,143.23,144.06
20130419,144.75,146.29,142.67,145.81
20130422,146.22,147.02,144.04,146.79
20130423,147.35,150.22,147.12,149.03
20130424,149.31,149.46,147.14,147.55
20130425,148.99,151.29,148.13,150.91
20130426,151.2,152.75,148.85,149.47
20130429,149.86,152.38,149.5,151.81
20130430,152.18,157.02,152.18,155.68
20130501,154.95,155.44,150.64,150.72
20130502,151.31,153.13,150.01,152.39
20130503,154.6,155.78,153.36,153.61
20130506,153.93,156.56,153.62,155.81
20130507,155.99,156.73,155.13,156.73
20130508,156.24,156.75,155.58,156.74
20130509,156.48,158.92,156.38,157.28
20130510,157.44,160.69,157.44,160.49
20130513,159.84,162.86,159.55,161.04
20130514,161.09,165.54,161.03,164.71
20130515,164.28,165.47,163.41,165.38
20130516,165.2,167.03,163.64,164.13
20130517,165.71,167.97,164.78,167.22
20130520,167.08,168.53,166.33,167.24
20130521,167.56,168.32,166.5,167.21
20130522,167.7,168.92,162.76,164.02
20130523,161.68,162.94,159.88,162.62
20130524,161.54,162.04,160.23,161.98
20130527,161.98,161.98,161.98,161.98
20130528,164.09,166.76,164.09,166.49
20130529,166.0,166.58,163.42,164.89
20130530,165.02,167.88,164.83,167.3
20130531,166.52,167.47,163.96,164.0
20130603,163.85,165.07,160.86,163.06
20130604,163.55,166.18,162.25,163.73
20130605,163.26,163.52,159.53,159.59
20130606,158.82,163.08,158.82,163.07
20130607,163.28,166.67,163.05,166.18
20130610,166.56,168.85,165.08,168.5
20130611,165.35,168.44,165.06,165.91
20130612,167.66,168.04,163.98,164.88
20130613,164.49,170.4,163.23,169.85
20130614,169.28,169.72,165.01,165.85
20130617,167.46,170.0,167.36,168.72
20130618,169.31,171.59,169.01,170.04
20130619,169.73,171.26,167.92,168.01
20130620,164.66,165.75,160.91,161.47
20130621,162.55,163.82,158.91,159.74
20130624,157.87,157.87,151.23,154.76
20130625,156.88,157.48,154.27,156.58
20130626,158.83,159.24,156.87,157.68
20130627,158.67,161.13,158.66,161.0
20130628,160.05,163.94,158.41,163.94
20130701,163.5,163.75,161.66,162.14
20130702,162.47,165.98,161.23,163.09
20130703,162.08,162.99,156.61,161.99
20130704,161.99,161.99,161.99,161.99
20130705,165.52,165.77,163.26,165.49
20130708,165.94,167.56,165.14,165.52
20130709,166.76,167.21,164.91,166.41
20130710,166.03,166.88,164.72,165.74
20130711,168.09,171.04,167.55,170.95
20130712,170.92,172.77,170.71,172.46
20130715,173.51,175.77,172.28,175.57
20130716,175.59,176.5,173.99,174.11
20130717,174.72,176.37,173.66,174.98
20130718,175.23,176.77,174.62,176.48
20130719,175.24,176.78,174.45,175.22
20130722,175.48,176.32,175.02,176.14
20130723,176.96,177.12,174.73,175.28
20130724,175.73,176.79,173.06,174.29
20130725,173.3,174.86,172.81,173.93
20130726,172.91,174.74,172.31,174.42
20130729,174.29,175.16,171.66,172.57
20130730,177.5,179.74,176.68,179.06
20130731,178.5,182.0,178.5,180.35
20130801,182.5,186.22,181.57,185.58
20130802,185.29,185.86,183.45,185.74
20130805,185.6,186.72,184.88,186.0
20130806,185.79,186.4,183.87,184.22
20130807,183.82,183.82,180.12,180.2
20130808,181.66,182.64,179.92,180.32
20130809,180.19,181.02,178.65,178.93
20130812,178.06,179.81,176.68,178.08
20130813,177.76,181.7,177.62,180.88
20130814,180.69,182.0,180.02,180.12
20130815,178.94,178.94,174.73,176.05
20130816,176.08,178.01,174.95,175.75
20130819,175.26,177.53,174.78,174.78
20130820,175.19,178.33,174.93,177.11
20130821,175.66,177.05,174.7,175.23
20130822,175.59,178.17,175.52,177.85
20130823,179.03,180.23,176.8,178.91
20130826,179.55,180.55,177.13,177.55
20130827,179.0,179.0,172.56,172.64
20130828,172.56,175.05,171.81,174.21
20130829,173.75,176.43,173.75,174.67
20130830,174.76,175.85,173.31,174.32
20130902,174.32,174.32,174.32,174.32
20130903,177.29,178.82,173.86,175.66
20130904,175.69,179.17,175.45,178.1
20130905,178.56,179.83,177.53,177.82
20130906,178.19,179.67,175.19,176.83
20130909,177.93,180.32,177.93,179.98
20130910,180.37,183.4,180.37,183.31
20130911,183.31,184.32,182.29,183.61
20130912,183.23,184.78,182.49,183.36
20130913,183.36,184.92,182.73,184.44
20130916,187.64,187.72,185.2,185.38
20130917,185.35,186.76,185.24,186.44
20130918,185.93,188.56,185.0,188.22
20130919,187.72,189.43,187.14,187.2
20130920,187.26,188.55,185.11,186.46
20130923,185.59,185.59,183.17,184.25
20130924,184.31,186.19,183.76,184.3
20130925,184.8,184.89,182.89,183.42
20130926,184.0,186.09,183.39,184.82
20130927,183.9,184.45,182.99,183.94
20130930,181.45,183.21,180.79,182.64
20131001,182.93,185.75,182.44,185.0
20131002,184.29,185.86,183.32,185.84
20131003,183.98,187.47,183.11,185.98
20131004,186.39,188.77,184.58,188.5
20131007,181.72,187.31,181.72,185.29
20131008,185.34,186.63,182.52,182.67
20131009,183.64,184.99,181.71,183.51
20131010,186.55,188.15,186.1,187.36
20131011,187.36,188.85,186.28,188.69
20131014,186.64,189.62,185.96,189.08
20131015,188.63,189.69,182.01,187.73
20131016,188.75,190.8,187.72,189.66
20131017,189.23,195.67,189.23,195.41
20131018,196.61,199.47,195.17,198.55
20131021,197.75,199.68,197.0,199.3
20131022,198.26,200.43,197.88,200.05
20131023,199.0,200.8,198.08,200.6
20131024,200.34,202.28,199.51,201.32
20131025,201.82,202.55,200.72,202.54
20131028,202.89,202.89,200.73,201.84
20131029,201.58,202.68,200.72,202.33
20131030,202.51,203.1,198.6,199.03
20131031,198.91,199.98,197.24,197.44
20131101,198.21,199.7,196.42,198.33
20131104,200.0,200.38,197.94,198.3
20131105,199.73,199.73,192.8,193.2
20131106,194.91,199.95,193.83,199.95
20131107,200.04,201.6,194.9,195.1
20131108,195.61,202.8,195.61,202.51
20131111,202.66,202.77,200.48,201.09
20131112,201.05,201.57,198.93,200.76
20131113,198.8,203.07,198.65,202.93
20131114,200.63,201.95,199.87,201.95
20131115,202.43,203.26,201.2,201.65
20131118,202.67,202.67,199.2,199.92
20131119,198.61,199.72,197.17,197.81
20131120,198.03,200.6,197.85,198.94
20131121,200.01,201.53,198.37,200.42
20131122,200.84,201.79,200.2,201.1
20131125,201.49,202.3,200.28,200.89
20131126,200.74,201.93,198.47,200.68
20131127,201.04,201.25,199.34,201.0
20131128,201.0,201.0,201.0,201.0
20131129,201.37,202.1,199.76,200.25
20131202,200.43,203.74,199.34,200.78
20131203,201.15,202.26,198.99,199.72
20131204,199.01,199.92,195.52,198.67
20131205,198.44,198.44,195.89,198.07
20131206,200.29,203.44,199.56,203.02
20131209,203.36,205.8,202.48,205.1
20131210,204.88,205.09,202.75,202.79
20131211,201.93,203.98,198.22,198.96
20131212,199.57,201.86,199.05,199.82
20131213,201.59,203.18,199.92,201.95
20131216,203.07,205.08,202.01,203.86
20131217,203.58,204.46,202.15,203.7
20131218,204.94,209.57,203.02,209.41
20131219,209.0,210.07,208.0,208.17
20131220,208.2,212.27,207.81,210.86
20131223,208.65,214.53,208.65,213.89
20131224,213.72,214.32,212.91,214.01
20131225,214.01,214.01,214.01,214.01
20131226,214.74,216.42,213.95,214.78
20131227,214.59,217.17,214.59,214.88
20131230,214.82,216.11,214.44,214.98
20131231,215.17,217.48,215.17,216.88
20140101,216.88,216.88,216.88,216.88
20140102,215.92,216.69,211.79,213.38
20140103,213.38,215.81,212.47,214.36
20140106,215.3,217.41,212.54,213.46
20140107,215.0,219.39,214.29,216.04
20140108,216.31,217.1,214.07,215.93
20140109,216.25,218.1,214.53,215.28
20140110,216.23,217.46,213.33,214.43
20140113,213.96,214.73,208.25,208.92
20140114,210.24,211.86,208.73,211.41
20140115,211.6,213.78,210.34,213.78
20140116,212.03,213.9,212.03,212.93
20140117,212.62,213.79,211.36,211.97
20140120,211.97,211.97,211.97,211.97
20140121,212.45,214.11,210.8,210.96
20140122,210.25,212.77,210.25,212.0
20140123,209.92,211.34,207.52,208.32
20140124,196.16,205.47,196.16,200.47
20140127,200.82,202.52,196.2,196.66
20140128,199.27,200.56,198.35,200.09
20140129,198.8,199.75,196.1,196.51
20140130,199.37,201.06,198.74,199.26
20140131,197.0,200.8,196.01,199.24
20140203,198.4,200.08,187.21,187.69
20140204,187.0,194.0,180.85,193.58
20140205,192.5,192.67,186.33,187.57
20140206,187.9,189.21,186.93,188.63
20140207,189.11,190.27,185.61,186.65
20140210,185.99,187.05,183.32,187.01
20140211,189.51,190.87,186.95,190.85
20140212,190.97,195.1,190.19,194.76
20140213,194.98,194.98,191.94,194.1
20140214,193.01,193.99,190.12,190.58
20140217,190.58,190.58,190.58,190.58
20140218,191.26,192.41,189.63,189.87
20140219,189.7,191.14,187.12,187.42
20140220,187.51,189.82,186.01,189.3
20140221,190.0,190.54,186.03,186.21
20140224,186.5,191.56,186.19,190.01
20140225,189.99,190.41,188.27,188.66
20140226,188.39,190.04,186.08,186.85
20140227,186.86,188.82,185.99,187.39
20140228,186.89,188.76,186.54,188.05
20140303,186.06,188.14,185.52,187.5
20140304,190.49,194.33,189.57,193.62
20140305,193.62,195.27,192.88,194.62
20140306,194.64,196.7,193.93,195.46
20140307,196.48,197.04,193.78,196.45
20140310,196.59,197.47,194.6,197.02
20140311,196.85,196.85,193.42,193.86
20140312,192.58,195.09,190.99,194.87
20140313,194.71,196.48,188.13,188.23
20140314,188.1,189.56,184.98,185.06
20140317,187.53,189.16,186.45,187.64
20140318,188.09,188.75,185.44,188.05
20140319,188.47,189.36,186.42,187.84
20140320,187.05,192.34,187.04,192.04
20140321,192.73,194.19,189.04,189.71
20140324,190.89,191.62,187.09,187.63
20140325,189.04,189.7,184.28,185.29
20140326,185.72,186.64,181.93,183.08
20140327,183.56,184.24,181.01,181.94
20140328,183.65,191.65,182.41,190.98
20140331,196.4,201.18,194.55,200.05
20140401,203.26,205.99,201.81,205.25
20140402,205.11,206.19,203.54,204.07
20140403,203.9,204.28,200.34,200.94
20140404,202.52,202.52,193.74,194.4
20140407,194.4,195.7,189.82,190.82
20140408,191.92,192.66,189.9,191.19
20140409,192.86,194.22,189.94,192.29
20140410,191.91,192.99,182.01,182.03
20140411,179.29,182.13,177.92,179.3
20140414,181.24,182.6,179.16,181.14
20140415,181.91,183.39,178.13,181.98
20140416,183.64,185.2,182.71,184.95
20140417,185.13,187.41,184.43,186.64
20140418,186.64,186.64,186.64,186.64
20140421,185.27,186.87,184.79,185.26
20140422,185.55,187.48,185.27,186.34
20140423,186.47,187.47,185.43,185.91
20140424,187.76,187.76,184.59,185.69
20140425,185.1,185.52,182.41,182.49
20140428,183.94,183.94,176.85,179.77
20140429,190.13,198.77,189.99,195.11
20140430,194.91,198.76,193.19,198.2
20140501,199.1,199.1,195.52,195.87
20140502,195.66,197.13,194.43,196.96
20140505,195.03,196.08,193.23,195.7
20140506,195.44,195.44,192.38,192.64
20140507,193.63,196.06,190.96,196.04
20140508,195.15,197.7,191.84,192.2
20140509,192.68,192.71,190.01,191.68
20140512,193.05,196.18,192.81,195.68
20140513,195.83,196.18,192.84,193.34
20140514,192.6,193.82,190.3,190.46
20140515,189.3,189.8,183.38,185.89
20140516,186.7,186.73,183.52,185.03
20140519,184.46,188.6,183.55,188.5
20140520,187.72,187.72,183.5,184.37
20140521,185.42,188.46,185.2,186.26
20140522,187.17,190.78,186.5,189.83
20140523,189.77,191.5,189.24,189.85
20140526,189.85,189.85,189.85,189.85
20140527,190.78,191.96,189.56,190.74
20140528,190.78,191.45,186.53,186.53
20140530,188.82,189.6,186.96,188.6
20140602,189.27,190.57,185.73,190.38
20140603,189.45,190.93,188.17,190.7
20140604,190.3,194.01,188.97,193.75
20140605,194.69,198.8,192.79,198.55
20140606,198.81,202.12,197.7,201.58
20140609,200.9,202.29,200.17,201.02
20140610,200.04,200.19,198.63,200.17
20140611,198.89,199.39,197.57,199.26
20140612,198.37,199.92,197.58,197.94
20140613,198.82,198.92,196.29,196.97
20140616,196.97,201.09,196.89,200.92
20140617,199.9,204.88,199.9,203.59
20140618,204.07,204.07,200.67,202.87
20140619,203.73,204.62,200.47,201.73
20140620,202.16,203.67,201.68,203.38
20140623,203.27,204.5,201.75,203.38
20140624,202.21,204.94,201.37,201.56
20140625,201.62,205.34,201.03,203.98
20140626,204.47,204.68,200.22,200.55
20140627,199.69,203.06,199.32,202.45
20140630,201.84,205.93,201.84,205.4
20140701,207.45,208.26,205.16,205.28
20140702,204.88,206.5,204.22,205.77
20140703,206.72,208.94,205.68,208.66
20140704,208.66,208.66,208.66,208.66
20140707,207.9,208.71,206.01,206.65
20140708,206.4,206.83,204.19,205.7
20140709,207.92,208.01,204.7,205.52
20140710,202.03,203.55,200.65,202.82
20140711,202.77,204.61,202.32,203.91
20140714,206.26,206.26,204.12,204.77
20140715,204.46,206.82,203.69,205.06
20140716,206.26,209.47,204.55,205.54
20140718,203.13,206.48,202.52,205.53
20140721,203.85,205.6,203.16,205.22
20140722,206.92,208.6,205.92,207.21
20140723,207.23,209.01,206.36,206.67
20140724,208.22,208.43,206.32,206.81
20140725,205.28,207.33,204.73,205.14
20140728,205.13,207.24,204.49,206.42
20140729,208.88,208.89,202.62,204.08
20140730,208.89,208.89,202.34,205.47
20140731,203.32,204.26,198.7,199.25
20140801,197.83,199.24,193.49,195.58
20140804,196.71,197.53,195.58,196.88
20140805,195.3,196.04,192.52,193.53
20140806,192.59,197.02,192.34,194.78
20140807,196.06,196.65,193.71,194.16
20140808,194.98,196.67,193.07,196.59
20140811,197.29,198.63,196.23,197.47
20140812,196.37,197.89,195.9,196.93
20140813,198.23,198.52,196.74,197.87
20140814,197.86,199.57,197.86,198.86
20140815,199.7,199.78,195.97,197.98
20140818,199.67,201.27,199.63,200.69
20140819,201.33,201.4,199.74,200.02
20140820,199.08,200.52,198.59,200.19
20140821,200.22,201.06,199.77,200.8
20140822,201.15,202.55,199.73,200.84
20140825,202.2,204.43,201.3,204.25
20140826,206.0,214.35,206.0,213.23
20140827,213.98,214.41,210.63,211.3
20140828,210.15,210.92,208.72,210.28
20140829,211.08,212.12,209.33,211.15
20140901,211.15,211.15,211.15,211.15
20140902,212.23,213.15,210.17,211.15
20140903,211.49,213.41,210.76,211.54
20140904,211.65,213.54,209.9,210.8
20140905,210.38,211.27,208.66,211.18
20140908,209.95,212.14,209.95,211.22
20140909,210.8,210.84,207.01,207.71
20140910,208.76,209.54,206.47,206.73
20140911,204.99,206.21,204.59,205.51
20140912,205.91,205.96,204.25,205.78
20140915,205.17,205.17,202.5,204.06
20140916,204.02,205.1,200.94,204.91
20140917,205.35,208.68,204.72,206.94
20140918,208.17,209.89,207.81,209.5
20140919,211.18,211.32,207.17,208.54
20140922,208.35,208.35,204.92,205.36
20140923,204.86,206.51,202.83,202.97
20140924,202.61,204.61,202.26,204.48
20140925,203.59,203.72,200.0,200.38
20140926,201.24,203.03,200.38,201.99
20140929,198.65,201.17,198.11,200.82
20140930,201.29,202.56,200.03,200.36
20141001,200.11,200.33,193.68,195.4
20141002,194.81,197.32,192.55,196.79
20141003,198.49,199.85,197.69,198.77
20141006,199.89,200.89,197.18,198.74
20141007,196.18,197.84,194.54,195.18
20141008,194.51,199.65,193.43,199.58
20141009,197.67,198.37,192.12,193.25
20141010,192.16,193.64,189.69,190.38
20141013,190.1,191.01,185.0,185.36
20141014,186.38,187.16,183.86,184.97
20141015,180.72,181.83,174.42,181.11
20141016,176.47,182.1,175.32,181.26
20141017,183.5,186.27,183.46,185.15
20141020,184.15,186.42,183.44,185.68
20141021,187.05,191.47,186.97,191.4
20141022,191.0,191.0,186.63,186.69
20141023,189.73,191.54,188.88,190.28
20141024,190.12,192.0,188.57,191.58
20141027,191.22,193.93,189.16,193.62
20141028,195.24,197.14,193.71,197.13
20141029,197.95,198.97,195.49,196.99
20141030,195.92,198.07,195.92,196.96
20141031,200.96,201.84,198.42,199.79
20141103,200.0,203.32,192.02,193.17
20141104,192.0,192.83,190.26,191.95
20141105,193.26,193.76,188.52,191.23
20141106,190.79,195.53,190.53,195.2
20141107,195.68,198.19,195.28,196.7
20141110,197.19,199.18,194.76,196.16
20141111,196.53,199.15,196.12,199.07
20141112,198.3,201.0,198.21,200.23
20141113,200.29,201.15,197.78,199.01
20141114,198.74,199.81,196.77,196.94
20141117,196.61,196.61,194.63,195.46
20141118,195.39,198.24,195.39,197.76
20141119,196.82,198.31,195.83,197.95
20141120,196.29,200.16,196.2,198.93
20141121,200.73,202.0,199.6,200.94
20141124,202.06,203.53,200.19,203.32
20141125,203.19,204.03,200.8,203.56
20141126,203.71,204.45,202.37,203.17
20141127,203.17,203.17,203.17,203.17
20141128,203.92,204.38,202.61,203.59
20141201,201.94,203.13,198.75,201.94
20141202,201.61,203.04,200.93,202.13
20141204,203.65,203.65,201.39,202.85
20141205,203.53,206.24,203.12,206.0
20141208,206.58,209.25,205.38,206.29
20141209,203.19,206.31,202.46,206.09
20141210,205.8,206.83,201.69,201.98
20141211,203.34,205.51,201.8,203.82
20141212,202.62,203.0,194.77,194.8
20141215,197.6,198.27,191.86,193.26
20141216,191.4,193.98,189.25,189.53
20141217,191.6,202.94,191.17,202.54
20141218,208.58,212.26,206.0,212.13
20141219,213.65,214.09,208.07,211.16
20141222,212.99,213.8,210.96,213.76
20141223,214.54,216.49,213.97,214.07
20141224,214.11,215.77,212.92,213.8
20141225,213.8,213.8,213.8,213.8
20141226,213.83,215.52,213.56,213.76
20141229,213.5,215.43,212.53,214.19
20141230,214.03,214.92,212.91,213.33
20141231,214.65,215.24,212.11,212.24
20150101,212.24,212.24,212.24,212.24
20150102,213.76,213.76,207.74,210.43
20150105,208.1,208.1,201.75,202.8
20150106,202.73,204.15,196.76,198.43
20150107,201.41,205.41,200.91,203.3
20150108,205.45,206.88,204.3,205.37
20150109,205.24,206.24,201.95,205.34
20150112,205.3,205.3,200.37,201.59
20150113,203.95,206.94,199.24,201.17
20150114,199.12,200.1,194.19,198.04
20150115,198.15,198.39,194.04,194.37
20150116,193.43,195.49,191.36,195.39
20150119,195.39,195.39,195.39,195.39
20150120,197.32,198.9,195.14,197.79
20150121,196.64,202.81,196.46,202.43
20150122,203.83,211.08,202.05,210.59
20150123,210.49,211.19,206.33,206.54
20150126,205.6,210.7,205.38,210.25
20150127,205.0,207.92,200.97,204.85
20150128,207.44,211.44,205.38,205.61
20150129,206.22,207.77,204.45,205.11
20150130,202.41,208.95,202.41,205.52
20150202,204.65,207.28,203.5,207.22
20150203,209.87,211.51,206.75,210.96
20150204,210.0,211.59,208.75,209.52
20150205,210.73,214.18,209.75,212.94
20150206,214.35,215.82,212.64,214.45
20150209,213.55,215.04,211.47,214.75
20150210,217.0,217.88,212.93,213.25
20150211,213.5,214.25,211.75,212.98
20150212,214.17,214.84,213.47,214.56
20150213,214.33,216.38,213.82,215.77
20150216,215.77,215.77,215.77,215.77
20150217,215.28,217.73,215.28,217.33
20150218,216.5,219.22,216.16,216.63
20150219,215.91,218.23,215.54,217.57
20150220,216.7,219.03,215.62,218.31
20150223,218.47,218.47,214.89,215.85
20150224,216.54,219.84,216.54,218.12
20150225,217.28,219.34,217.28,218.43
20150226,217.93,219.57,217.93,219.05
20150227,219.3,220.19,216.31,216.42
20150302,216.81,218.95,216.38,217.99
20150303,218.18,218.79,215.6,217.04
20150304,215.53,215.53,212.66,212.75
20150305,214.05,216.07,212.89,215.81
20150306,214.91,220.06,213.87,214.39
20150309,214.51,215.48,213.21,214.56
20150310,212.35,213.66,208.72,208.91
20150311,208.73,210.55,208.14,209.26
20150312,210.64,213.98,210.64,213.82
20150313,212.76,213.99,209.2,210.86
20150316,211.91,214.12,211.25,213.86
20150317,212.38,213.67,211.68,212.81
20150318,212.39,217.48,211.54,216.42
20150319,216.06,217.15,212.87,213.44
20150320,214.53,219.74,213.36,219.29
20150323,219.75,221.46,219.23,219.23
20150324,217.97,219.9,217.11,217.11
20150325,217.12,217.26,213.62,213.89
20150326,213.09,216.98,211.81,215.14
20150327,214.47,216.02,212.5,213.92
20150330,215.31,218.02,214.44,216.61
20150331,214.77,216.91,214.7,214.78
20150401,215.18,216.45,213.66,214.49
20150402,213.55,215.73,213.02,214.24
20150403,214.24,214.24,214.24,214.24
20150406,212.31,215.95,211.98,215.14
20150407,214.91,216.06,214.17,214.17
20150408,215.22,216.22,214.31,215.74
20150409,215.5,218.86,214.25,218.7
20150410,218.62,219.26,215.65,217.7
20150413,218.55,220.31,216.61,219.1
20150414,218.91,221.16,217.65,219.86
20150415,220.13,221.4,219.27,219.51
20150416,219.08,220.5,217.56,219.93
20150417,217.76,218.92,216.36,218.02
20150420,219.92,220.58,218.14,220.0
20150421,220.47,222.42,219.16,220.24
20150422,220.25,221.39,218.14,221.04
20150423,221.22,222.73,219.83,222.18
20150424,221.57,223.15,220.72,222.35
20150427,223.02,226.02,222.41,222.69
20150428,223.6,228.91,219.24,228.02
20150429,227.03,230.63,225.28,225.4
20150430,225.63,227.89,224.57,226.13
20150504,227.76,228.01,225.49,226.79
20150505,225.9,227.48,222.29,223.71
20150506,223.93,224.03,219.05,220.92
20150507,221.64,222.63,219.98,221.54
20150508,224.61,227.76,222.11,223.47
20150511,223.86,224.94,222.82,223.04
20150512,221.96,222.11,219.49,221.0
20150513,220.83,221.52,219.63,220.96
20150514,222.59,224.26,221.28,223.37
20150515,223.77,224.73,221.1,222.4
20150518,222.2,225.65,222.2,224.8
20150519,225.0,225.42,223.42,224.34
20150520,224.29,226.9,223.06,225.71
20150521,224.77,226.35,224.77,225.46
20150522,225.21,226.31,224.08,224.88
20150525,224.88,224.88,224.88,224.88
20150526,224.9,224.95,222.28,222.63
20150527,223.63,225.06,222.68,224.85
20150528,225.53,225.53,223.47,225.04
20150529,224.8,225.87,223.65,223.66
20150601,224.33,224.82,221.55,223.09
20150602,222.56,225.67,221.46,224.74
20150603,226.0,226.69,224.87,226.07
20150604,224.83,225.77,222.81,223.02
20150605,224.4,225.35,221.66,222.15
20150608,223.02,223.77,219.82,220.21
20150609,220.04,221.62,217.55,218.48
20150610,219.68,224.24,219.38,223.86
20150611,224.85,226.05,223.34,224.15
20150612,223.4,223.4,221.21,221.65
20150615,219.34,221.62,218.81,221.23
20150616,220.58,224.12,220.16,223.82
20150617,224.64,225.69,222.7,223.31
20150618,224.08,225.56,223.32,225.04
20150619,225.35,226.29,223.87,225.13
20150622,226.34,229.1,224.1,227.9
20150623,228.0,229.12,227.5,227.92
20150624,226.77,227.78,225.5,226.42
20150625,226.83,227.62,225.51,225.89
20150626,226.99,227.89,225.5,226.76
20150629,224.05,225.03,218.98,219.27
20150630,221.27,222.45,216.9,218.6
20150701,220.67,221.8,218.63,220.07
20150702,219.48,220.89,217.85,219.25
20150703,219.25,219.25,219.25,219.25
20150706,216.67,217.32,214.37,215.75
20150707,216.1,216.1,209.0,215.65
20150708,213.29,213.78,208.19,208.8
20150709,212.55,214.58,209.24,210.63
20150710,212.88,214.74,211.56,213.82
20150713,215.31,216.96,214.55,216.52
20150714,215.9,217.72,215.48,216.66
20150715,216.89,218.11,216.06,216.73
20150716,218.18,220.58,217.05,219.99
20150717,219.27,220.16,217.11,218.8
20150720,219.4,219.4,217.32,218.24
20150721,218.96,220.35,217.33,217.9
20150722,217.88,219.27,217.12,218.69
20150723,219.07,220.72,215.95,216.25
20150724,215.86,216.71,212.74,213.69
20150727,211.36,211.41,207.75,210.16
20150728,209.0,210.66,206.17,208.02
20150729,207.88,210.57,205.13,210.41
20150730,209.24,209.92,207.24,209.25
20150731,210.17,210.17,206.21,207.9
20150803,207.42,208.85,205.95,208.75
20150804,209.65,211.64,209.17,211.02
20150805,212.51,214.86,211.44,212.08
20150806,212.04,212.56,208.84,209.63
20150807,209.13,209.74,207.46,209.02
20150810,211.11,212.47,211.0,211.83
20150811,209.95,210.19,206.37,207.5
20150812,205.15,206.63,200.08,203.33
20150813,202.99,205.0,201.76,203.53
20150814,204.06,205.73,203.6,205.55
20150817,204.71,205.9,203.62,205.72
20150818,205.31,205.94,203.89,204.91
20150819,204.03,205.14,200.88,201.77
20150820,198.85,201.34,196.69,196.85
20150821,194.81,196.32,190.64,190.72
20150824,179.49,188.66,170.17,182.73
20150826,182.13,184.99,179.1,184.71
20150827,186.58,190.33,185.93,189.07
20150828,187.43,188.85,184.62,187.48
20150831,186.35,189.11,185.27,186.44
20150901,182.23,183.57,178.35,179.21
20150902,180.29,181.97,176.46,178.83
20150903,178.01,180.64,176.43,177.57
20150904,175.78,178.6,172.29,173.25
20150907,173.25,173.25,173.25,173.25
20150908,175.92,180.64,174.68,180.63
20150909,182.0,183.02,177.19,177.61
20150910,176.57,178.95,175.85,176.94
20150911,175.78,178.19,173.69,176.01
20150914,176.09,176.09,173.48,174.64
20150915,174.51,178.2,173.74,177.76
20150916,178.07,181.14,175.96,180.85
20150917,180.5,182.96,179.0,179.52
20150918,177.69,179.01,174.53,175.21
20150921,176.53,178.34,175.12,176.02
20150922,173.39,174.42,170.37,171.85
20150923,172.3,173.02,168.86,169.88
20150924,168.15,170.41,167.04,170.01
20150925,172.11,172.72,169.88,170.59
20150928,168.89,169.05,165.52,165.65
20150929,166.07,167.09,164.54,166.61
20150930,168.74,171.95,168.43,170.99
20151001,171.07,172.23,168.55,170.36
20151002,167.12,170.51,163.5,170.51
20151005,172.24,175.12,171.72,174.33
20151006,173.77,175.58,173.08,174.07
20151007,175.02,177.32,174.61,177.07
20151008,175.72,177.76,173.14,177.05
20151009,177.28,177.58,173.0,177.07
20151012,176.81,177.01,173.87,175.13
20151013,173.89,175.01,170.83,171.01
20151014,171.31,172.93,169.46,170.6
20151015,171.39,175.66,170.69,175.61
20151016,176.65,177.09,175.01,176.7
20151019,175.72,175.89,172.53,172.93
20151020,172.16,174.23,172.16,173.13
20151021,173.87,174.01,168.64,168.75
20151022,169.84,177.1,167.72,176.88
20151023,178.71,181.95,177.08,181.71
20151026,181.35,181.96,179.67,181.02
20151027,179.33,180.68,176.61,178.57
20151028,178.33,183.48,178.31,183.3
20151029,182.95,183.3,178.07,179.87
20151030,179.89,180.91,178.65,180.26
20151102,180.72,185.75,180.72,185.06
20151103,184.32,187.09,183.44,186.75
20151104,186.93,188.49,186.02,186.65
20151105,186.29,188.45,186.23,187.31
20151106,188.4,190.74,186.08,188.97
20151109,187.08,187.08,176.99,177.87
20151110,177.91,180.57,176.01,177.05
20151111,177.94,178.56,176.57,176.78
20151112,175.41,176.78,171.13,171.29
20151113,170.66,171.39,166.6,167.53
20151116,167.47,172.17,166.59,172.07
20151117,172.71,173.27,170.17,170.45
20151118,171.42,176.51,170.45,176.34
20151119,176.48,178.98,175.69,176.71
20151120,177.46,178.74,174.97,175.26
20151123,175.38,177.54,174.59,174.82
20151124,173.4,176.3,172.88,175.54
20151125,175.82,177.2,175.3,176.18
20151126,176.18,176.18,176.18,176.18
20151127,176.5,177.37,175.06,176.69
20151130,177.03,178.38,176.02,177.23
20151201,177.67,180.01,177.1,179.87
20151202,179.65,179.85,175.23,175.73
20151203,177.1,177.73,169.42,170.65
20151204,171.2,175.69,171.19,175.52
20151207,175.01,175.25,171.47,172.6
20151208,170.9,171.44,168.14,169.05
20151209,168.52,170.75,165.96,166.6
20151210,166.32,168.32,165.83,165.86
20151211,163.0,163.89,152.4,152.76
20151214,153.24,153.98,141.68,144.01
20151215,145.0,153.06,145.0,152.24
20151216,154.0,159.33,152.75,159.08
20151217,159.24,161.04,155.24,157.73
20151218,155.41,156.16,152.33,153.75
20151221,154.56,156.2,153.03,154.23
20151222,155.29,158.39,153.71,157.92
20151223,159.64,162.91,158.11,162.65
20151224,162.53,164.3,162.05,163.1
20151225,163.1,163.1,163.1,163.1
20151228,161.67,163.38,160.76,163.25
20151229,164.8,166.32,161.75,162.66
20151230,161.97,163.26,160.28,160.74
20151231,159.64,162.17,157.81,159.76
20160101,159.76,159.76,159.76,159.76
20160104,155.11,156.24,153.26,155.99
20160105,157.19,158.21,153.07,154.73
20160106,151.54,151.54,147.0,147.93
20160107,143.93,144.07,138.24,139.0
20160108,140.53,140.93,134.04,134.23
20160111,135.57,136.93,132.24,135.84
20160112,136.94,137.41,134.3,136.37
20160113,137.06,138.0,130.0,131.16
20160114,131.99,133.66,128.38,131.82
20160115,128.22,129.73,124.41,128.2
20160118,128.2,128.2,128.2,128.2
20160119,129.92,131.87,126.7,128.61
20160120,125.49,128.0,120.68,126.57
20160121,127.18,131.33,126.0,127.44
20160122,131.07,134.98,130.35,134.53
20160125,134.17,134.89,127.56,128.18
20160126,126.88,132.23,126.86,131.4
20160127,131.17,134.71,130.11,131.1
20160128,132.64,133.39,128.26,128.78
20160129,130.26,134.34,129.98,134.19
20160201,132.83,133.21,129.54,132.2
20160202,125.99,127.7,121.72,122.6
20160203,123.51,123.51,117.29,122.4
20160204,123.33,130.65,122.15,128.66
20160205,128.55,129.96,124.16,124.75
20160208,121.58,121.98,117.12,120.36
20160209,117.69,120.76,117.1,119.94
20160210,120.69,123.65,120.26,120.99
20160211,116.46,120.07,115.97,117.8
20160212,120.47,125.2,119.12,124.42
20160215,124.42,124.42,124.42,124.42
20160216,126.83,127.92,125.36,126.62
20160217,128.84,132.39,128.84,130.6
20160218,130.76,130.99,127.59,129.2
20160219,128.04,129.63,125.87,129.54
20160222,132.08,135.27,132.08,134.99
20160223,134.43,134.77,129.0,129.17
20160224,126.56,129.49,124.64,128.93
20160225,129.29,130.36,126.42,130.3
20160226,133.06,137.3,132.18,136.93
20160229,137.38,139.96,137.02,138.69
20160301,140.48,145.15,139.76,144.18
20160302,144.05,145.28,142.29,145.19
20160303,144.86,150.18,144.14,150.01
20160304,151.13,154.35,149.28,153.22
20160307,151.16,152.34,149.88,151.58
20160308,149.9,150.8,147.17,147.33
20160309,149.16,149.16,145.73,148.27
20160310,149.87,150.04,143.24,145.9
20160311,149.97,154.11,147.75,153.66
20160314,152.2,152.56,148.5,151.62
20160315,149.73,150.44,146.3,148.25
20160316,146.91,153.42,146.91,152.92
20160317,152.74,161.56,152.74,159.94
20160318,160.81,163.93,158.51,160.0
20160321,161.0,163.07,158.28,162.38
20160322,160.2,161.9,158.76,161.49
20160323,161.37,161.37,158.84,158.98
20160324,156.66,157.55,154.6,157.43
20160325,157.43,157.43,157.43,157.43
20160328,158.03,158.03,155.47,156.53
20160329,155.36,160.74,154.44,160.33
20160330,161.49,165.1,160.97,163.05
20160331,162.31,163.9,161.79,162.4
20160401,160.95,164.11,160.1,163.89
20160404,164.16,164.17,160.09,160.62
20160405,158.88,160.69,157.16,159.24
20160406,159.6,161.65,158.72,160.7
20160407,158.67,159.75,154.71,156.0
20160408,158.19,158.36,156.16,157.28
20160411,159.11,161.99,158.26,159.14
20160412,159.89,164.71,158.52,164.15
20160413,166.2,170.71,165.33,170.49
20160414,170.56,173.72,169.91,171.82
20160415,171.6,171.71,169.21,169.99
20160418,168.45,170.88,168.41,170.25
20160419,171.18,172.96,170.58,172.68
20160420,173.89,175.67,171.77,175.18
20160421,174.92,176.16,173.12,174.91
20160422,175.31,178.45,173.5,177.75
20160425,177.33,178.67,173.2,174.93
20160426,177.02,178.34,175.53,177.46
20160427,177.0,179.85,176.17,179.01
20160428,175.45,177.87,173.1,173.77
20160429,173.0,173.57,168.65,170.32
20160502,170.29,172.83,167.26,171.85
20160503,168.5,168.92,163.06,166.24
20160504,163.66,165.94,160.25,162.45
20160505,162.86,163.29,159.98,162.62
20160506,161.37,164.8,160.59,163.61
20160509,163.28,164.68,161.85,161.94
20160510,163.61,167.72,162.86,167.58
20160511,166.61,168.52,165.23,165.42
20160512,166.81,169.24,165.33,168.34
20160513,167.53,169.34,162.6,162.92
20160516,163.48,165.17,162.95,163.87
20160517,162.94,166.04,161.66,162.51
20160518,162.32,165.86,162.32,165.22
20160519,163.14,165.27,160.56,161.75
20160520,163.34,167.01,162.36,165.35
20160523,164.76,166.13,164.33,164.89
20160524,166.16,171.63,166.16,170.66
20160525,171.97,173.03,171.12,171.64
20160526,171.81,171.82,169.79,170.3
20160527,170.08,172.55,170.08,172.48
20160530,172.48,172.48,172.48,172.48
20160531,173.62,174.71,172.22,173.52
20160601,172.37,173.07,168.81,172.72
20160602,171.61,172.35,170.24,172.33
20160603,170.32,171.87,167.27,171.52
20160606,173.92,177.76,173.2,175.48
20160607,172.93,174.58,171.0,171.73
20160608,172.57,174.0,169.19,170.94
20160609,169.08,169.18,164.7,166.51
20160610,163.46,163.84,159.41,159.68
20160613,159.16,159.64,156.79,156.99
20160614,156.17,157.28,152.45,154.17
20160615,155.16,157.09,153.67,153.84
20160616,151.92,152.27,149.75,151.99
20160617,152.24,153.48,150.79,151.72
20160620,154.15,156.69,153.18,153.23
20160621,154.18,154.6,152.75,153.21
20160622,153.2,156.15,152.81,154.37
20160623,157.5,159.65,156.84,159.56
20160624,148.22,150.84,140.91,141.1
20160627,137.13,137.28,131.16,132.73
20160628,135.7,138.62,134.45,136.54
20160629,139.91,140.13,137.7,140.02
20160630,140.08,141.26,138.38,140.77
20160701,140.44,140.89,137.13,138.47
20160704,138.47,138.47,138.47,138.47
20160705,136.88,136.88,133.21,134.19
20160706,132.77,133.36,131.02,132.45
20160707,132.71,135.52,131.73,134.36
20160708,137.42,139.13,136.73,138.85
20160711,140.3,142.74,139.67,139.97
20160712,141.89,144.53,141.74,143.74
20160713,143.57,143.98,141.8,142.92
20160714,146.8,147.4,144.23,144.23
20160715,145.23,145.47,142.68,144.64
20160718,145.58,146.87,144.63,146.42
20160719,145.14,146.32,144.6,145.98
20160720,146.91,147.12,144.91,146.61
20160721,146.09,147.43,145.82,145.94
20160722,146.23,146.36,145.0,145.73
20160725,145.45,145.73,143.91,144.4
20160726,144.58,145.51,142.65,144.94
20160727,145.28,146.62,145.09,145.84
20160728,145.48,146.78,144.39,146.32
20160729,145.79,148.15,144.84,146.78
20160801,144.25,146.46,139.45,144.49
20160802,143.81,144.61,140.41,141.03
20160803,141.2,144.35,140.45,143.63
20160804,143.22,143.95,141.33,142.22
20160805,143.88,146.58,143.88,146.28
20160808,147.0,148.37,144.58,144.82
20160809,145.23,145.23,143.1,144.03
20160810,144.33,144.99,143.01,143.47
20160811,144.36,144.65,143.58,143.81
20160812,142.73,143.46,141.77,143.13
20160815,143.95,144.52,143.31,143.88
20160816,143.43,143.43,141.21,141.26
20160817,141.17,142.11,140.91,141.8
20160818,141.52,142.92,141.34,141.75
20160819,141.16,142.17,140.45,141.73
20160822,141.32,141.32,140.0,140.72
20160823,141.82,144.39,141.17,143.65
20160824,143.55,144.06,140.96,141.21
20160825,140.57,142.04,139.32,140.34
20160826,141.03,142.68,140.47,142.49
20160829,142.78,144.29,142.18,142.37
20160830,142.61,143.89,142.47,143.75
20160831,144.11,144.54,141.42,142.05
20160901,142.33,142.61,138.26,139.81
20160902,140.61,141.03,139.59,140.45
20160905,140.45,140.45,140.45,140.45
20160906,140.8,142.34,139.88,141.81
20160907,141.77,147.91,141.77,147.71
20160908,147.56,148.7,145.96,147.53
20160909,146.17,147.31,144.01,144.01
20160912,142.33,148.2,142.08,147.68
20160913,145.2,146.32,143.98,144.76
20160914,144.38,145.06,142.68,143.91
20160915,143.81,147.31,143.81,146.74
20160916,145.53,146.5,143.92,144.55
20160919,145.22,148.64,144.15,145.19
20160920,146.76,146.76,142.76,142.85
20160921,143.59,145.05,142.51,144.63
20160922,146.41,147.71,145.28,147.29
20160923,146.18,147.29,144.37,144.43
20160926,142.67,143.94,140.75,141.16
20160927,140.0,142.1,139.43,141.72
20160928,142.6,143.84,141.87,143.66
20160929,142.96,145.1,140.42,140.61
20160930,142.71,145.27,141.29,144.7
20161003,144.19,147.15,143.94,146.4
20161004,146.66,148.5,146.28,147.07
20161005,147.5,153.16,147.5,152.79
20161006,153.15,154.68,152.15,154.44
20161007,154.0,154.26,151.86,153.06
20161010,154.41,154.86,151.27,151.27
20161011,150.87,150.87,145.95,146.64
20161012,146.76,147.7,145.61,145.81
20161013,143.35,143.48,140.36,142.63
20161014,144.74,145.6,141.62,142.34
20161017,142.76,142.86,139.66,139.82
20161018,142.11,142.41,140.11,141.39
20161019,141.87,142.61,141.1,141.78
20161020,141.37,142.84,140.45,140.98
20161021,139.26,141.49,138.92,141.37
20161024,143.07,144.16,142.45,142.71
20161025,142.46,143.41,140.83,141.77
20161026,140.65,142.31,140.14,140.98
20161027,142.22,142.22,137.97,138.92
20161028,139.07,139.68,135.22,137.84
20161031,139.8,139.9,132.52,132.66
20161101,133.13,135.18,131.94,134.34
20161102,133.4,133.92,130.63,131.57
20161103,131.82,133.71,131.46,132.86
20161104,132.15,133.86,131.59,132.29
20161107,135.8,137.57,132.34,133.03
20161108,132.47,132.68,130.48,131.75
20161109,131.86,140.05,131.77,139.32
20161110,140.94,152.52,140.94,147.73
20161111,146.54,147.9,142.37,144.33
20161114,147.11,149.13,142.65,143.44
20161115,142.69,143.38,139.15,142.78
20161116,141.61,143.52,139.87,142.93
20161117,142.95,144.2,141.44,142.6
20161118,142.5,142.7,140.43,140.63
20161121,141.56,143.74,141.19,143.55
20161122,143.94,145.53,143.41,145.38
20161123,145.38,147.6,144.13,147.2
20161124,147.2,147.2,147.2,147.2
20161125,147.22,149.99,147.22,148.59
20161128,147.42,147.85,145.54,146.43
20161129,146.5,147.39,144.49,145.0
20161130,147.1,148.66,146.8,148.1
20161201,149.01,151.09,148.22,148.44
20161202,148.3,148.81,146.42,147.08
20161205,149.21,151.1,149.03,149.99
20161206,150.76,153.74,150.1,153.6
20161207,153.21,158.5,153.12,157.81
20161208,159.11,162.42,157.03,161.38
20161209,161.46,162.55,160.41,161.11
20161212,160.61,162.85,158.31,158.38
20161213,158.95,161.25,158.55,160.73
20161214,159.29,160.6,154.55,154.82
20161215,155.46,157.22,151.0,151.39
20161216,151.07,153.02,148.3,148.49
20161219,147.64,149.1,145.02,146.25
20161220,147.72,148.27,146.04,146.98
20161221,146.71,148.09,144.69,147.3
20161222,147.37,147.9,145.2,145.88
20161223,145.75,145.89,143.12,143.98
20161226,143.98,143.98,143.98,143.98
20161227,144.66,145.41,144.11,145.05
20161228,145.0,145.12,142.96,143.67
20161229,143.5,145.4,143.04,143.93
20161230,144.94,146.21,144.37,145.3
20170102,145.3,145.3,145.3,145.3
20170103,147.72,148.95,144.4,145.79
20170104,145.93,149.94,145.49,149.41
20170105,149.05,149.97,145.54,147.58
20170106,148.1,148.8,146.19,147.25
20170109,145.78,147.0,143.03,143.43
20170110,143.43,144.16,142.53,143.27
20170111,143.2,145.25,142.75,145.22
20170112,144.28,144.6,140.85,143.58
20170113,144.33,146.43,143.26,143.53
20170116,143.53,143.53,143.53,143.53
20170117,142.72,143.52,141.21,141.39
20170118,141.72,142.08,139.52,142.03
20170119,142.2,143.22,140.75,141.34
20170120,142.1,143.68,142.1,143.49
20170123,142.79,143.78,141.58,142.86
20170124,143.85,146.16,143.4,144.86
20170125,145.96,146.36,144.12,145.7
20170126,146.49,146.49,143.42,144.47
20170127,144.06,144.75,142.2,144.45
20170130,144.18,151.82,143.07,151.32
20170131,152.23,153.59,150.2,152.36
20170201,153.58,157.12,152.21,156.58
20170202,155.13,157.03,154.23,154.96
20170203,157.9,158.9,156.6,158.13
20170206,157.0,159.24,157.0,157.65
20170207,158.97,161.11,158.71,160.54
20170208,160.06,161.7,159.12,161.49
20170209,162.72,164.3,161.19,163.86
20170210,165.0,168.17,164.07,167.62
20170213,168.5,168.91,166.68,167.32
20170214,166.54,167.94,166.26,167.68
20170215,168.0,170.7,167.8,170.33
20170216,170.47,170.7,167.34,167.9
20170217,166.32,169.33,165.63,168.42
20170220,168.42,168.42,168.42,168.42
20170221,168.75,171.18,168.75,170.91
20170222,169.67,170.84,168.76,169.42
20170223,169.87,170.35,167.89,169.26
20170224,167.98,168.49,166.05,168.03
20170227,167.93,169.59,167.03,168.96
20170228,168.27,169.22,166.41,167.93
20170301,171.11,171.65,168.74,169.31
20170302,169.65,169.95,167.15,168.2
20170303,168.52,170.29,168.07,168.75
20170306,166.8,168.57,166.33,167.19
20170307,166.56,167.85,165.73,166.56
20170308,167.93,169.61,166.15,166.35
20170309,167.24,167.9,164.24,165.3
20170310,166.66,166.92,163.66,163.9
20170313,164.0,164.38,162.28,163.8
20170314,163.06,164.63,161.39,164.29
20170315,165.54,166.81,163.55,165.86
20170316,166.82,168.49,165.8,166.0
20170317,166.47,166.47,162.47,162.81
20170320,162.94,163.64,160.8,162.03
20170321,163.52,163.52,158.45,159.29
20170322,158.59,160.24,157.48,159.22
20170323,159.29,161.14,158.1,158.89
20170324,159.4,160.91,157.98,158.86
20170327,155.88,159.24,155.27,159.0
20170328,158.83,164.85,158.17,163.7
20170329,162.86,163.66,160.62,162.87
20170330,162.48,164.39,162.04,163.94
20170331,163.29,164.93,162.84,163.94
20170403,164.24,164.98,161.12,162.97
20170404,161.86,163.2,159.38,160.09
20170405,161.31,162.68,158.84,159.2
20170406,159.35,161.76,158.73,160.63
20170407,159.47,161.91,159.47,160.81
20170410,160.46,161.99,159.77,161.19
20170411,160.62,162.67,159.18,162.62
20170412,163.17,163.42,161.19,162.25
20170413,161.44,163.77,160.66,161.28
20170414,161.28,161.28,161.28,161.28
20170417,161.47,164.14,161.47,163.94
20170418,162.4,163.4,160.32,161.79
20170419,163.12,164.31,162.27,162.77
20170420,163.92,165.0,162.39,164.58
20170421,164.18,164.99,162.95,163.31
20170424,167.11,167.26,164.76,166.45
20170425,166.87,168.59,164.68,166.12
20170426,166.18,167.62,165.79,165.93
20170427,166.63,166.63,163.97,165.67
20170428,165.53,166.39,163.99,165.59
20170501,162.0,162.5,155.21,155.84
20170502,155.23,157.12,152.67,154.79
20170503,154.05,155.85,152.94,155.31
20170504,155.37,157.2,154.33,155.43
20170505,156.04,156.31,154.33,154.71
20170508,154.83,155.34,152.81,154.04
20170509,153.37,154.63,152.34,154.0
20170510,154.0,154.21,152.98,154.04
20170511,153.05,153.8,150.52,152.42
20170512,152.05,154.03,151.88,153.58
20170515,154.04,155.38,154.01,154.75
20170516,154.9,154.9,152.97,154.55
20170517,152.22,153.18,150.45,151.08
20170518,150.9,151.73,148.81,149.51
20170519,149.61,153.11,149.08,152.69
20170522,153.27,154.74,152.35,153.98
20170523,153.91,153.91,151.97,152.66
20170524,152.68,153.1,151.39,152.5
20170525,153.41,154.26,152.63,154.0
20170526,153.6,154.57,153.16,153.92
20170529,153.92,153.92,153.92,153.92
20170530,153.52,154.25,152.8,153.02
20170531,153.33,154.14,152.16,153.85
20170601,154.24,161.71,153.71,160.34
20170602,160.01,161.63,159.16,161.0
20170605,159.37,165.97,159.37,161.99
20170606,160.67,161.7,158.57,159.85
20170607,160.27,161.01,159.07,160.51
20170608,160.44,162.1,159.5,159.77
20170609,160.98,163.01,159.85,162.49
20170612,162.29,163.5,159.78,162.15
20170613,162.7,162.89,159.92,161.85
20170614,161.18,163.44,160.13,163.25
20170615,161.77,163.63,161.09,163.0
20170616,163.35,164.93,162.18,164.25
20170619,165.29,166.54,163.68,166.37
20170620,166.13,166.48,165.11,165.62
20170621,165.77,165.77,161.07,161.86
20170622,161.22,163.26,159.29,162.05
20170623,162.36,162.99,160.34,161.27
20170626,162.34,165.0,161.52,162.36
20170627,163.33,163.9,161.71,162.71
20170628,164.12,166.95,163.29,165.94
20170629,168.39,169.16,164.11,165.01
20170630,166.1,167.6,165.79,165.86
20170703,167.47,169.98,167.38,168.32
20170704,168.32,168.32,168.32,168.32
20170705,169.23,171.59,168.09,170.29
20170706,169.92,170.48,166.03,166.18
20170707,167.16,170.81,167.16,169.87
20170710,169.69,174.03,169.0,172.71
20170711,172.91,173.44,170.32,171.65
20170712,172.29,174.78,171.71,174.03
20170713,174.47,175.6,172.78,175.15
20170714,174.55,176.11,174.345,175.53
20170717,175.99,176.74,175.54,176.3
20170718,175.88,177.54,175.08,176.99
20170719,177.41,177.855,176.71,176.99
20170720,177.7,179.81,177.28,177.91
20170721,177.75,179.08,176.79,178.35
20170724,178.0,180.17,178.0,179.05
20170725,180.97,182.67,179.84,181.46
20170726,181.57,182.66,180.34,181.59
20170727,184.22,184.71,177.63,178.84
20170728,178.37,180.61,177.01,178.65
20170731,178.95,186.455,177.03,185.83
20170801,187.08,187.08,184.82,185.98
20170802,185.08,185.795,180.12,180.67
20170803,180.65,181.0,179.0,180.18
20170804,181.19,181.87,179.08,180.64
20170807,180.63,182.1,179.365,180.63
20170808,180.52,183.05,180.25,181.56
20170809,180.52,180.81,179.09,180.53
20170810,178.82,180.0,175.15,175.42
20170811,176.02,177.805,174.14,175.23
20170814,177.59,179.79,177.23,178.39
20170815,179.11,179.48,177.81,178.9
20170816,180.1,181.32,178.075,178.39
20170817,177.43,177.6,172.82,173.0
20170818,172.61,174.23,171.59,172.84
20170821,172.82,172.82,171.07,172.05
20170822,172.83,175.61,172.75,175.4
20170823,174.29,175.55,173.67,174.19
20170824,174.9,175.26,172.66,174.73
20170825,175.6,176.91,174.01,174.88
20170828,175.9,175.9,173.14,173.99
20170829,172.25,174.26,171.26,173.88
20170830,173.87,174.81,173.36,174.04
20170831,174.93,177.06,174.305,176.69
20170901,177.31,178.5,176.56,177.11
20170904,177.11,177.11,177.11,177.11
20170905,176.03,178.07,173.265,174.41
20170906,175.72,176.045,172.81,172.99
20170907,173.32,173.67,169.76,172.69
20170908,172.69,173.665,171.56,173.31
20170911,175.62,177.89,174.86,177.25
20170912,178.27,179.6,177.71,178.83
20170913,178.27,178.53,176.745,177.25
20170914,177.21,178.63,175.78,178.57
20170915,178.43,180.455,178.43,179.87
20170918,180.01,182.78,180.01,182.61
20170919,182.9,182.9,181.01,182.4
20170920,182.79,183.31,181.89,183.16
20170921,183.38,185.195,183.0,184.18
20170922,184.15,185.07,182.36,184.97
20170925,184.69,187.03,184.62,186.79
20170926,187.01,187.5,185.67,185.79
20170927,186.92,189.86,186.78,188.45
20170928,188.28,189.835,187.5,189.39
20170929,188.71,191.98,188.26,189.83
20171002,190.02,193.085,188.94,192.6
20171003,192.0,193.725,190.01,192.87
20171004,193.79,195.81,193.185,195.08
20171005,195.34,196.77,194.6,195.22
20171006,195.28,195.8,193.12,194.62
20171009,195.25,196.0,193.54,194.12
20171010,194.91,195.49,193.0,195.22
20171011,195.27,195.66,194.0,194.56
20171012,194.25,195.75,192.78,193.76
20171013,193.79,195.87,192.49,193.55
20171016,194.16,195.96,194.16,195.3
20171017,195.57,195.76,193.39,193.79
20171018,193.85,196.18,193.735,195.46
20171019,194.13,196.32,193.42,195.72
20171020,198.18,198.305,195.99,197.54
20171023,197.6,198.395,195.41,195.85
20171024,196.7,197.13,194.87,195.59
20171025,195.72,196.81,187.68,189.19
20171026,189.74,191.23,188.91,190.99
20171027,191.24,191.9,189.46,190.68
20171030,187.85,188.5,183.86,185.5
20171031,184.67,187.59,184.25,186.5
20171101,187.85,188.57,185.68,186.11
20171102,185.67,186.98,183.89,185.34
20171103,184.57,185.56,183.455,185.35
20171106,185.33,186.97,184.67,186.06
20171107,186.06,187.79,184.49,185.54
20171108,185.07,186.5,184.18,185.95
20171109,185.01,186.63,184.01,185.11
20171110,185.55,186.58,183.6,184.36
20171113,182.29,183.35,181.33,182.86
20171114,181.82,183.36,180.42,183.15
20171115,180.92,185.23,178.87,184.77
20171116,186.0,187.15,185.05,185.49
20171117,184.54,187.57,184.1,186.09
20171120,186.87,188.35,186.15,186.68
20171121,187.88,190.35,187.005,190.33
20171122,190.54,190.945,189.87,189.99
20171123,189.99,189.99,189.99,189.99
20171124,190.78,190.82,189.09,190.37
20171127,190.35,193.05,190.35,192.68
20171128,193.48,196.83,191.74,196.63
20171129,197.73,200.51,196.94,198.63
20171130,199.0,202.092,197.795,198.67
20171201,199.3,199.3,190.91,197.85
20171204,199.75,200.795,196.89,197.36
20171205,198.14,198.8,195.5,197.01
20171206,197.13,199.69,196.52,197.99
20171207,197.9,200.07,196.875,198.21
20171208,198.84,200.55,198.11,200.43
20171211,200.44,200.52,197.39,198.0
20171212,198.22,198.8,196.35,196.75
20171213,197.5,198.39,195.64,195.72
20171214,195.99,196.82,194.06,194.19
20171215,194.94,199.76,194.94,198.64
20171218,200.91,202.05,199.07,201.37
20171219,202.7,203.35,201.54,202.2
20171220,203.98,204.96,201.87,202.59
20171221,203.28,203.92,201.7,201.88
20171222,203.2,204.89,202.14,204.2
20171225,204.2,204.2,204.2,204.2
20171226,203.98,204.61,203.01,204.06
20171227,204.59,205.62,203.72,204.67
20171228,204.52,206.75,204.32,206.51
20171229,207.32,207.67,205.17,205.25
20180101,205.25,205.25,205.25,205.25
20180102,206.52,206.52,202.5,203.04
20180103,204.22,204.97,200.19,202.12
20180104,202.58,203.73,198.24,198.54
20180105,198.94,199.71,197.77,199.47
20180108,199.4,200.97,198.61,200.53
20180109,200.61,202.86,199.68,200.27
20180110,200.39,201.985,196.99,198.38
20180111,198.64,200.72,198.0,200.72
20180112,201.75,203.12,200.44,202.8
20180115,202.8,202.8,202.8,202.8
20180116,204.84,206.07,201.51,203.01
20180117,204.41,208.5,202.92,207.68
20180118,207.99,208.24,204.99,205.32
20180119,206.76,213.86,206.76,212.0
20180122,211.66,214.0,209.52,213.97
20180123,213.84,214.53,211.97,212.92
20180124,214.27,214.29,210.11,211.45
20180125,212.0,212.0,209.4,211.0
20180126,211.31,216.995,211.13,215.76
20180129,206.15,212.84,203.56,209.21
20180130,208.25,209.25,201.89,203.22
20180131,203.84,203.84,197.355,199.63
20180201,198.39,202.43,196.69,201.76
20180202,199.86,200.52,195.29,197.11
20180205,194.65,197.645,186.6,188.5
20180206,182.0,191.18,181.01,190.7
20180207,188.61,191.35,186.67,187.87
20180208,187.32,187.91,178.92,179.11
20180209,181.96,182.07,173.93,180.24
20180212,181.6,184.21,179.48,181.19
20180213,180.64,182.49,178.64,181.93
20180214,180.53,189.62,179.9,189.45
20180215,190.76,192.91,188.04,190.29
20180216,189.57,192.8,188.86,191.79
20180219,191.79,191.79,191.79,191.79
20180220,190.35,192.335,186.84,187.3
20180221,187.83,194.05,186.67,189.03
20180222,189.96,191.35,186.57,186.83
20180223,188.0,190.01,187.22,190.01
20180226,190.74,195.1,189.78,194.86
20180227,194.06,195.38,190.09,190.25
20180228,190.94,192.66,189.25,189.36
20180301,189.17,189.93,184.63,185.37
20180302,183.85,188.15,182.33,187.48
20180305,185.2,189.35,184.88,188.16
20180306,188.72,191.84,187.16,191.8
20180307,189.43,190.68,187.34,190.1
20180308,191.37,191.7,188.4,191.54
20180309,193.27,196.25,192.265,196.11
20180312,195.55,197.03,193.63,194.73
20180313,195.97,196.9,194.11,194.95
20180314,196.23,196.6,192.815,193.46
20180315,193.46,194.26,189.55,190.46
20180316,190.57,194.17,190.29,192.4
20180319,192.44,193.615,188.2,190.66
20180320,191.27,191.27,187.95,189.25
20180321,189.57,194.9,188.44,192.26
20180322,189.59,190.955,184.03,185.17
20180323,185.69,186.47,180.615,180.92
20180326,184.97,189.03,182.51,188.6
20180327,189.77,189.77,183.915,185.23
20180328,185.87,186.5,183.55,185.0
20180329,186.26,190.82,185.3,189.58
20180330,189.58,189.58,189.58,189.58
20180402,187.53,187.53,178.02,180.43
20180403,181.64,183.22,178.94,181.44
20180404,177.21,184.45,176.42,183.93
20180405,184.21,185.0,181.3,182.01
20180406,179.62,180.69,174.37,176.44
20180409,177.52,179.64,174.61,174.68
20180410,178.52,179.07,175.62,176.28
20180411,172.74,174.21,170.73,170.82
20180412,171.99,174.8,171.23,173.31
20180413,174.63,174.95,168.17,169.25
20180416,171.04,173.63,170.49,171.36
20180417,172.99,174.05,171.955,172.93
20180418,173.42,174.39,171.38,171.38
20180419,171.39,173.24,171.175,172.58
20180420,172.8,174.5,170.05,171.38
20180423,171.72,173.725,170.5,170.82
20180424,172.37,172.65,167.89,168.96
20180425,168.91,170.07,168.095,168.99
20180426,169.3,170.25,167.61,170.08
20180427,170.0,170.56,168.8,170.0
20180430,161.23,170.73,160.31,164.86
20180501,164.03,166.03,161.53,164.13
20180502,164.08,164.905,160.83,161.09
20180503,160.19,160.8,156.19,160.07
20180504,158.86,163.36,158.86,161.72
20180507,162.66,163.95,160.95,162.45
20180508,162.27,164.69,161.71,163.28
20180509,163.68,164.9,161.875,163.53
20180510,163.91,165.73,162.97,164.7
20180511,165.1,165.89,164.3,164.76
20180514,165.49,166.92,164.96,165.86
20180515,165.03,166.6,164.73,166.56
20180516,166.2,168.75,166.2,167.33
20180517,167.46,169.64,166.2,169.25
20180518,169.05,169.54,167.66,167.71
20180521,168.77,169.885,166.7,166.82
20180522,167.05,168.12,165.99,167.43
20180523,166.49,167.0,163.4,164.96
20180524,164.21,164.68,161.94,163.96
20180525,163.31,164.1,161.31,163.33
20180528,163.33,163.33,163.33,163.33
20180529,161.56,162.12,155.69,157.23
20180530,158.59,160.99,158.09,160.86
20180531,160.43,161.4,158.22,159.26
20180601,161.06,162.58,160.64,161.23
20180604,161.94,162.92,161.39,162.28
20180605,162.05,163.84,160.63,163.32
20180606,164.25,168.04,164.05,166.9
20180607,168.0,168.19,164.31,165.17
20180608,164.98,165.1,163.58,165.05
20180611,165.27,166.62,163.76,163.76
20180612,164.19,165.24,162.14,162.18
20180613,162.25,162.9,155.94,156.0
20180614,156.54,157.06,155.04,155.51
20180615,154.28,157.09,153.895,155.81
20180618,154.96,155.79,152.71,153.0
20180619,151.42,155.03,150.55,154.0
20180620,154.71,155.49,152.625,152.73
20180621,152.73,153.75,151.68,153.43
20180622,154.27,155.26,153.64,154.62
20180625,153.6,154.3,152.02,153.57
20180626,153.27,153.88,151.1,151.72
20180627,151.35,152.54,149.57,149.8
20180628,149.75,151.65,149.045,151.43
20180629,152.49,152.63,148.64,148.67
20180702,147.18,149.04,145.0,148.9
20180703,150.04,150.38,147.04,147.23
20180704,147.23,147.23,147.23,147.23
20180705,148.67,150.35,146.44,148.02
20180706,147.71,149.28,147.71,148.06
20180709,149.16,151.41,147.82,150.9
20180710,151.07,152.6,149.855,152.43
20180711,151.34,151.34,149.37,150.32
20180712,151.62,151.62,149.09,149.16
20180713,148.74,149.42,147.86,148.48
20180716,148.54,149.0,147.66,148.62
20180717,148.49,149.47,148.37,148.49
20180718,149.34,151.34,148.87,151.25
20180719,149.6,151.06,148.48,149.31
20180720,148.53,149.68,147.41,148.84
20180723,148.44,150.6,147.725,150.11
20180724,151.1,152.71,150.77,151.68
20180725,151.78,151.78,149.7,150.91
20180726,151.24,152.25,149.2,151.71
20180727,151.47,152.27,150.24,151.05
20180730,152.385,160.465,152.385,158.72
20180731,161.36,163.55,159.06,160.01
20180801,160.21,160.27,153.07,155.5
20180802,155.18,156.1,152.92,155.65
20180803,154.81,155.88,149.0,152.06
20180806,152.2,154.36,151.67,153.5
20180807,154.23,156.87,154.23,155.52
20180808,155.01,156.43,150.42,151.71
20180809,151.65,153.37,150.86,151.19
20180810,149.71,149.71,146.19,148.16
20180813,147.78,148.61,145.5,146.4
20180814,147.48,147.66,146.08,146.63
20180815,145.38,146.49,142.79,145.43
20180816,145.91,148.78,145.66,146.29
20180817,146.01,147.16,145.36,146.59
20180820,147.15,148.63,146.41,147.99
20180821,147.79,150.1,147.715,148.87
20180822,148.77,149.54,148.14,148.61
20180823,148.44,148.91,146.37,146.49
20180824,147.15,148.03,146.18,147.55
20180827,148.43,150.46,148.0,148.18
20180828,148.16,150.61,146.79,146.95
20180829,146.66,148.4,145.7,148.06
20180830,147.47,148.02,145.26,146.0
20180831,145.73,146.67,144.73,146.09
20180903,146.09,146.09,146.09,146.09
20180904,146.0,146.0,144.05,144.85
20180905,144.49,146.48,143.86,144.63
20180906,145.69,145.69,143.06,143.84
20180907,143.26,145.65,141.09,142.71
20180910,143.27,144.22,142.66,143.06
20180911,142.23,143.606,141.235,142.96
20180912,142.26,142.97,141.38,142.15
20180913,143.13,143.25,140.43,140.7
20180914,140.93,143.39,140.75,142.96
20180917,143.33,144.02,141.87,142.05
20180918,142.17,143.05,140.85,142.08
20180919,142.81,146.47,142.26,145.64
20180920,146.58,147.72,144.74,146.01
20180921,146.46,147.67,145.79,147.63
20180924,147.16,147.94,143.93,144.0
20180925,144.55,144.82,140.28,140.51
20180926,140.55,141.35,138.76,139.09
20180927,139.45,139.635,137.84,138.2
20180928,136.92,138.91,136.38,136.72
20181001,137.43,138.07,136.16,137.17
20181002,137.01,139.43,135.5,136.89
20181003,137.77,139.33,136.32,138.0
20181004,138.0,139.36,135.23,137.2
20181005,137.51,138.39,134.395,134.68
20181008,133.78,133.97,132.51,133.55
20181009,133.02,133.02,130.52,131.27
20181010,131.29,131.46,126.96,127.25
20181011,126.66,127.68,122.265,123.19
20181012,125.1,126.04,122.13,124.04
20181015,123.46,125.95,123.26,124.67
20181016,125.57,126.03,123.35,125.94
20181017,125.12,128.37,124.61,127.3
20181018,127.06,127.06,123.49,123.69
20181019,123.84,125.42,123.05,123.31
20181022,123.48,124.28,119.68,119.85
20181023,117.59,118.5,115.42,117.99
20181024,117.86,118.37,115.55,115.9
20181025,117.03,119.7,116.21,118.38
20181026,117.25,117.77,115.25,115.53
20181029,119.96,119.96,110.27,111.42
20181030,111.68,116.53,110.55,115.17
20181031,115.95,116.95,113.6,113.66
20181101,114.58,118.5,114.58,118.26
20181102,119.37,119.56,115.76,116.83
20181105,117.31,118.18,113.89,114.78
20181106,114.87,116.89,114.04,115.66
20181107,116.16,117.71,113.9,117.66
20181108,117.2,119.07,116.56,117.0
20181109,116.46,116.8,114.08,115.24
20181112,115.11,115.15,112.16,112.55
20181113,113.29,113.83,111.08,111.38
20181114,112.17,113.42,109.55,111.07
20181115,110.12,113.35,108.95,113.29
20181116,112.69,113.645,111.23,113.36
20181119,112.85,114.62,109.9,110.1
20181120,109.18,109.8,106.01,106.55
20181121,107.27,111.26,106.89,109.37
20181122,109.37,109.37,109.37,109.37
20181123,108.4,110.75,107.97,109.28
20181126,110.85,113.27,110.33,112.48
20181127,111.79,112.485,109.735,110.51
20181128,110.49,113.79,109.34,113.79
20181129,112.85,113.26,111.25,111.58
20181130,111.5,112.23,109.73,111.12
20181203,113.05,114.43,111.02,111.31
20181204,110.93,111.18,104.84,105.15
20181205,105.15,105.15,105.15,105.15
20181206,102.51,106.62,101.34,106.56
20181207,106.57,108.15,101.68,103.04
20181210,102.58,103.01,98.84,100.48
20181211,102.29,103.3,98.43,99.42
20181212,101.19,103.92,100.02,101.89
20181213,101.91,102.585,98.05,98.36
20181214,98.01,98.4,93.81,95.51
20181217,95.3,98.2,94.89,95.46
20181218,96.36,97.6,94.9,95.72
20181219,94.96,96.28,91.49,92.2
20181220,91.86,94.705,91.51,93.34
20181221,93.25,94.96,92.24,92.42
20181224,91.5,92.99,90.15,90.24
20181225,90.24,90.24,90.24,90.24
20181226,90.27,95.1,88.465,95.06
20181227,93.2,97.16,92.65,97.15
20181228,97.45,97.95,95.555,96.01
20181231,96.33,97.83,95.35,97.44
20190101,97.44,97.44,97.44,97.44
20190102,95.53,99.58,95.12,98.23
20190103,97.59,98.48,95.58,96.43
20190104,98.22,100.74,97.49,100.65
20190107,100.67,103.72,99.495,102.55
20190108,102.89,103.81,101.84,102.37
20190109,102.03,103.83,102.03,103.5
20190110,103.0,104.56,102.96,104.07
20190111,102.99,103.83,100.54,102.11
20190114,101.0,103.43,100.5,102.36
20190115,101.85,104.0,101.57,103.96
20190116,105.08,108.33,104.2,107.15
20190117,106.0,107.69,104.89,107.06
20190118,107.89,109.05,106.95,108.57
20190121,108.57,108.57,108.57,108.57
20190122,107.27,108.14,105.22,106.58
20190123,106.97,107.52,105.21,106.5
20190124,106.29,108.105,106.29,107.75
20190125,108.78,110.25,108.41,109.62
20190128,108.56,110.42,107.02,109.87
20190129,108.75,108.77,106.6,106.7
20190130,106.88,107.0,103.29,104.79
20190131,104.16,106.06,103.76,104.95
20190201,104.93,106.25,104.56,104.98
20190204,107.0,109.05,105.12,107.41
20190205,107.5,110.22,107.1,110.02
20190206,109.5,110.48,108.15,109.14
20190207,108.6,109.63,107.245,108.6
20190208,107.9,108.52,103.94,104.84
20190211,105.39,105.75,104.355,104.88
20190212,106.06,107.4,105.8,106.17
20190213,106.64,108.53,106.32,106.46
20190214,105.2,106.01,103.81,105.43
20190215,106.66,109.06,106.04,108.96
20190218,108.96,108.96,108.96,108.96
20190219,108.22,109.62,107.48,109.0
20190220,108.82,110.05,108.48,109.95
20190221,109.71,110.05,107.82,108.01
20190222,108.2,109.28,108.12,109.13
20190225,110.17,112.2,109.86,110.34
20190226,109.51,110.93,109.51,110.46
20190227,110.4,111.44,109.91,110.16
20190228,110.15,110.6,109.56,109.61
20190301,110.67,112.26,110.31,110.53
20190304,111.08,112.15,109.22,110.29
20190305,109.85,109.85,107.6,108.69
20190306,108.58,109.15,106.46,106.49
20190307,106.26,106.26,103.38,103.62
20190308,103.0,104.0,101.38,103.83
20190311,104.75,106.57,104.5,106.56
20190312,107.05,107.81,106.16,106.56
20190313,107.17,107.55,106.2,107.19
20190314,107.07,107.66,106.63,106.76
20190315,106.68,109.38,106.58,109.35
20190318,110.0,111.72,109.86,111.59
20190319,112.32,112.83,110.12,110.3
20190320,110.28,110.58,106.97,107.0
20190321,106.0,106.75,104.96,105.21
20190322,104.01,104.47,98.41,99.16
20190325,99.12,100.36,98.12,99.16
20190326,100.17,102.25,100.17,101.86
20190327,102.14,104.05,101.89,103.72
20190328,103.96,106.54,103.495,106.32
20190329,107.53,108.13,106.85,107.11
20190401,108.13,111.51,107.815,111.39
20190402,111.63,111.83,110.515,111.37
20190403,112.57,113.59,112.26,113.42
20190404,113.44,114.73,113.1,114.11
20190405,114.4,115.75,113.61,115.53
20190408,115.31,115.58,113.77,114.1
20190409,113.32,113.43,109.79,109.96
20190410,109.91,110.54,107.59,110.51
20190411,111.18,112.64,110.29,110.45
20190412,112.25,113.54,111.45,112.34
20190415,112.48,113.05,110.58,111.04
20190416,111.55,112.56,111.515,112.53
20190417,112.74,113.365,112.06,112.39
20190418,112.43,113.83,111.48,113.64
20190419,113.64,113.64,113.64,113.64
20190422,113.43,114.4,113.0,113.35
20190423,113.42,114.64,112.32,114.48
20190424,113.87,114.05,113.09,113.17
20190425,113.07,113.07,111.13,112.09
20190426,111.62,112.47,110.66,112.46
20190429,112.93,114.32,112.71,112.94
20190430,112.67,112.7,110.6575,110.92
20190501,110.96,111.77,109.41,109.51
20190502,109.63,110.0,107.01,107.99
20190503,108.24,111.11,107.82,110.82
20190506,106.49,106.49,96.1372,97.96
20190507,97.01,97.01,93.13,94.09
20190508,94.19,94.85,93.61,93.97
20190509,92.12,94.51,91.57,94.33
20190510,93.87,94.94,92.09,94.39
20190513,92.55,93.02,90.55,90.84
20190514,91.41,92.3,90.6042,91.34
20190515,90.24,91.46,89.33,91.21
20190516,91.16,91.88,90.29,90.76
20190517,90.05,90.355,88.88,88.92
20190520,88.15,88.9,87.0,88.63
20190521,89.4,90.25,88.64,90.08
20190522,89.47,90.27,89.07,89.41
20190523,88.17,88.36,87.1,88.23
20190524,88.82,89.42,87.88,88.4
20190527,88.4,88.4,88.4,88.4
20190528,88.24,88.54,86.84,86.84
20190529,86.32,87.51,85.65,87.22
20190530,87.38,87.74,85.75,86.06
20190531,84.75,85.14,83.82,83.82
20190603,83.5,85.05,83.1,84.41
20190604,86.2,87.46,85.09,87.4
20190605,87.33,88.18,84.78,88.06
20190606,87.79,89.01,86.85,89.01
20190607,89.23,89.6,88.47,89.28
20190610,89.83,91.23,89.43,90.18
20190611,91.25,91.82,89.7,90.01
20190612,89.88,89.88,88.5,89.25
20190613,89.47,90.4481,89.2,89.76
20190614,89.98,89.98,88.045,88.36
20190617,88.52,88.52,87.26,87.33
20190618,87.92,89.73,87.33,87.57
20190619,88.14,88.14,86.58,86.93
20190620,87.5,88.69,86.625,88.6
20190621,88.5,88.6,87.85,87.98
20190624,88.0,88.995,87.35,88.04
20190625,88.14,88.9157,87.17,88.51
20190626,88.92,90.31,88.61,90.12
20190627,90.25,91.71,90.12,91.41
20190628,92.0,93.2029,91.64,92.14
20190701,93.49,94.07,91.16,92.02
20190702,92.1,92.1,89.77,90.14
20190703,89.91,91.18,89.87,90.73
20190704,90.73,90.73,90.73,90.73
20190705,90.95,91.87,90.69,91.05
20190708,90.13,91.48,89.28,89.52
20190709,88.64,90.53,88.34,90.42
20190710,90.59,91.3,90.095,90.56
20190711,91.14,91.41,89.4,91.02
20190712,91.29,92.12,88.52,89.76
20190715,89.91,90.1,88.56,89.01
20190716,88.92,89.49,87.63,87.71
20190717,87.37,87.5,85.25,85.33
20190718,85.21,88.07,85.06,87.92
20190719,88.18,89.5,87.685,88.37
20190722,88.27,88.48,86.16,87.95
20190723,88.45,90.1,88.33,90.07
20190724,89.52,91.6,89.52,91.58
20190725,91.66,91.69,88.57,89.34
20190726,89.11,90.385,88.96,90.05
20190729,91.38,92.705,86.43,86.65
20190730,84.58,86.78,83.63,86.78
20190731,86.72,86.72,85.1717,85.79
20190801,85.5,85.5,81.75,82.74
20190802,82.13,82.21,80.435,81.12
20190805,78.73,81.1,78.38,78.99
20190806,79.93,81.37,79.56,81.24
20190807,78.36,79.67,77.89,79.1
20190808,79.92,81.17,79.395,81.12
20190809,80.18,80.61,79.34,80.02
20190812,78.93,79.775,78.156,79.63
20190813,79.41,82.1,79.1132,79.25
20190814,77.0,77.68,75.825,76.79
20190815,77.38,77.82,74.36,74.49
20190816,75.1,76.55,74.98,75.94
20190819,77.36,77.54,76.28,76.71
20190820,76.4,76.42,75.37,75.79
20190821,76.67,77.43,75.84,75.88
20190822,76.38,77.51,76.06,76.51
20190823,75.73,76.23,73.9,74.64
20190826,75.61,75.61,74.61,75.08
20190827,75.6,76.32,74.645,74.84
20190828,74.35,75.605,74.19,75.03
20190829,75.95,76.6355,75.56,75.78
20190830,76.27,77.34,76.175,76.63
20190902,76.63,76.63,76.63,76.63
20190903,75.85,76.02,74.19,74.97
20190904,76.01,76.37,75.475,76.03
20190905,77.23,79.82,77.23,78.74
20190906,78.76,79.45,77.71,78.63
20190909,79.57,83.605,79.25,83.05
20190910,83.68,86.56,83.59,86.38
20190911,86.93,88.66,84.92,88.23
20190912,87.91,89.02,86.52,88.21
20190913,89.54,89.9848,87.7,88.67
20190916,88.01,89.19,87.925,88.4
20190917,87.97,88.04,85.84,87.0
20190918,86.11,86.93,85.47,86.81
20190919,86.62,87.55,85.78,85.95
20190920,86.25,87.2,85.47,85.65
20190923,84.52,85.98,84.25,85.32
20190924,85.47,85.78,83.07,83.25
20190925,83.32,84.26,82.52,84.07
20190926,83.75,84.47,82.75,82.97
20190927,83.13,83.96,82.46,82.94
20190930,82.94,83.93,82.28,83.35
20191001,83.67,83.99,79.44,79.67
20191002,78.67,78.67,76.18,76.22
20191003,75.61,76.15,73.77,75.55
20191004,75.39,76.5772,74.91,76.47
20191007,75.85,76.1796,74.57,74.83
20191008,73.79,74.01,71.73,71.8
20191009,72.29,72.72,71.085,72.25
20191010,72.6,73.82,72.58,73.06
20191011,74.5,76.71,74.5,75.97
20191014,75.39,75.655,74.11,75.29
20191015,75.4,76.77,74.505,76.13
20191016,76.3,77.52,75.53,75.61
20191017,76.1,76.54,74.61,74.7
20191018,74.64,75.28,74.44,74.58
20191021,75.4,76.635,75.23,75.47
20191022,75.39,76.96,74.6606,75.62
20191023,75.23,77.37,75.23,77.04
20191024,77.62,78.1,76.15,76.9
20191025,76.62,78.17,76.26,77.34
20191028,78.1,82.24,76.8,81.5
20191029,81.64,84.27,81.51,84.06
20191030,83.62,83.62,80.68,80.73
20191031,79.99,80.73,78.27,79.88
20191101,80.83,82.2,80.5759,82.15
20191104,83.2,86.23,83.2,86.1
20191105,86.5,88.075,86.5,87.17
20191106,86.72,86.72,85.52,85.77
20191107,86.87,88.15,86.0,87.05
20191108,86.28,87.17,85.89,86.86
20191111,85.91,87.36,85.89,87.02
20191112,86.62,87.18,85.54,86.28
20191113,85.56,85.56,83.88,84.69
20191114,84.17,85.05,83.99,84.26
20191115,85.05,85.975,84.3,85.0
20191118,84.54,85.12,83.59,85.03
20191119,85.64,86.2,84.83,84.89
20191120,84.33,85.0925,83.23,84.0
20191121,84.15,84.79,83.64,84.03
20191122,84.2,84.95,83.92,84.41
20191125,84.59,86.91,84.2,86.55
20191126,86.36,86.375,84.965,85.65
20191127,86.36,87.28,84.92,85.95
20191128,85.95,85.95,85.95,85.95
20191129,85.91,86.06,84.93,85.37
20191202,85.56,86.25,83.4,83.5
20191203,81.81,82.11,80.395,81.78
20191204,82.23,83.87,82.23,82.8
20191205,83.52,84.08,83.31,83.58
20191206,84.97,86.12,84.93,85.43
20191209,85.08,85.38,84.0,84.26
20191210,83.79,84.26,82.7214,82.84
20191211,82.99,84.12,82.99,83.79
20191212,83.66,87.1,83.59899999999999,86.94
20191213,87.46,87.46,84.825,85.11
20191216,86.47,88.43,86.06,86.1
20191217,85.57,86.3781,85.25,85.92
20191218,86.68,88.19,86.15,86.54
20191219,86.64,87.705,86.14,86.69
20191220,87.19,87.61,84.145,84.5
20191223,84.75,86.63,84.51,85.73
20191224,85.72,85.99,84.89,84.95
20191225,84.95,84.95,84.95,84.95
20191226,85.71,85.84,84.35,84.74
20191227,84.84,85.71,84.6305,84.95
20191230,85.48,85.6,84.155,84.5
20191231,84.3,85.85,84.22,84.74
20200101,84.74,84.74,84.74,84.74
20200102,85.47,85.47,83.29,83.99
20200103,82.89,83.56,81.81,82.95
20200106,82.26,83.56,81.6,83.33
20200107,83.43,83.76,82.04,82.39
20200108,83.11,83.4,82.0,82.53
20200109,83.15,83.38,82.34,82.93
20200110,82.76,84.39,82.02,82.93
20200113,83.49,84.77,83.31,84.55
20200114,84.54,85.3914,84.04,84.78
20200115,84.15,85.37,83.71,84.69
20200116,85.37,86.64,85.155,86.38
20200117,86.84,87.21,85.16,85.64
20200120,85.64,85.64,85.64,85.64
20200121,84.93,85.91,84.19,85.38
20200122,85.56,86.88,85.56,86.04
20200123,85.52,85.8,83.52,85.47
20200124,85.74,85.8,82.67,82.91
20200127,80.77,81.335,79.13,79.8
20200128,80.54,80.98,79.18,79.18
20200129,79.6,80.21,78.88,79.48
20200130,78.7,80.36,77.82,80.31
20200131,79.45,80.4,78.73,79.85
20200203,82.47,82.5,78.71,80.25
20200204,81.51,82.64,81.05,82.07
20200205,83.49,85.29,83.49,84.53
20200206,85.33,86.02,81.92,83.23
20200207,82.23,82.54,80.92,81.52
20200210,80.94,82.62,80.8,82.3
20200211,82.85,83.765,82.47,83.01
20200212,83.71,84.84,83.42,83.71
20200213,83.01,83.62,81.71,82.53
20200214,82.87,83.12,82.13,82.9
20200217,82.9,82.9,82.9,82.9
20200218,83.24,84.3,81.99,83.27
20200219,84.46,86.9,84.44,86.71
20200220,86.5,88.4,86.45,88.1
20200221,87.95,88.95,87.37,88.78
20200224,85.13,86.33,84.51,85.28
20200225,85.4,85.6,80.9,82.33
20200226,83.26,83.26,81.0,81.68
20200227,79.96,82.61399999999999,79.03,80.28
20200228,77.55,77.97,73.4,75.22
20200302,75.67,78.6,74.28,78.36
20200303,78.49,78.49,72.74,73.81
20200304,74.92,75.625,73.195,75.42
20200305,72.33,72.79,68.8,70.7
20200306,67.78,70.86,67.21,70.49
20200309,65.43,65.6,61.74,62.45
20200310,65.45,67.42,62.91,66.86
20200311,64.75,65.12,58.62,61.5
20200312,54.16,55.42,50.2501,50.38
20200313,54.37,57.2,51.58,57.17
20200316,47.5,54.225,47.03,52.57
20200317,54.11,60.49,50.5006,59.54
20200318,54.22,64.4,53.715,58.93
20200319,58.05,61.3,52.88,55.33
20200320,55.66,56.74,47.5,48.77
20200323,47.58,49.3818,44.37,45.15
20200324,48.49,49.85,47.02,49.59
20200325,50.14,54.88,49.06,51.35
20200326,52.03,57.62,49.05,56.84
20200327,54.23,58.295,53.33,56.36
20200330,56.93,60.63,55.49,60.43
20200331,60.35,60.75,57.8,59.14
20200401,55.99,57.75,54.21,56.15
20200402,56.37,58.91,55.28,56.72
20200403,56.72,57.21,53.32,55.36
20200406,58.7,62.21,58.7,61.64
20200407,64.72,64.72,61.12,62.55
20200408,63.1,65.55,61.445,65.14
20200409,66.67,72.54,65.16,66.6
20200413,67.5,67.55,61.71,62.9
20200414,65.18,65.23,62.04,63.25
20200415,60.66,61.0,58.745,59.93
20200416,59.65,60.89,58.57,59.89
20200417,62.37,64.125,61.54,62.95
20200420,61.22,63.76,60.0268,61.53
20200421,59.53,61.44,59.16,61.0
20200422,62.63,62.63,60.53,61.25
20200423,61.83,62.78,59.69,60.41
20200424,61.0,61.36,60.05,60.29
20200427,62.18,67.62,60.38,66.72
20200428,69.03,69.74,66.65,68.12
20200429,70.0,71.67,69.5722,70.33
20200430,68.8,70.715,67.84,69.96
20200501,68.02,68.41,64.32,64.97
20200504,64.3,66.16,63.39,65.84
20200505,68.27,68.61,64.81,64.91
20200506,65.28,65.56,62.37,62.66
20200507,64.17,66.37,63.53,64.29
20200508,65.45,66.34,64.57,66.28
20200511,65.37,67.26,64.69,66.2
20200512,66.4,66.4,60.78,60.96
20200513,60.6,60.9,58.35,59.82
20200514,59.12,62.41,56.8,62.17
20200515,60.74,63.53,60.74,62.53
20200518,65.05,67.2,64.895,66.6
20200519,66.05,67.41,64.71,65.09
20200520,66.65,66.91,65.472,65.93
20200521,65.37,67.13,65.37,66.67
20200522,66.65,66.705,64.11,64.46
20200526,66.38,70.79,66.38,69.99
20200527,72.36,73.32,71.17,72.45
20200528,72.33,72.43,68.63,68.89
20200529,67.87,69.26,66.5,66.62
20200601,66.93,68.69800000000001,66.43,68.28
20200602,69.39,69.945,68.06,69.72
20200603,71.43,75.15,71.28,74.49
20200604,74.05,76.83,72.56,76.4
20200605,81.68,82.45,77.67,78.14
20200608,79.92,81.79,78.75,81.72
20200609,79.15,81.85,78.9234,80.97
20200610,80.42,80.42,75.79,76.7
