20121010,10.0,10.24,9.35,9.58
20121011,9.49,9.57,8.1,8.1
20121012,8.32,8.47,7.65,8.3
20121015,8.48,8.48,8.03,8.39
20121016,8.13,8.48,7.93,8.39
20121017,8.41,8.41,7.82,8.17
20121018,8.05,8.1,7.88,8.05
20121019,7.93,8.08,7.81,7.95
20121022,8.05,8.05,7.71,7.85
20121023,7.87,7.93,7.54,7.7
20121024,8.02,8.02,7.58,7.71
20121025,7.62,7.83,7.45,7.78
20121026,7.78,7.79,7.5,7.66
20121029,7.66,7.66,7.66,7.66
20121030,7.66,7.66,7.66,7.66
20121031,7.66,8.1,7.66,8.05
20121101,8.2,8.33,7.8,8.11
20121102,8.3,8.45,7.99,8.45
20121105,8.47,8.73,8.22,8.3
20121106,8.42,8.43,8.05,8.2
20121107,7.75,8.05,7.75,8.02
20121108,8.05,8.12,7.63,7.81
20121109,7.65,8.13,7.55,7.86
20121112,8.05,8.05,7.63,7.65
20121113,7.59,7.7,7.01,7.57
20121114,7.6,7.7,7.48,7.55
20121115,7.44,7.67,7.35,7.43
20121116,7.31,7.45,7.1,7.39
20121119,7.42,7.65,7.25,7.55
20121120,7.39,7.8,7.39,7.64
20121121,8.38,8.43,7.86,8.06
20121122,8.06,8.06,8.06,8.06
20121123,7.93,8.3,7.93,8.3
20121126,7.91,8.34,7.9,8.25
20121127,8.15,8.39,8.0,8.22
20121128,8.01,8.25,7.95,8.18
20121129,8.25,8.25,7.96,8.01
20121130,7.95,8.23,7.9,8.09
20121203,8.18,8.18,8.01,8.01
20121204,8.0,8.02,7.72,7.94
20121205,8.0,8.0,7.7,7.97
20121206,7.98,7.98,7.65,7.8
20121207,7.75,7.83,7.66,7.7
20121210,7.67,8.1,7.65,8.06
20121211,8.04,8.29,7.82,8.02
20121212,8.1,8.2,7.9,8.09
20121213,8.12,8.17,7.77,7.95
20121214,7.95,8.08,7.87,7.92
20121217,7.99,8.08,7.87,7.99
20121218,7.99,8.21,7.9,8.11
20121219,8.18,8.29,7.94,8.08
20121220,8.12,8.22,7.96,7.96
20121221,7.9,7.94,7.56,7.79
20121224,7.74,7.81,7.57,7.78
20121225,7.78,7.78,7.78,7.78
20121226,7.73,7.8,7.58,7.75
20121227,7.7,7.74,7.62,7.74
20121228,7.66,7.8,7.38,7.58
20121231,7.56,8.09,7.34,7.95
20130101,7.95,7.95,7.95,7.95
20130102,8.02,8.02,7.55,7.71
20130103,7.7,8.15,7.56,7.8
20130104,7.9,8.02,7.76,7.8
20130107,7.84,8.0,7.33,7.38
20130108,7.4,7.67,7.21,7.33
20130109,7.4,7.45,6.77,7.01
20130110,7.0,7.13,6.84,6.9
20130111,7.0,7.0,6.71,6.75
20130114,6.86,7.27,6.6,6.79
20130115,6.8,7.05,6.8,6.97
20130116,6.95,6.98,6.8,6.84
20130117,6.86,7.2,6.86,7.03
20130118,7.03,7.22,6.97,7.13
20130121,7.13,7.13,7.13,7.13
20130122,7.15,7.29,7.01,7.05
20130123,7.1,7.14,6.86,6.95
20130124,6.97,7.0,6.72,6.81
20130125,6.8,6.84,6.5,6.64
20130128,6.59,6.7,6.25,6.35
20130129,6.32,6.5,6.32,6.42
20130130,6.41,6.76,6.4,6.69
20130131,6.75,7.06,6.75,6.88
20130201,6.91,7.04,6.49,6.77
20130204,6.71,6.83,6.55,6.63
20130205,6.55,6.61,6.34,6.43
20130206,6.47,6.7,6.35,6.63
20130207,6.57,6.7,6.47,6.55
20130208,6.55,6.72,6.49,6.51
20130211,6.51,6.65,6.44,6.58
20130212,6.64,6.73,6.41,6.52
20130213,6.61,6.66,6.49,6.52
20130214,6.5,6.94,6.5,6.87
20130215,6.75,7.0,6.68,6.9
20130218,6.9,6.9,6.9,6.9
20130219,6.9,6.96,6.75,6.92
20130220,6.9,7.0,6.81,6.97
20130221,6.92,6.96,6.58,6.78
20130222,6.76,7.05,6.76,7.0
20130225,7.43,7.45,6.93,7.02
20130226,7.08,7.15,6.96,7.08
20130227,7.1,7.18,6.97,7.05
20130228,7.01,7.2,7.0,7.19
20130301,7.19,7.25,7.1,7.22
20130304,7.16,7.35,7.15,7.35
20130305,7.35,7.4,7.15,7.33
20130306,7.31,7.69,7.3,7.59
20130307,7.64,7.8,7.57,7.75
20130308,7.8,8.11,7.65,7.94
20130311,8.0,8.13,7.87,8.1
20130312,8.02,8.08,7.85,7.93
20130313,7.99,7.99,7.71,7.75
20130314,7.79,7.85,7.65,7.72
20130315,7.71,8.25,7.7,8.04
20130318,7.9,7.97,7.86,7.88
20130319,7.88,7.9,7.8,7.86
20130320,7.87,8.03,7.8,7.83
20130321,7.82,7.93,7.7,7.84
20130322,7.79,8.03,7.75,7.85
20130325,7.94,7.94,7.73,7.86
20130326,7.94,7.94,7.72,7.87
20130327,7.87,8.13,7.75,7.95
20130328,8.0,8.08,7.78,7.92
20130329,7.92,7.92,7.92,7.92
20130401,7.92,7.97,7.77,7.96
20130402,7.96,8.19,7.87,7.94
20130403,7.91,7.91,7.39,7.48
20130404,7.29,7.64,7.1,7.14
20130405,6.63,6.9,6.35,6.5
20130408,6.45,6.73,6.45,6.61
20130409,6.62,6.98,6.62,6.85
20130410,6.93,7.09,6.85,7.0
20130411,7.0,7.11,6.95,7.0
20130412,6.99,7.19,6.95,7.06
20130415,7.1,7.35,6.91,6.99
20130416,6.97,7.2,6.9,6.94
20130417,6.9,7.13,6.87,6.91
20130418,6.91,6.91,6.79,6.86
20130419,6.9,7.1,6.66,6.88
20130422,6.86,6.99,6.83,6.91
20130423,6.97,7.21,6.9,7.06
20130424,7.11,7.39,6.98,7.11
20130425,7.25,7.27,7.12,7.15
20130426,7.19,7.41,7.18,7.34
20130429,7.76,7.83,7.49,7.65
20130430,7.7,7.79,7.5,7.66
20130501,7.78,7.78,7.52,7.69
20130502,7.75,7.75,7.4,7.44
20130503,7.5,7.52,7.35,7.41
20130506,7.51,7.58,7.44,7.45
20130507,7.97,7.97,7.52,7.74
20130508,7.75,7.89,7.72,7.85
20130509,7.85,7.89,7.69,7.87
20130510,7.88,8.41,7.85,8.38
20130513,8.52,9.12,8.36,8.84
20130514,9.0,9.25,8.66,8.89
20130515,9.02,9.02,8.71,8.81
20130516,8.81,8.94,8.73,8.92
20130517,8.93,8.97,8.81,8.93
20130520,9.0,9.49,8.96,9.19
20130521,9.25,9.42,9.14,9.19
20130522,9.15,9.42,8.9,9.3
20130523,9.2,9.45,9.01,9.4
20130524,9.4,9.4,9.0,9.29
20130527,9.29,9.29,9.29,9.29
20130528,9.34,9.4,9.25,9.36
20130529,9.44,9.58,9.18,9.3
20130530,9.37,9.53,8.9,9.05
20130531,8.9,9.01,8.53,8.91
20130603,8.83,9.0,8.35,8.59
20130604,8.7,8.71,8.22,8.3
20130605,8.38,8.57,8.26,8.37
20130606,8.43,9.08,8.43,8.89
20130607,8.89,9.8,8.89,9.15
20130610,9.55,9.8,8.05,8.31
20130611,8.28,8.43,7.85,8.01
20130612,7.99,8.05,7.42,7.92
20130613,7.84,7.92,7.72,7.87
20130614,7.86,8.25,7.86,8.15
20130617,8.15,8.29,7.98,8.29
20130618,8.33,8.85,8.31,8.56
20130619,8.49,8.64,8.42,8.6
20130620,8.28,8.48,8.25,8.42
20130621,8.4,8.52,8.18,8.45
20130624,8.39,8.41,8.11,8.31
20130625,8.4,8.5,8.28,8.33
20130626,8.7,8.7,8.19,8.25
20130627,8.36,8.58,8.3,8.4
20130628,8.36,8.44,8.26,8.4
20130701,8.51,8.52,8.2,8.21
20130702,8.3,8.38,8.13,8.27
20130703,8.34,8.44,8.28,8.4
20130704,8.4,8.4,8.4,8.4
20130705,8.49,8.68,8.43,8.45
20130708,8.5,8.58,8.27,8.51
20130709,8.5,8.69,8.42,8.61
20130710,8.66,8.88,8.54,8.78
20130711,8.94,9.14,8.59,8.75
20130712,8.7,9.0,8.62,8.66
20130715,9.05,9.05,8.56,8.73
20130716,8.83,8.92,8.65,8.8
20130717,8.55,8.85,8.45,8.64
20130718,8.69,8.71,8.53,8.68
20130719,8.67,8.79,8.4,8.45
20130722,8.54,8.61,8.42,8.46
20130723,8.22,8.58,8.22,8.45
20130724,8.41,8.85,8.35,8.45
20130725,8.4,8.47,8.13,8.17
20130726,8.1,8.13,7.95,8.0
20130729,7.89,7.98,7.78,7.97
20130730,8.0,8.04,7.85,7.89
20130731,7.95,8.27,7.88,8.1
20130801,8.17,8.47,8.06,8.34
20130802,8.4,8.48,8.17,8.3
20130805,8.32,8.58,8.32,8.45
20130806,8.4,8.67,8.28,8.5
20130807,8.29,8.45,7.92,8.06
20130808,8.06,8.2,7.81,7.99
20130809,8.0,8.09,7.78,7.95
20130812,8.0,8.03,7.56,7.6
20130813,7.61,7.95,7.52,7.91
20130814,7.91,7.95,7.74,7.84
20130815,7.83,7.88,7.7,7.83
20130816,7.83,7.85,7.54,7.56
20130819,7.57,7.59,7.44,7.48
20130820,7.48,7.57,7.45,7.5
20130821,7.5,7.53,7.45,7.48
20130822,7.5,7.51,7.45,7.47
20130823,7.64,7.64,7.46,7.49
20130826,7.71,8.32,7.71,7.99
20130827,9.25,9.27,8.62,8.81
20130828,9.05,9.38,8.8,9.2
20130829,9.25,9.67,9.15,9.62
20130830,9.65,9.67,9.34,9.46
20130902,9.46,9.46,9.46,9.46
20130903,9.52,10.16,9.3,9.41
20130904,9.47,9.75,9.37,9.6
20130905,9.68,9.75,9.6,9.73
20130906,9.75,9.8,9.44,9.55
20130909,9.55,9.75,9.4,9.65
20130910,9.7,9.74,9.57,9.73
20130911,9.65,10.04,9.65,9.81
20130912,9.91,10.44,9.91,10.32
20130913,10.8,11.88,10.54,11.55
20130916,12.41,12.46,11.75,11.99
20130917,12.16,12.2,11.81,11.97
20130918,12.1,12.1,11.5,11.59
20130919,11.7,11.72,11.26,11.42
20130920,11.42,11.53,11.05,11.36
20130923,11.38,13.48,11.3,13.32
20130924,13.37,13.95,13.13,13.16
20130925,13.31,13.5,13.13,13.2
20130926,13.65,13.65,12.73,12.99
20130927,12.99,13.25,12.84,12.89
20130930,12.87,13.15,12.6,12.94
20131001,13.08,13.34,13.02,13.3
20131002,13.29,13.38,13.04,13.25
20131003,13.18,13.36,13.1,13.3
20131004,13.3,13.34,13.01,13.3
20131007,13.18,13.28,13.04,13.21
20131008,14.5,14.85,13.74,13.76
20131009,13.75,14.18,13.12,14.03
20131010,13.99,14.39,13.64,13.94
20131011,14.0,14.45,13.76,14.27
20131014,14.11,14.52,13.84,14.07
20131015,14.01,14.16,13.66,13.76
20131016,13.64,13.92,13.3,13.34
20131017,13.34,13.35,12.71,12.86
20131018,12.9,13.4,12.75,13.36
20131021,13.5,13.9,13.44,13.51
20131022,13.62,14.2,13.6,13.99
20131023,13.86,14.05,13.42,13.67
20131024,13.71,14.25,13.61,13.88
20131025,14.17,14.17,13.63,13.67
20131028,13.59,13.7,13.36,13.65
20131029,13.65,14.08,13.54,13.66
20131030,13.7,13.95,13.57,13.66
20131031,14.08,14.5,13.41,14.24
20131101,14.3,14.46,13.81,13.93
20131104,14.04,14.47,13.99,14.15
20131105,14.19,15.25,14.06,14.68
20131106,14.86,15.37,14.69,14.8
20131107,14.8,14.8,14.25,14.32
20131108,14.32,15.35,14.32,14.82
20131111,15.0,15.09,14.4,14.8
20131112,14.95,16.07,14.6,15.96
20131113,15.97,17.41,15.97,16.69
20131114,16.83,17.11,16.25,16.98
20131115,16.91,17.02,16.53,16.56
20131118,16.58,16.59,14.63,15.14
20131119,15.02,15.02,13.76,14.13
20131120,14.08,14.54,13.89,14.07
20131121,14.06,15.3,14.04,15.23
20131122,15.27,15.82,15.14,15.43
20131125,15.64,15.8,15.4,15.43
20131126,15.41,16.15,15.25,15.92
20131127,16.11,16.25,15.8,15.86
20131128,15.86,15.86,15.86,15.86
20131129,16.02,16.18,15.85,15.85
20131202,15.88,16.21,15.65,16.01
20131203,15.95,16.04,15.25,15.56
20131204,15.45,15.8,15.4,15.58
20131205,15.48,15.51,14.8,14.95
20131206,14.95,15.14,14.85,14.98
20131209,15.0,15.12,14.54,14.69
20131210,14.52,14.66,14.08,14.14
20131211,14.1,14.39,13.61,14.21
20131212,13.93,14.39,13.86,14.21
20131213,14.34,14.94,14.34,14.48
20131216,14.68,15.21,14.47,15.01
20131217,15.0,15.63,14.97,15.26
20131218,15.48,15.58,14.88,15.5
20131219,15.36,15.36,14.72,15.25
20131220,15.23,15.23,14.96,15.01
20131223,15.02,15.92,15.02,15.55
20131224,15.54,15.88,15.34,15.68
20131225,15.68,15.68,15.68,15.68
20131226,15.66,15.66,15.4,15.5
20131227,15.61,15.68,15.4,15.45
20131230,15.53,15.53,15.08,15.28
20131231,15.25,15.85,15.24,15.76
20140101,15.76,15.76,15.76,15.76
20140102,15.76,15.9,15.65,15.8
20140103,15.8,17.15,15.79,17.07
20140106,17.2,18.33,17.2,18.19
20140107,18.28,19.24,18.24,18.93
20140108,19.0,19.4,18.76,19.0
20140109,18.4,18.4,17.5,17.91
20140110,17.61,18.57,17.55,18.42
20140113,18.25,18.42,17.82,18.32
20140114,18.21,18.71,18.09,18.47
20140115,18.73,18.98,18.25,18.33
20140116,18.55,19.94,18.39,19.86
20140117,19.41,20.4,19.41,19.96
20140120,19.96,19.96,19.96,19.96
20140121,20.31,20.4,19.96,20.34
20140122,19.5,19.93,19.27,19.72
20140123,19.65,19.86,18.81,19.06
20140124,18.77,20.1,18.33,19.49
20140127,19.39,19.72,18.34,18.6
20140128,18.5,19.58,18.34,18.78
20140129,18.69,18.79,17.16,17.5
20140130,17.51,19.0,17.51,19.0
20140131,18.72,19.15,18.54,19.02
20140203,19.33,19.95,17.73,17.92
20140204,17.81,18.14,17.25,17.77
20140205,17.77,19.23,17.64,19.01
20140206,19.5,20.34,19.3,19.68
20140207,20.05,20.05,19.32,19.4
20140210,19.5,19.95,19.5,19.8
20140211,19.8,20.1,19.78,19.99
20140212,20.1,21.88,20.05,21.45
20140213,21.44,22.58,21.05,21.94
20140214,22.02,22.38,21.37,21.54
20140217,21.54,21.54,21.54,21.54
20140218,21.84,22.26,21.01,21.41
20140219,21.41,22.05,21.23,21.26
20140220,21.77,22.5,21.26,22.45
20140221,22.61,25.0,22.12,22.71
20140224,23.05,23.7,22.61,23.17
20140225,20.55,20.58,18.01,19.06
20140226,19.76,20.35,18.04,18.08
20140227,18.1,19.0,17.6,17.88
20140228,17.88,18.72,17.77,18.26
20140303,17.93,18.13,16.67,17.08
20140304,17.34,17.42,16.31,16.52
20140305,16.8,17.0,16.52,16.96
20140306,17.07,17.19,15.41,15.99
20140307,16.17,16.18,15.13,15.45
20140310,15.49,15.66,14.54,14.92
20140311,14.58,14.95,14.41,14.9
20140312,14.9,16.02,14.79,15.77
20140313,15.75,15.84,15.52,15.77
20140314,15.7,16.05,15.67,15.92
20140317,15.92,16.37,15.8,16.1
20140318,16.11,16.55,16.0,16.28
20140319,16.37,16.48,16.05,16.33
20140320,16.2,16.5,16.04,16.2
20140321,16.34,16.68,16.16,16.31
20140324,16.36,16.48,15.64,16.02
20140325,16.07,16.44,15.68,16.02
20140326,16.16,16.43,15.75,15.79
20140327,15.89,16.23,15.73,16.17
20140328,16.2,16.77,16.2,16.77
20140331,16.79,17.39,16.75,17.04
20140401,17.1,18.45,17.0,18.41
20140402,18.5,20.29,18.2,20.1
20140403,20.0,20.04,18.58,19.06
20140404,19.07,19.66,18.45,18.75
20140407,18.83,19.0,17.09,17.54
20140408,17.79,18.27,17.31,18.15
20140409,18.29,18.7,17.64,18.53
20140410,18.43,18.43,17.12,17.28
20140411,17.0,17.31,16.75,17.21
20140414,17.58,18.35,17.42,18.23
20140415,18.19,18.19,16.82,17.14
20140416,17.38,17.8,16.89,17.4
20140417,17.21,17.39,16.9,16.96
20140418,16.96,16.96,16.96,16.96
20140421,16.8,16.8,16.01,16.43
20140422,16.63,16.63,16.08,16.49
20140423,16.44,16.88,16.25,16.75
20140424,16.9,17.0,16.16,16.38
20140425,16.22,16.49,15.88,16.0
20140428,16.3,16.34,15.0,15.09
20140429,15.07,16.19,14.92,16.18
20140430,15.99,15.99,15.15,15.56
20140501,15.56,16.01,14.9,15.99
20140502,15.75,16.0,14.6,14.92
20140505,14.88,15.17,14.64,14.96
20140506,14.94,15.13,14.08,14.18
20140507,14.0,14.54,13.77,14.54
20140508,14.6,15.18,14.23,15.14
20140509,15.04,15.24,14.49,14.57
20140512,14.48,15.45,14.34,15.16
20140513,15.39,15.6,15.21,15.36
20140514,15.28,15.28,14.5,14.52
20140515,14.58,14.58,12.33,12.46
20140516,13.0,13.54,12.51,13.09
20140519,12.99,13.29,12.41,12.95
20140520,12.9,13.23,12.75,13.19
20140521,13.79,14.15,13.26,13.92
20140522,13.89,13.96,13.01,13.06
20140523,12.32,13.22,12.22,13.0
20140526,13.0,13.0,13.0,13.0
20140527,13.1,13.72,13.1,13.54
20140528,13.49,13.55,12.7,13.17
20140530,12.53,14.1,12.53,14.0
20140602,14.01,14.1,13.1,13.16
20140603,13.09,13.39,12.84,13.13
20140604,12.97,13.26,12.91,13.16
20140605,13.16,13.24,12.98,13.02
20140606,12.9,13.79,12.9,13.72
20140609,13.92,13.97,13.68,13.81
20140610,13.68,13.83,13.25,13.67
20140611,13.59,13.86,13.16,13.54
20140612,13.5,13.65,13.19,13.29
20140613,13.14,13.31,12.68,12.93
20140616,12.91,13.16,12.91,13.01
20140617,16.94,17.01,14.35,14.47
20140618,14.45,15.15,14.45,14.83
20140619,15.0,15.0,14.7,14.92
20140620,14.98,15.04,14.74,14.82
20140623,14.82,14.96,14.54,14.63
20140624,14.47,14.47,13.8,13.87
20140625,13.8,13.81,13.26,13.5
20140626,13.47,13.55,13.28,13.34
20140627,13.32,13.86,13.17,13.74
20140630,13.61,13.99,13.4,13.69
20140701,13.7,13.91,13.48,13.65
20140702,13.66,13.73,13.15,13.22
20140703,13.19,13.62,13.13,13.41
20140704,13.41,13.41,13.41,13.41
20140707,13.41,13.41,12.6,12.91
20140708,12.78,12.9,12.16,12.26
20140709,12.29,12.78,12.2,12.71
20140710,12.41,12.59,12.3,12.41
20140711,12.41,13.07,12.39,12.87
20140714,13.0,13.3,12.75,12.87
20140715,12.78,12.87,12.56,12.59
20140716,12.59,12.74,12.45,12.49
20140718,12.88,12.88,12.64,12.72
20140721,12.9,13.63,12.9,13.56
20140722,13.58,14.27,13.55,14.02
20140723,13.92,14.0,13.59,13.9
20140724,13.98,14.75,13.92,14.4
20140725,14.75,14.75,14.21,14.55
20140728,14.6,15.13,14.56,14.77
20140729,14.8,15.37,14.65,15.01
20140730,15.03,15.16,14.77,14.98
20140731,15.02,15.14,14.6,15.01
20140801,14.91,15.01,13.92,14.29
20140804,14.33,14.98,14.0,14.72
20140805,14.55,14.83,14.51,14.73
20140806,14.59,14.98,14.41,14.58
20140807,14.57,14.77,14.42,14.59
20140808,14.7,14.82,14.38,14.55
20140811,14.54,14.67,14.43,14.47
20140812,14.48,14.61,14.3,14.33
20140813,14.4,14.62,14.3,14.35
20140814,14.33,14.52,14.3,14.3
20140815,14.33,14.57,14.3,14.56
20140818,14.58,15.09,14.51,15.05
20140819,15.06,15.07,14.53,14.86
20140820,14.82,14.92,14.45,14.47
20140821,14.42,14.62,14.37,14.5
20140822,14.5,15.22,14.38,14.85
20140825,14.95,15.3,14.7,14.92
20140826,15.04,15.35,14.92,15.32
20140827,15.46,15.89,15.07,15.76
20140828,15.63,16.53,15.63,16.23
20140829,16.88,17.38,15.93,17.22
20140901,17.22,17.22,17.22,17.22
20140902,17.85,18.49,17.47,18.27
20140903,18.5,18.5,17.75,18.25
20140904,18.25,18.62,17.74,17.9
20140905,18.07,18.5,17.73,18.34
20140908,18.38,18.99,18.38,18.95
20140909,19.14,19.86,18.54,18.6
20140910,18.56,18.77,18.13,18.62
20140911,18.56,18.56,18.13,18.21
20140912,18.08,18.14,17.9,17.99
20140915,17.99,18.16,17.31,17.35
20140916,17.3,17.36,16.76,17.09
20140917,17.11,17.65,17.09,17.46
20140918,17.76,18.52,17.69,18.23
20140919,18.42,18.44,17.5,17.54
20140922,17.7,17.76,16.71,16.77
20140923,16.62,17.38,16.57,16.91
20140924,16.95,17.3,16.95,17.18
20140925,17.33,17.5,15.9,16.16
20140926,16.2,16.77,16.0,16.55
20140929,16.37,16.54,16.01,16.15
20140930,16.1,16.13,15.63,15.66
20141001,15.59,15.59,14.64,14.8
20141002,14.84,14.99,14.57,14.62
20141003,14.72,14.81,14.62,14.65
20141006,14.73,15.67,14.65,15.38
20141007,15.44,15.91,14.65,14.79
20141008,14.72,14.88,14.31,14.8
20141009,14.79,15.0,14.47,14.57
20141010,14.49,14.6,14.27,14.42
20141013,14.38,15.69,13.66,15.01
20141014,15.11,15.55,15.0,15.42
20141015,15.31,15.81,14.62,15.76
20141016,15.63,15.97,15.15,15.81
20141017,15.92,16.52,15.82,16.12
20141020,16.12,16.12,15.88,15.97
20141021,16.2,16.68,15.8,16.1
20141022,16.2,16.45,15.32,15.54
20141023,15.84,15.84,14.75,14.85
20141024,14.98,15.81,14.98,15.5
20141027,15.26,15.99,15.12,15.77
20141028,16.0,17.18,15.77,16.96
20141029,16.96,17.06,16.42,16.85
20141030,16.89,17.39,16.28,17.29
20141031,17.29,17.98,17.26,17.41
20141103,17.64,17.64,17.02,17.36
20141104,17.3,17.32,17.05,17.11
20141105,17.12,17.35,16.54,16.62
20141106,16.5,16.91,16.14,16.24
20141107,16.29,16.55,15.78,16.23
20141110,16.17,16.45,15.89,16.19
20141111,16.18,16.5,16.03,16.11
20141112,16.12,16.12,15.88,15.9
20141113,15.88,16.07,15.58,15.6
20141114,15.52,16.09,15.25,16.0
20141117,16.07,16.15,15.56,15.84
20141118,16.04,16.15,15.56,15.6
20141119,15.55,15.8,15.2,15.24
20141120,15.2,16.28,15.2,16.0
20141121,16.4,16.4,15.92,16.1
20141124,16.3,17.5,16.3,17.3
20141125,15.19,16.28,15.0,15.7
20141126,15.65,15.88,14.85,15.03
20141127,15.03,15.03,15.03,15.03
20141128,15.2,15.8,14.96,14.99
20141201,15.0,15.38,13.99,14.0
20141202,13.96,13.99,13.31,13.35
20141204,14.0,14.03,13.14,13.22
20141205,13.21,13.33,12.6,12.67
20141208,12.5,12.6,12.12,12.15
20141209,12.0,12.47,11.5,12.17
20141210,12.15,12.67,12.09,12.29
20141211,12.51,12.67,12.16,12.16
20141212,12.16,12.26,11.88,12.0
20141215,11.41,11.5,9.5,10.1
20141216,9.98,10.1,9.56,9.66
20141217,9.8,10.08,9.73,9.89
20141218,9.99,10.92,9.98,10.83
20141219,10.91,10.95,10.43,10.5
20141222,10.48,10.64,10.43,10.49
20141223,10.46,10.49,9.61,9.8
20141224,9.93,13.98,9.88,12.75
20141225,12.75,12.75,12.75,12.75
20141226,12.83,13.27,12.34,12.91
20141229,12.8,14.49,12.79,14.48
20141230,14.5,14.69,13.99,14.55
20141231,14.55,14.74,14.21,14.35
20150101,14.35,14.35,14.35,14.35
20150102,14.4,14.58,12.49,13.61
20150105,13.61,13.64,12.85,12.94
20150106,12.95,13.2,12.41,12.98
20150107,13.63,13.75,13.12,13.31
20150108,13.8,13.98,13.28,13.79
20150109,13.96,13.96,13.15,13.28
20150112,13.21,13.78,13.15,13.22
20150113,13.25,13.72,12.97,13.35
20150114,13.23,13.33,10.44,10.49
20150115,10.6,10.85,9.67,10.26
20150116,10.36,11.12,10.36,10.76
20150119,10.76,10.76,10.76,10.76
20150120,10.75,11.3,10.45,11.3
20150121,11.36,11.76,11.1,11.4
20150122,11.63,11.63,11.2,11.56
20150123,11.39,12.1,11.39,11.56
20150126,11.56,11.81,11.39,11.67
20150127,11.38,11.85,11.23,11.38
20150128,11.8,13.06,11.64,12.93
20150129,12.85,12.9,11.66,12.29
20150130,12.27,12.85,12.15,12.44
20150202,12.87,13.1,12.4,12.98
20150203,13.18,13.47,13.07,13.28
20150204,13.3,13.59,13.26,13.5
20150205,13.5,13.59,13.24,13.25
20150206,13.17,14.08,13.15,13.4
20150209,13.41,13.45,8.72,9.95
20150210,8.66,9.89,7.41,8.5
20150211,8.43,8.94,7.76,8.74
20150212,9.0,9.48,8.66,9.26
20150213,9.37,9.37,8.83,8.84
20150216,8.84,8.84,8.84,8.84
20150217,8.76,9.29,8.5,8.69
20150218,9.07,9.07,8.5,8.9
20150219,8.79,9.11,8.65,8.9
20150220,8.87,9.07,8.77,8.95
20150223,9.05,9.09,8.6,8.85
20150224,8.77,8.89,8.6,8.85
20150225,8.8,9.21,8.73,9.13
20150226,9.15,9.39,8.83,8.98
20150227,9.0,10.6,9.0,10.36
20150302,11.1,11.4,9.8,10.16
20150303,10.16,10.7,9.66,10.39
20150304,10.24,10.68,10.12,10.47
20150305,10.67,11.47,10.42,11.2
20150306,11.04,11.18,10.23,10.28
20150309,10.25,10.46,10.13,10.31
20150310,10.0,10.76,9.94,10.14
20150311,10.28,10.43,10.15,10.34
20150312,10.39,10.45,9.84,9.97
20150313,9.96,10.45,9.93,10.25
20150316,10.25,10.43,10.05,10.15
20150317,10.04,10.38,9.92,10.33
20150318,10.34,10.34,9.78,10.1
20150319,10.1,10.21,9.61,9.81
20150320,9.94,9.97,9.5,9.66
20150323,9.76,9.95,9.57,9.61
20150324,9.61,9.97,9.61,9.74
20150325,9.74,9.74,9.31,9.35
20150326,9.35,9.39,8.9,8.94
20150327,8.94,9.41,8.94,9.14
20150330,9.14,9.35,9.11,9.14
20150331,9.17,9.27,8.91,8.96
20150401,9.07,9.13,8.71,8.74
20150402,8.8,9.15,8.8,9.1
20150403,9.1,9.1,9.1,9.1
20150406,9.13,9.41,9.05,9.1
20150407,9.31,9.42,9.12,9.25
20150408,9.3,9.3,9.05,9.12
20150409,9.12,9.3,8.94,8.96
20150410,8.99,9.16,8.95,9.01
20150413,9.08,9.2,8.85,9.11
20150414,9.1,9.17,9.06,9.14
20150415,9.08,9.16,9.01,9.09
20150416,9.06,9.07,8.87,8.91
20150417,8.88,8.88,8.56,8.72
20150420,8.76,8.82,8.61,8.61
20150421,8.62,9.0,8.6,8.82
20150422,8.9,8.99,8.69,8.81
20150423,8.92,9.11,8.9,8.98
20150424,9.07,9.08,8.91,8.95
20150427,9.06,9.12,8.88,8.92
20150428,8.89,9.1,8.62,8.73
20150429,8.73,9.03,8.64,8.88
20150430,8.96,9.0,8.66,8.67
20150504,9.08,9.42,8.96,9.3
20150505,9.35,10.11,9.35,10.03
20150506,10.1,10.1,9.7,9.99
20150507,9.96,10.14,9.8,10.04
20150508,10.12,10.12,9.91,10.0
20150511,10.09,10.58,9.48,9.63
20150512,9.59,9.6,9.3,9.54
20150513,9.63,10.05,9.55,9.96
20150514,10.15,10.15,9.9,10.04
20150515,10.08,10.46,9.97,10.46
20150518,10.59,10.59,10.21,10.53
20150519,10.59,11.5,10.5,10.99
20150520,11.02,11.47,11.0,11.2
20150521,11.5,11.5,11.08,11.2
20150522,11.2,11.2,10.43,10.55
20150525,10.55,10.55,10.55,10.55
20150526,10.49,10.5,10.09,10.18
20150527,10.25,10.53,10.19,10.35
20150528,10.41,10.41,9.73,9.9
20150529,9.9,9.9,9.4,9.45
20150601,9.47,9.89,9.45,9.86
20150602,9.8,10.38,9.8,10.07
20150603,10.14,10.29,9.87,10.15
20150604,10.2,10.38,10.12,10.25
20150605,10.3,11.04,10.2,10.9
20150608,10.98,11.87,10.81,11.71
20150609,11.7,12.2,11.33,11.88
20150610,12.43,12.43,11.9,12.0
20150611,12.4,12.4,11.92,12.19
20150612,12.56,12.56,11.14,11.37
20150615,11.29,11.37,10.55,10.66
20150616,10.7,11.99,10.7,11.54
20150617,11.53,11.6,10.65,11.32
20150618,11.5,11.87,11.42,11.57
20150619,11.53,11.62,11.23,11.49
20150622,11.53,11.59,11.15,11.19
20150623,11.17,11.31,11.06,11.1
20150624,11.06,11.34,11.06,11.22
20150625,11.27,11.88,11.27,11.84
20150626,11.9,12.0,11.8,12.0
20150629,11.79,11.85,11.06,11.17
20150630,11.35,11.55,11.35,11.49
20150701,11.58,11.76,11.58,11.64
20150702,11.65,11.99,11.6,11.75
20150703,11.75,11.75,11.75,11.75
20150706,11.85,11.96,11.61,11.88
20150707,12.03,12.03,11.24,11.47
20150708,11.56,11.66,11.17,11.53
20150709,11.65,11.69,11.3,11.3
20150710,11.66,11.66,11.27,11.33
20150713,11.55,11.55,11.28,11.39
20150714,11.49,11.8,11.44,11.75
20150715,11.75,12.0,10.93,11.38
20150716,12.73,13.63,12.26,13.61
20150717,13.9,14.56,13.53,13.82
20150720,14.1,14.54,13.91,14.15
20150721,14.08,14.3,12.8,12.99
20150722,12.82,13.5,12.76,12.98
20150723,13.0,13.55,13.0,13.07
20150724,13.05,13.51,12.25,12.26
20150727,12.23,13.0,12.17,12.32
20150728,12.33,13.01,12.33,12.65
20150729,12.67,13.3,12.67,12.89
20150730,12.73,12.85,11.4,11.82
20150731,11.64,12.4,11.4,12.26
20150803,12.21,12.31,8.61,9.01
20150804,8.28,10.65,8.25,10.06
20150805,10.06,10.51,10.06,10.29
20150806,10.35,10.39,9.26,9.57
20150807,9.54,9.84,9.34,9.56
20150810,9.56,9.74,9.2,9.44
20150811,9.35,10.24,9.3,9.88
20150812,9.71,9.71,9.35,9.56
20150813,9.6,9.72,8.82,8.82
20150814,8.75,8.88,7.7,7.8
20150817,7.79,8.0,7.43,7.56
20150818,7.17,7.22,5.17,5.22
20150819,5.4,5.4,4.56,4.65
20150820,3.66,3.69,2.51,2.84
20150821,3.13,3.25,2.72,3.11
20150824,2.94,4.23,2.9,3.75
20150826,3.65,3.72,3.04,3.4
20150827,3.4,3.51,3.26,3.41
20150828,3.53,4.07,3.41,4.01
20150831,4.05,4.17,3.86,3.98
20150901,3.85,4.02,3.8,3.99
20150902,4.04,4.45,4.03,4.37
20150903,4.35,4.37,3.9,4.09
20150904,4.07,4.13,3.91,3.96
20150907,3.96,3.96,3.96,3.96
20150908,3.94,4.09,3.82,3.91
20150909,4.08,4.31,3.9,4.15
20150910,4.1,4.13,3.96,4.1
20150911,4.02,4.12,3.99,4.02
20150914,3.97,4.01,3.86,3.93
20150915,3.85,4.12,3.84,4.02
20150916,3.99,4.1,3.95,3.97
20150917,4.11,4.55,4.11,4.29
20150918,4.29,4.34,4.15,4.18
20150921,4.15,4.49,4.15,4.19
20150922,4.22,4.28,4.11,4.26
20150923,4.26,4.26,4.02,4.09
20150924,4.02,4.8,3.95,4.77
20150925,4.95,6.25,4.8,5.51
20150928,5.38,5.44,5.0,5.15
20150929,5.15,5.54,4.87,5.5
20150930,5.52,5.66,5.23,5.52
20151001,5.58,5.8,5.38,5.44
20151002,5.33,6.51,5.33,6.31
20151005,6.38,7.38,6.2,6.64
20151006,6.66,6.87,6.2,6.66
20151007,6.71,6.71,6.01,6.09
20151008,6.17,6.35,6.04,6.04
20151009,5.99,6.13,5.71,5.87
20151012,5.95,5.95,5.16,5.22
20151013,5.51,5.99,5.31,5.32
20151014,5.3,5.65,5.12,5.15
20151015,5.21,5.4,5.15,5.29
20151016,5.35,5.64,5.21,5.58
20151019,5.6,5.95,5.56,5.92
20151020,5.93,6.26,5.9,6.06
20151021,6.13,6.15,5.64,5.77
20151022,5.79,5.97,5.65,5.66
20151023,5.75,5.82,5.42,5.58
20151026,5.58,5.58,5.42,5.5
20151027,5.48,5.48,5.26,5.3
20151028,5.26,5.65,5.1,5.42
20151029,5.42,5.67,5.42,5.65
20151030,5.59,5.62,5.31,5.32
20151102,5.35,5.9,5.35,5.73
20151103,5.77,5.99,5.64,5.9
20151104,5.84,6.12,5.66,5.74
20151105,5.74,5.85,5.59,5.63
20151106,5.62,5.77,5.34,5.43
20151109,5.43,5.48,5.28,5.39
20151110,5.37,5.48,4.38,5.14
20151111,6.65,8.28,6.51,7.61
20151112,7.67,7.74,7.1,7.26
20151113,7.21,7.44,6.8,7.17
20151116,7.2,7.8,7.0,7.59
20151117,7.65,7.66,7.25,7.35
20151118,7.31,7.55,7.25,7.5
20151119,7.44,8.05,7.32,7.89
20151120,7.95,8.47,7.8,8.12
20151123,8.18,9.0,8.16,8.69
20151124,8.67,9.98,8.61,9.9
20151125,10.24,11.0,9.84,10.2
20151126,10.2,10.2,10.2,10.2
20151127,10.25,10.6,9.75,10.41
20151130,10.34,10.36,9.41,10.02
20151201,10.0,10.0,9.56,9.86
20151202,9.81,9.82,9.19,9.25
20151203,9.18,9.18,8.52,8.52
20151204,8.61,9.06,8.06,8.16
20151207,8.18,8.38,7.83,7.87
20151208,7.83,8.5,7.51,8.23
20151209,8.54,9.02,8.03,8.27
20151210,8.23,8.38,8.04,8.17
20151211,8.02,8.07,7.69,7.92
20151214,7.92,8.24,7.7,8.13
20151215,8.2,8.36,8.02,8.09
20151216,8.19,8.3,7.93,8.13
20151217,7.98,8.3,7.87,8.08
20151218,8.08,8.22,7.95,8.07
20151221,7.99,8.48,7.8,8.34
20151222,8.34,8.47,8.01,8.12
20151223,8.19,9.72,8.19,9.09
20151224,8.96,9.42,8.93,8.97
20151225,8.97,8.97,8.97,8.97
20151228,8.84,9.43,8.53,8.75
20151229,8.82,9.4,8.66,8.92
20151230,8.94,9.34,8.6,8.8
20151231,9.39,10.1,9.02,9.11
20160101,9.11,9.11,9.11,9.11
20160104,9.0,9.44,8.6,9.34
20160105,9.39,10.35,8.5,9.34
20160106,9.0,9.33,8.58,8.93
20160107,8.63,8.78,7.92,8.3
20160108,8.32,8.66,8.0,8.05
20160111,8.0,8.52,7.68,8.52
20160112,8.53,8.65,8.21,8.55
20160113,8.77,8.94,8.28,8.37
20160114,8.35,8.67,7.3,8.37
20160115,8.13,8.51,8.06,8.5
20160118,8.5,8.5,8.5,8.5
20160119,8.55,8.65,8.11,8.19
20160120,7.72,8.43,7.51,8.13
20160121,8.13,8.31,7.72,8.15
20160122,8.22,8.55,8.22,8.3
20160125,9.93,11.46,9.6,10.75
20160126,10.75,11.12,9.96,10.95
20160127,11.16,11.32,10.05,10.35
20160128,10.37,10.48,9.75,10.01
20160129,9.97,10.54,9.75,10.15
20160201,10.05,10.5,9.8,10.23
20160202,10.09,10.99,9.99,10.67
20160203,10.91,11.21,10.34,10.62
20160204,10.6,11.04,10.34,10.34
20160205,10.5,10.53,10.0,10.13
20160208,9.93,9.93,8.61,9.57
20160209,8.99,10.18,8.91,9.49
20160210,9.5,9.79,9.27,9.67
20160211,9.49,9.94,9.26,9.85
20160212,9.83,10.44,9.83,10.29
20160215,10.29,10.29,10.29,10.29
20160216,10.5,10.96,10.16,10.81
20160217,10.93,10.93,10.31,10.62
20160218,10.55,10.8,10.25,10.73
20160219,10.69,11.3,10.47,10.8
20160222,11.02,12.19,10.99,11.75
20160223,11.82,12.4,11.47,11.6
20160224,11.47,12.3,11.0,12.17
20160225,12.22,12.88,12.15,12.53
20160226,12.87,13.15,12.54,12.63
20160229,12.76,13.0,12.51,12.73
20160301,12.79,13.11,12.07,12.39
20160302,12.38,13.0,12.23,12.88
20160303,12.88,13.81,12.81,13.4
20160304,13.47,13.8,12.51,12.79
20160307,12.73,13.84,12.73,13.55
20160308,13.66,13.72,12.91,13.3
20160309,13.54,14.09,13.36,13.85
20160310,13.97,13.97,13.57,13.67
20160311,13.9,13.97,12.22,12.61
20160314,12.57,13.33,12.07,12.59
20160315,12.5,12.63,10.56,10.65
20160316,10.47,10.49,8.75,9.65
20160317,9.74,11.47,9.71,11.11
20160318,11.16,11.34,10.07,10.66
20160321,10.8,11.16,10.57,10.7
20160322,10.6,10.89,10.4,10.48
20160323,10.44,10.63,10.22,10.53
20160324,10.41,10.6,10.2,10.41
20160325,10.41,10.41,10.41,10.41
20160328,10.41,10.47,10.07,10.12
20160329,10.07,10.3,9.64,10.1
20160330,10.11,10.23,9.91,9.99
20160331,10.05,10.13,9.77,9.77
20160401,9.59,9.7,9.01,9.14
20160404,9.25,9.34,9.01,9.05
20160405,9.01,9.05,8.48,8.52
20160406,8.55,8.8,8.37,8.54
20160407,8.52,8.94,8.07,8.14
20160408,8.3,10.91,8.29,10.8
20160411,10.9,11.23,9.42,9.57
20160412,9.61,10.14,9.1,9.58
20160413,9.59,9.84,9.12,9.21
20160414,9.17,9.75,9.07,9.37
20160415,9.35,9.71,9.23,9.23
20160418,9.18,9.37,8.7,9.33
20160419,9.38,9.56,9.2,9.24
20160420,9.24,9.33,8.92,9.05
20160421,9.02,9.56,9.0,9.44
20160422,9.81,9.92,9.23,9.92
20160425,9.8,9.8,9.05,9.26
20160426,8.66,9.05,7.26,7.72
20160427,7.72,7.86,7.36,7.61
20160428,7.81,7.81,6.6,6.86
20160429,6.76,7.38,6.38,7.25
20160502,7.24,7.36,6.81,6.91
20160503,7.05,7.05,6.78,6.8
20160504,6.96,7.05,6.72,6.84
20160505,6.81,6.98,6.71,6.81
20160506,6.71,7.27,6.66,6.8
20160509,7.22,7.22,6.51,6.73
20160510,6.69,7.12,6.67,7.03
20160511,6.96,7.22,6.76,7.03
20160512,7.04,7.05,6.64,6.76
20160513,6.71,6.88,6.53,6.57
20160516,6.83,6.83,6.53,6.74
20160517,6.68,6.88,6.66,6.71
20160518,6.71,6.79,6.62,6.63
20160519,7.02,7.02,6.39,6.64
20160520,6.64,6.78,6.61,6.73
20160523,6.76,6.93,6.63,6.66
20160524,6.74,7.24,6.7,7.15
20160525,7.14,7.5,7.07,7.48
20160526,7.7,7.96,7.26,7.86
20160527,7.8,7.85,7.37,7.43
20160530,7.43,7.43,7.43,7.43
20160531,7.36,7.4,7.0,7.07
20160601,7.0,7.35,6.82,7.35
20160602,7.28,7.29,7.04,7.15
20160603,7.1,7.78,7.06,7.4
20160606,8.06,8.06,7.4,7.59
20160607,7.58,7.88,7.3,7.65
20160608,7.66,7.66,7.18,7.4
20160609,7.31,7.58,7.12,7.5
20160610,7.41,7.41,7.22,7.33
20160613,7.2,7.72,7.12,7.16
20160614,7.1,7.26,6.97,7.06
20160615,6.9,7.18,6.9,7.03
20160616,7.01,7.11,6.8,7.08
20160617,7.08,7.19,6.74,6.78
20160620,6.71,7.29,6.71,7.11
20160621,7.1,7.24,7.09,7.13
20160622,7.24,7.49,7.15,7.22
20160623,7.25,7.51,7.07,7.18
20160624,6.87,7.41,6.78,7.08
20160627,6.8,7.29,6.79,7.19
20160628,7.35,7.7,7.24,7.58
20160629,7.27,7.74,7.27,7.56
20160630,7.5,7.65,7.27,7.4
20160701,7.45,7.74,7.45,7.62
20160704,7.62,7.62,7.62,7.62
20160705,7.6,7.79,7.53,7.56
20160706,7.53,7.74,7.48,7.62
20160707,7.55,7.69,7.55,7.61
20160708,7.6,7.8,7.41,7.46
20160711,7.5,7.7,7.44,7.46
20160712,7.51,7.62,7.45,7.46
20160713,7.5,7.59,7.29,7.57
20160714,7.55,7.75,7.5,7.58
20160715,7.65,7.67,7.41,7.48
20160718,7.5,7.61,7.44,7.55
20160719,7.45,7.6,7.45,7.54
20160720,7.46,7.6,7.37,7.41
20160721,7.31,7.48,7.31,7.48
20160722,7.32,7.78,7.32,7.7
20160725,7.68,7.68,7.46,7.6
20160726,7.47,7.6,7.19,7.23
20160727,7.11,7.25,6.99,7.09
20160728,7.01,7.06,6.75,6.77
20160729,7.04,8.05,7.01,7.11
20160801,7.53,7.96,7.42,7.76
20160802,7.83,8.4,7.62,8.24
20160803,8.11,8.43,8.11,8.16
20160804,8.16,8.87,8.16,8.63
20160805,8.56,8.81,8.48,8.61
20160808,8.64,8.76,8.58,8.64
20160809,8.8,8.93,8.68,8.9
20160810,8.95,8.99,8.06,8.11
20160811,8.23,8.49,8.16,8.29
20160812,8.29,8.46,8.12,8.41
20160815,8.52,8.55,8.2,8.2
20160816,8.2,8.34,8.05,8.07
20160817,8.05,8.07,7.81,7.84
20160818,7.92,7.99,7.82,7.91
20160819,7.82,8.02,7.68,7.86
20160822,7.95,8.2,7.17,7.56
20160823,7.59,7.64,7.45,7.46
20160824,7.51,7.51,7.31,7.38
20160825,7.4,7.54,7.2,7.22
20160826,7.35,7.53,7.25,7.4
20160829,7.51,7.53,7.37,7.39
20160830,8.41,8.41,7.24,7.46
20160831,7.96,7.96,7.32,7.47
20160901,7.5,7.5,7.15,7.35
20160902,7.76,7.76,7.33,7.46
20160905,7.46,7.46,7.46,7.46
20160906,7.45,7.48,7.29,7.42
20160907,7.41,7.44,7.29,7.4
20160908,7.41,7.69,7.38,7.65
20160909,7.54,7.58,7.15,7.2
20160912,7.12,7.45,7.1,7.43
20160913,7.31,7.38,7.08,7.18
20160914,7.21,7.22,7.01,7.1
20160915,7.07,7.34,7.07,7.3
20160916,7.23,7.33,7.21,7.24
20160919,7.29,7.29,7.1,7.12
20160920,7.1,7.19,7.09,7.09
20160921,7.86,8.0,7.59,7.77
20160922,7.97,7.98,7.75,7.79
20160923,7.85,7.95,7.64,7.77
20160926,7.8,7.98,7.75,7.96
20160927,8.03,8.03,7.81,7.87
20160928,8.01,8.37,7.94,8.33
20160929,8.3,8.35,8.1,8.24
20160930,8.27,8.36,8.17,8.3
20161003,8.33,8.36,7.89,8.23
20161004,8.21,8.37,8.21,8.33
20161005,8.4,8.58,8.36,8.54
20161006,8.53,8.6,8.07,8.2
20161007,8.38,8.49,8.23,8.27
20161010,8.4,8.48,8.24,8.27
20161011,8.25,8.41,7.98,8.12
20161012,8.09,8.3,8.09,8.29
20161013,8.2,8.2,8.02,8.11
20161014,8.12,8.33,8.12,8.19
20161017,8.21,8.46,8.11,8.18
20161018,8.23,8.58,8.18,8.42
20161019,8.36,8.5,8.32,8.47
20161020,8.09,8.47,8.01,8.05
20161021,8.02,8.28,7.95,8.02
20161024,8.03,8.15,7.98,7.98
20161025,7.91,8.27,7.91,8.0
20161026,7.99,8.08,7.63,8.0
20161027,8.08,8.15,7.62,7.75
20161028,7.8,7.94,7.75,7.9
20161031,7.86,7.99,7.76,7.84
20161101,7.84,7.84,7.5,7.61
20161102,7.58,7.84,7.54,7.56
20161103,7.58,7.65,7.45,7.51
20161104,7.45,7.63,7.42,7.49
20161107,7.55,7.69,7.45,7.48
20161108,7.48,7.59,7.24,7.38
20161109,7.13,7.64,7.12,7.58
20161110,7.57,7.64,7.54,7.59
20161111,7.53,7.74,7.53,7.7
20161114,7.68,8.17,7.68,8.01
20161115,7.98,8.39,7.93,8.23
20161116,8.26,8.26,7.95,8.0
20161117,8.02,8.17,7.41,7.52
20161118,7.41,7.96,7.41,7.87
20161121,7.84,7.91,7.64,7.73
20161122,7.84,7.87,7.51,7.79
20161123,7.7,8.0,7.64,7.83
20161124,7.83,7.83,7.83,7.83
20161125,7.83,7.84,7.73,7.82
20161128,7.78,8.02,7.7,7.98
20161129,8.03,8.17,7.89,7.96
20161130,7.9,7.93,7.25,7.35
20161201,7.33,7.34,6.4,6.49
20161202,6.75,6.88,6.55,6.74
20161205,6.81,6.91,6.25,6.57
20161206,6.68,6.75,6.52,6.72
20161207,6.69,6.78,6.35,6.55
20161208,6.64,6.66,6.56,6.65
20161209,6.65,6.74,6.57,6.65
20161212,6.57,6.69,6.43,6.44
20161213,6.47,6.67,6.42,6.52
20161214,6.54,6.54,6.3,6.33
20161215,6.25,6.25,6.07,6.24
20161216,6.17,6.58,6.17,6.46
20161219,6.52,6.58,6.22,6.31
20161220,6.31,6.43,6.16,6.3
20161221,6.29,6.29,6.0,6.17
20161222,6.1,6.31,6.03,6.26
20161223,6.1,6.44,6.05,6.39
20161226,6.39,6.39,6.39,6.39
20161227,6.39,6.39,6.26,6.31
20161228,6.23,6.29,5.82,5.88
20161229,5.85,6.25,5.84,6.02
20161230,6.07,6.18,5.97,6.15
