20170725,69.17,70.85,68.45,69.21
20170726,70.09,70.105,68.7,68.7
20170727,70.07,70.4,69.3,69.85
20170728,69.07,69.1,60.15,64.93
20170731,62.51,63.225,61.91,62.52
20170801,63.76,63.92,63.44,63.59
20170802,64.02,64.25,63.61,64.05
20170803,65.11,65.74,64.86,65.19
20170804,66.49,66.52,65.46,65.87
20170807,65.63,65.99,65.14,65.39
20170808,65.36,65.45,64.03,64.08
20170809,64.51,64.74,64.3,64.48
20170810,64.26,64.26,62.88,62.88
20170811,63.18,63.25,62.8,62.91
20170814,62.96,63.083999999999996,62.755,62.81
20170815,63.19,63.5,62.99,63.36
20170816,62.56,62.75,62.51,62.61
20170817,62.56,62.6,61.35,61.35
20170818,61.14,61.14,60.8,60.8
20170821,61.32,61.64,61.215,61.44
20170822,61.43,61.54600000000001,60.705,60.88
20170823,60.5,60.98,60.3,60.94
20170824,62.02,62.28,61.62,61.8
20170825,62.28,62.41,61.7,61.75
20170828,61.84,62.18,61.67,61.91
20170829,61.52,61.66,61.25,61.5
20170830,61.84,61.89,61.35,61.62
20170831,61.92,62.43,61.81,62.12
20170901,62.59,62.77,62.43,62.67
20170904,62.67,62.67,62.67,62.67
20170905,62.4,62.5,61.83,62.15
20170906,62.75,63.21,62.69,62.79
20170907,64.04,64.38,63.76,63.83
20170908,64.66,64.85,64.42,64.51
20170911,64.57,64.73,64.36,64.45
20170912,63.63,63.94,63.42,63.66
20170913,63.58,63.79,63.34,63.39
20170914,63.33,63.4,62.595,62.99
20170915,63.68,65.0,63.4,63.99
20170918,63.46,63.63,63.0,63.3
20170919,63.24,63.28,62.5,62.63
20170920,62.66,62.7,61.79,62.04
20170921,61.6,61.92,61.5,61.7
20170922,62.37,62.4,62.07,62.23
20170925,61.92,62.04,61.52,61.99
20170926,61.71,62.77,61.64,62.41
20170927,62.82,63.22,62.78,63.07
20170928,62.42,62.61,62.235,62.5
20170929,62.91,62.94,62.42,62.45
20171002,62.2,62.63,62.12,62.44
20171003,61.98,62.41,61.92,62.18
20171004,62.47,63.09,62.45,62.9
20171005,61.98,61.99,61.34,61.38
20171006,62.29,62.53,61.865,62.33
20171009,63.07,63.4,62.79,63.19
20171010,64.05,64.76,63.92,64.74
20171011,64.66,64.915,64.46,64.8
20171012,64.56,64.57,64.08,64.46
20171013,64.4,64.74,64.365,64.48
20171016,64.46,64.655,64.27,64.38
20171017,64.28,64.31,63.9,64.21
20171018,63.95,64.215,63.92,64.02
20171019,63.61,63.82,63.16,63.47
20171020,63.82,64.24,63.8,64.19
20171023,64.42,64.6,64.02,64.25
20171024,63.22,63.38,62.88,63.26
20171025,65.19,65.33,64.025,64.53
20171026,65.35,65.71,65.19,65.44
20171027,65.62,65.97,65.37,65.58
20171030,65.35,65.49,64.58,64.62
20171031,64.38,64.66,63.97,64.4
20171101,65.01,65.18,64.59,64.79
20171102,64.65,64.89,64.34,64.71
20171103,65.09,65.38,65.045,65.35
20171106,64.98,65.2,64.875,65.05
20171107,64.32,64.97,64.31,64.89
20171108,64.78,65.15,64.77,65.11
20171109,64.84,65.05,64.64,64.94
20171110,65.05,65.08,64.66,65.0
20171113,64.87,64.92,64.615,64.71
20171114,64.16,64.36,63.82,64.19
20171115,64.4,64.47,64.085,64.15
20171116,64.97,65.63,64.94,65.57
20171117,65.82,66.46,65.63,66.18
20171120,65.85,66.41,65.81,66.13
20171121,66.78,67.44,66.77,67.41
20171122,67.07,67.13,66.6,66.8
20171123,66.8,66.8,66.8,66.8
20171124,66.79,66.81,66.47,66.78
20171127,66.76,66.81,66.17,66.2
20171128,65.88,66.19,65.53,66.16
20171129,65.06,65.42,64.43,64.77
20171130,64.66,64.69,63.39,63.63
20171201,63.66,64.92,63.64,64.74
20171204,64.29,64.96,64.17,64.95
20171205,65.05,65.495,65.02,65.46
20171206,66.72,67.94,66.6,67.84
20171207,66.7,66.71,66.19,66.51
20171208,66.3,66.8,66.04,66.76
20171211,66.93,67.18,66.79,67.15
20171212,67.15,67.51,67.12,67.3
20171213,67.08,67.65,67.08,67.36
20171214,66.32,66.64,65.32,65.78
20171215,66.09,66.305,65.71,65.86
20171218,66.85,67.025,66.335,66.75
20171219,66.18,67.34,66.17,66.58
20171220,66.56,66.56,65.85,65.96
20171221,66.89,67.3,66.68,66.7
20171222,66.89,66.94,66.43,66.6
20171225,66.6,66.6,66.6,66.6
20171226,66.54,66.72,66.32,66.38
20171227,67.22,67.26,66.86,66.99
20171228,66.9,66.92,66.37,66.53
20171229,67.05,67.56,66.83,66.99
20180101,66.99,66.99,66.99,66.99
20180102,67.71,67.74,66.67,67.18
20180103,66.89,67.22,66.55,66.62
20180104,66.61,66.89,66.28,66.31
20180105,67.0,67.44,66.88,67.29
20180108,66.91,67.07,66.57,66.97
20180109,67.35,67.42,66.6,66.89
20180110,67.18,67.26,66.86,67.15
20180111,68.1,68.49,68.07,68.15
20180112,67.96,68.24,67.545,67.79
20180115,67.79,67.79,67.79,67.79
20180116,69.03,69.42,68.89,69.13
20180117,69.22,69.64,69.02,69.38
20180118,68.62,68.82,68.375,68.56
20180119,69.14,70.39,69.14,70.3
20180122,70.26,70.44,70.11,70.31
20180123,70.71,71.445,70.47,71.36
20180124,71.14,71.31,70.64,71.05
20180125,70.09,70.24,68.44,68.6
20180126,68.87,70.09,68.82,70.07
20180129,68.92,68.92,68.12,68.47
20180130,68.66,68.89,68.0,68.62
20180131,68.62,68.77,67.915,68.1
20180201,68.46,68.73,68.33,68.49
20180202,67.38,67.53,66.6,66.63
20180205,65.46,65.6,63.43,63.43
20180206,63.06,64.63,62.83,64.51
20180207,63.72,65.06,63.68,63.79
20180208,63.56,63.6,62.1,62.11
20180209,61.73,62.0,60.33,61.15
20180212,61.91,62.55,61.76,62.21
20180213,61.1,61.67,61.04,61.5
20180214,61.69,62.53,61.67,62.3
20180215,62.21,62.93,62.02,62.85
20180216,62.22,63.04,62.16,62.43
20180219,62.43,62.43,62.43,62.43
20180220,62.57,62.98,62.41,62.49
20180221,62.42,62.59,61.7,61.7
20180222,59.87,60.96,59.6,60.41
20180223,62.26,62.81,62.03,62.78
20180226,62.59,62.75,62.22,62.62
20180227,61.9,61.99,60.79,60.82
20180228,60.19,60.23,59.04,59.06
20180301,58.7,59.35,58.0,58.8
20180302,58.18,58.7,58.14,58.67
20180305,58.0,58.91,57.97,58.75
20180306,58.8,58.8,58.42,58.61
20180307,58.84,58.92,58.14,58.51
20180308,58.73,59.41,58.64,59.3
20180309,59.35,59.56,58.97,59.17
20180312,59.36,59.55,58.93,59.02
20180313,58.53,58.775,58.18,58.24
20180314,59.22,59.28,58.63,58.76
20180315,59.29,59.75,58.45,58.57
20180316,58.32,58.66,57.89,57.93
20180319,57.25,57.34,56.32,56.49
20180320,56.34,56.59,55.69,55.78
20180321,55.13,55.35,54.26,54.41
20180322,53.52,54.81,53.38,54.06
20180323,55.62,55.78,54.77,54.83
20180326,55.47,55.79,55.15,55.71
20180327,55.77,56.07,55.37,55.58
20180328,56.34,57.56,56.24,57.33
20180329,58.21,58.73,57.68,57.69
20180330,57.69,57.69,57.69,57.69
20180402,57.47,57.66,56.71,56.98
20180403,58.26,58.75,57.92,58.56
20180404,58.72,59.82,58.61,59.66
20180405,59.71,60.19,59.44,60.07
20180406,60.28,60.8,60.15,60.27
20180409,60.8,60.81,60.25,60.3
20180410,60.48,60.5,59.81,60.01
20180411,59.9,60.35,59.37,59.41
20180412,59.51,59.55,58.84,59.01
20180413,58.83,58.945,58.65,58.83
20180416,58.16,58.22,57.79,57.86
20180417,57.3,57.35,56.64,56.75
20180418,55.89,55.91,54.61,54.84
20180419,53.87,53.9,50.82,52.24
20180420,51.93,52.09,51.66,51.77
20180423,52.52,52.635,51.93,52.54
20180424,51.97,52.34,51.69,52.1
20180425,52.96,53.71,52.59,53.6
20180426,54.62,55.33,53.97,55.24
20180427,55.23,55.76,55.11,55.22
20180430,55.03,55.19,54.585,54.62
20180501,52.99,53.32,52.79,52.95
20180502,53.8,53.8,52.91,52.96
20180503,53.06,53.15,52.48,52.58
20180504,52.48,52.97,52.46,52.63
20180507,52.72,52.82,52.25,52.41
20180508,52.06,52.16,51.21,51.4
20180509,52.2,53.29,52.15,52.74
20180510,52.54,52.88,52.33,52.68
20180511,52.49,52.61,51.465,51.5
20180514,51.95,52.01,51.51,51.54
20180515,51.43,51.83,51.23,51.51
20180516,51.84,51.93,51.58,51.68
20180517,51.82,51.83,51.16,51.41
20180518,51.51,51.55,50.98,51.06
20180521,50.55,50.62,50.3,50.39
20180522,50.48,50.76,50.42,50.52
20180523,50.85,50.96,50.08,50.4
20180524,50.98,51.09,50.58,50.66
20180525,50.96,51.57,50.94,51.16
20180528,51.16,51.16,51.16,51.16
20180529,50.26,50.64,49.99,50.3
20180530,50.31,50.9,50.13,50.83
20180531,51.59,51.59,50.79,51.2
20180601,51.21,51.23,50.705,50.77
20180604,51.04,51.15,50.54,50.7
20180605,50.26,50.29,49.64,49.69
20180606,49.69,49.75,49.49,49.69
20180607,49.12,49.18,48.71,48.85
20180608,48.83,49.355,48.83,49.31
20180611,49.86,50.53,49.72,50.37
20180612,49.57,49.74,49.22,49.3
20180613,49.71,49.79,49.46,49.5
20180614,49.75,50.1,49.46,49.6
20180615,49.33,49.61,49.1,49.34
20180618,48.62,48.65,48.0,48.34
20180619,48.48,48.76,48.45,48.55
20180620,50.11,50.13,49.67,49.84
20180621,50.67,50.9,50.42,50.5
20180622,51.25,51.82,51.25,51.53
20180625,50.64,50.79,50.13,50.36
20180626,50.54,50.58,49.48,49.64
20180627,49.65,49.76,49.13,49.2
20180628,50.41,50.95,50.24,50.75
20180629,50.97,50.98,50.31,50.45
20180702,49.83,50.33,49.77,50.08
20180703,51.68,51.69,51.16,51.18
20180704,51.18,51.18,51.18,51.18
20180705,51.65,51.69,51.26,51.69
20180706,51.73,51.94,51.625,51.78
20180709,52.37,52.44,52.02,52.21
20180710,51.87,52.31,51.69,52.25
20180711,51.48,51.71,51.23,51.38
20180712,51.51,52.0,51.42,51.74
20180713,51.68,51.84,51.63,51.8
20180716,51.37,51.49,50.93,51.09
20180717,50.28,50.47,50.05,50.19
20180718,50.59,50.6,49.96,50.15
20180719,49.59,50.71,49.11,50.65
20180720,51.65,52.11,51.55,51.81
20180723,51.47,51.75,51.11,51.4
20180724,51.91,52.17,51.71,51.92
20180725,52.3,52.34,51.8,51.85
20180726,54.97,55.215,54.41,54.44
20180727,54.16,54.2,53.64,53.83
20180730,54.53,54.68,54.38,54.53
20180731,55.69,55.77,54.65,54.78
20180801,54.98,54.99,54.58,54.8
20180802,54.47,54.52,53.93,54.25
20180803,54.08,54.59,53.94,54.55
20180806,53.91,54.06,53.67,53.82
20180807,54.19,54.27,53.85,53.94
20180808,54.12,54.235,53.78,54.01
20180809,53.66,54.18,53.48,54.08
20180810,53.15,53.5,52.86,53.39
20180813,52.8,53.28,52.76,53.15
20180814,53.18,53.42,53.09,53.35
20180815,51.94,53.025,51.74,52.94
20180816,52.65,53.29,52.62,53.09
20180817,53.33,53.8,53.27,53.69
20180820,53.9,54.19,53.83,53.89
20180821,54.03,54.03,53.11,53.33
20180822,53.21,53.25,52.73,52.73
20180823,52.18,52.22,51.79,51.95
20180824,50.99,50.99,50.19,50.28
20180827,50.56,50.97,50.51,50.87
20180828,50.16,50.38,49.9,50.02
20180829,49.96,50.0,49.75,49.79
20180830,49.14,49.34,48.94,49.03
20180831,48.8,48.94,48.18,48.38
20180903,48.38,48.38,48.38,48.38
20180904,48.05,48.17,47.87,47.91
20180905,47.7,48.14,47.64,48.11
20180906,47.9,47.97,47.45,47.57
20180907,47.37,47.75,47.34,47.53
20180910,47.98,47.99,47.34,47.35
20180911,46.5,46.51,46.07,46.24
20180912,46.72,49.4,46.34,49.02
20180913,48.18,48.58,47.74,48.31
20180914,48.49,48.52,47.78,47.94
20180917,48.04,48.41,47.97,48.13
20180918,47.57,47.76,47.17,47.33
20180919,46.48,47.06,46.45,46.86
20180920,47.1,47.22,46.55,47.07
20180921,46.98,47.485,46.75,47.42
20180924,46.4,46.69,46.23,46.34
20180925,46.73,46.87,46.33,46.47
20180926,46.7,47.18,46.59,46.68
20180927,46.81,47.43,46.585,47.03
20180928,47.19,47.28,46.57,46.63
20181001,46.44,46.51,45.47,45.68
20181002,45.83,46.54,45.75,46.39
20181003,46.69,46.83,45.935,46.02
20181004,44.65,45.205,44.58,45.17
20181005,44.9,45.17,44.71,44.82
20181008,44.87,45.02,43.53,44.59
20181009,44.4,44.84,44.19,44.48
20181010,45.17,45.91,44.91,44.92
20181011,45.6,45.7,44.025,44.34
20181012,43.93,43.94,42.81,43.27
20181015,43.29,43.88,43.24,43.41
20181016,43.23,43.23,41.69,41.92
20181017,42.85,43.57,42.77,43.08
20181018,42.27,43.245,42.21,42.4
20181019,42.66,43.4,42.64,43.3
20181022,43.71,43.86,43.35,43.47
20181023,45.63,46.02,44.81,45.51
20181024,45.8,45.8,45.31,45.41
20181025,45.84,46.5,45.47,46.17
20181026,46.06,46.39,45.58,45.82
20181029,46.36,46.4,45.09,45.36
20181030,44.3,44.64,43.66,43.81
20181031,43.77,43.78,43.19,43.4
20181101,43.91,44.55,43.84,44.3
20181102,43.65,44.06,43.12,43.51
20181105,44.53,44.87,44.14,44.19
20181106,43.1,43.92,42.79,43.77
20181107,45.27,45.33,44.8,45.16
20181108,44.38,44.56,43.49,43.6
20181109,43.79,43.915,41.48,41.75
20181112,38.78,39.02,38.04,38.08
20181113,37.67,37.72,36.76,37.04
20181114,37.6,37.67,36.25,36.51
20181115,36.36,36.41,34.87,35.18
20181116,34.86,35.24,34.34,34.54
20181119,34.98,35.25,34.44,34.62
20181120,35.0,35.19,34.115,34.19
20181121,34.62,34.87,34.39,34.59
20181122,34.59,34.59,34.59,34.59
20181123,35.4,35.47,34.605,34.8
20181126,34.66,34.91,34.59,34.87
20181127,35.05,35.09,34.37,34.41
20181128,35.2,35.55,34.7,35.53
20181129,35.57,36.03,35.33,35.48
20181130,35.13,35.23,34.48,34.87
20181203,35.47,35.64,35.3,35.53
20181204,35.26,35.33,34.2,34.24
20181205,34.24,34.24,34.24,34.24
20181206,35.02,35.1,34.01,34.59
20181207,34.37,34.47,33.53,33.7
20181210,34.56,34.56,34.01,34.3
20181211,34.79,34.79,33.51,33.63
20181212,34.64,34.96,34.31,34.33
20181213,34.21,34.34,33.6,33.94
20181214,33.22,33.48,33.0,33.08
20181217,33.35,33.44,32.555,32.72
20181218,32.83,32.85,32.12,32.2
20181219,32.33,32.58,31.57,31.83
20181220,32.63,32.72,31.72,32.04
20181221,31.93,32.12,31.215,31.33
20181224,31.83,31.98,31.35,31.5
20181225,31.5,31.5,31.5,31.5
20181226,31.51,31.89,30.73,31.87
20181227,31.03,31.42,30.67,31.4
20181228,32.65,32.71,32.18,32.48
20181231,31.99,32.03,31.07,31.86
20190101,31.86,31.86,31.86,31.86
20190102,31.23,31.6,31.03,31.54
20190103,31.31,31.78,31.28,31.61
20190104,32.19,33.07,32.14,32.99
20190107,31.93,32.02,31.36,31.71
20190108,32.0,32.17,31.72,32.01
20190109,31.92,32.11,31.77,31.79
20190110,32.08,32.52,32.05,32.17
20190111,32.35,32.88,32.21,32.7
20190114,32.52,32.55,32.2,32.26
20190115,32.28,32.45,31.94,32.23
20190116,32.08,32.34,31.855,32.1
20190117,32.45,32.91,32.39,32.74
20190118,32.58,33.04,32.45,32.9
20190121,32.9,32.9,32.9,32.9
20190122,33.09,33.19,32.22,32.41
20190123,32.39,32.43,32.06,32.37
20190124,32.0,32.02,31.24,31.48
20190125,31.42,31.665,31.31,31.41
20190128,30.95,32.08,30.91,32.0
20190129,32.9,33.36,32.74,33.29
20190130,34.25,34.61,34.17,34.57
20190131,35.18,35.31,34.63,35.28
20190201,35.55,35.78,35.305,35.48
20190204,35.25,35.29,34.78,35.17
20190205,36.03,36.03,35.76,35.98
20190206,35.65,35.8,35.28,35.47
20190207,36.06,36.21,35.33,35.47
20190208,35.01,35.16,34.71,35.15
20190211,35.44,35.51,35.21,35.41
20190212,35.1,35.63,35.1,35.54
20190213,36.48,36.56,36.035,36.06
20190214,36.32,36.37,35.955,36.33
20190215,36.62,36.75,36.515,36.72
20190218,36.72,36.72,36.72,36.72
20190219,36.48,36.77,36.33,36.65
20190220,36.88,37.525,36.87,37.36
20190221,36.68,37.13,36.55,36.92
20190222,37.23,37.82,37.17,37.78
20190225,37.73,38.06,37.66,37.81
20190226,37.31,37.9,37.23,37.73
20190227,37.48,37.61,37.16,37.25
20190228,36.63,36.905,36.534,36.74
20190301,37.44,38.03,37.44,37.95
20190304,38.14,38.18,37.585,37.76
20190305,37.85,39.24,37.77,38.46
20190306,39.65,40.25,39.51,40.18
20190307,40.98,41.01,39.905,39.99
20190308,39.99,40.38,39.79,39.99
20190311,39.74,40.275,39.69,40.19
20190312,40.27,40.5785,40.05,40.24
20190313,39.75,39.81,39.22,39.43
20190314,39.91,40.1,39.25,39.56
20190315,40.25,40.97,40.25,40.85
20190318,41.59,41.8,41.3452,41.67
20190319,42.14,42.59,41.13,41.51
20190320,42.22,42.28,41.8001,42.2
20190321,41.38,41.62,41.3357,41.42
20190322,40.98,41.19,40.54,40.54
20190325,40.0,40.556999999999995,39.99,40.31
20190326,40.83,41.0,40.62,40.85
20190327,40.51,40.94,40.41,40.77
20190328,41.07,41.37,40.99,41.22
20190329,41.49,41.77,41.28,41.72
20190401,41.4,41.5501,41.01,41.09
20190402,41.67,41.72,41.34,41.43
20190403,40.64,40.93,40.145,40.27
20190404,40.66,41.11,40.59,41.05
20190405,40.43,40.76,40.41,40.75
20190408,40.68,40.73,40.53,40.72
20190409,40.6,40.72,40.44,40.48
20190410,40.46,40.69,40.4,40.46
20190411,40.3,40.45,39.97,40.08
20190412,40.06,40.645,40.06,40.63
20190415,40.83,41.06,40.7941,41.02
20190416,40.93,40.96,40.615,40.82
20190417,40.75,40.81,40.33,40.37
20190418,40.41,40.5,38.9,39.78
20190419,39.78,39.78,39.78,39.78
20190422,39.75,39.94,39.59,39.67
20190423,40.0,40.08,39.71,39.77
20190424,39.27,39.51,39.205,39.32
20190425,38.15,38.45,37.68,38.24
20190426,38.19,38.86,38.19,38.8
20190429,38.84,39.0133,38.78,38.85
20190430,38.64,39.44,38.62,39.2
20190501,38.76,38.82,37.96,37.97
20190502,37.52,37.64,37.39,37.5
20190503,37.69,38.21,37.69,38.14
20190506,37.39,37.99,37.34,37.94
20190507,37.5,37.71,37.31,37.48
20190508,36.45,37.205,36.39,37.04
20190509,37.65,37.9768,37.42,37.89
20190510,37.24,37.6,37.025,37.6
20190513,37.16,37.35,37.11,37.21
20190514,37.03,37.407,37.0,37.22
20190515,36.98,37.61,36.95,37.56
20190516,37.17,37.615,37.16,37.36
20190517,37.49,37.79,37.43,37.59
20190520,37.43,37.91,37.3999,37.75
20190521,38.26,38.27,37.8484,37.95
20190522,37.64,37.95,37.57,37.81
20190523,37.43,37.49,37.13,37.49
20190524,38.03,38.21,37.77,37.86
20190527,37.86,37.86,37.86,37.86
20190528,36.76,36.76,36.08,36.32
20190529,35.08,35.8,34.93,35.76
20190530,35.76,35.84,35.465,35.61
20190531,34.88,34.89,34.62,34.67
20190603,35.1,35.27,34.825,35.21
20190604,36.0,36.14,35.66,36.1
20190605,36.32,36.32,35.81,35.95
20190606,36.88,37.15,36.74,36.87
20190607,38.25,38.49,38.01,38.31
20190610,38.53,38.54,38.07,38.32
20190611,38.65,39.04,38.33,38.9
20190612,37.23,37.48,36.905,36.96
20190613,36.99,37.06,36.74,36.95
20190614,36.33,36.53,36.27,36.3
20190617,35.68,35.87,35.64,35.72
20190618,35.97,36.15,35.76,35.8
20190619,35.36,35.62,35.2,35.47
20190620,35.43,35.7458,35.4,35.68
20190621,35.1,35.52,35.06,35.33
20190624,35.24,35.54,35.2,35.2
20190625,35.65,35.88,35.585,35.77
20190626,35.5,35.76,35.3833,35.53
20190627,35.11,35.15,34.7113,34.94
20190628,35.04,35.05,34.82,34.87
20190701,35.83,36.255,35.43,35.53
20190702,36.49,36.65,36.26,36.62
20190703,37.33,37.43,37.17,37.37
20190704,37.37,37.37,37.37,37.37
20190705,37.76,37.79,37.13,37.52
20190708,37.74,38.03,37.66,37.75
20190709,37.11,37.16,36.7,36.78
20190710,36.97,37.12,36.815,36.94
20190711,36.21,36.51,36.2,36.49
20190712,36.38,36.56,36.16,36.29
20190715,36.69,36.81,36.54,36.65
20190716,36.68,36.72,36.375,36.56
20190717,36.6,36.64,36.2544,36.45
20190718,37.78,39.235,37.72,38.96
20190719,38.83,39.085,38.315,38.42
20190722,38.12,38.27,37.94,38.0
20190723,38.31,38.42,37.55,37.68
20190724,37.51,37.82,37.2,37.29
20190725,37.79,37.82,37.29,37.37
20190726,37.65,37.7,37.14,37.28
20190729,37.89,38.15,37.36,37.39
20190730,36.5,36.59,35.83,36.01
20190731,35.98,36.22,35.23,35.61
20190801,37.49,38.323,37.39,37.7
20190802,38.32,38.35,37.52,37.7
20190805,36.62,36.7,35.78,36.05
20190806,36.5,36.56,36.01,36.27
20190807,36.03,36.935,36.0,36.82
20190808,37.25,37.58,37.16,37.57
20190809,36.94,37.14,36.81,37.03
20190812,36.96,37.07,36.83,36.95
20190813,36.46,36.87,36.36,36.77
20190814,36.16,36.445,36.11,36.22
20190815,36.79,37.16,36.71,36.99
20190816,36.72,36.86,36.65,36.73
20190819,36.73,36.95,36.62,36.62
20190820,36.48,36.59,35.98,36.17
20190821,36.74,36.85,36.57,36.72
20190822,36.36,36.71,36.31,36.57
20190823,36.63,36.77,36.0,36.08
20190826,36.35,36.52,35.97,36.11
20190827,35.8,36.16,34.11,34.18
20190828,34.18,34.955,34.09,34.78
20190829,35.11,35.17,34.7,34.98
20190830,35.28,35.37,34.885,35.1
20190902,35.1,35.1,35.1,35.1
20190903,34.86,35.255,34.78,35.24
20190904,35.26,35.49,35.12,35.48
20190905,35.71,35.87,35.515,35.66
20190906,35.71,36.13,35.65,35.98
20190909,35.57,35.8,35.51,35.76
20190910,36.03,36.81,35.99,36.81
20190911,36.97,37.71,36.96,37.7
20190912,38.14,38.1802,37.69,37.99
20190913,36.72,37.23,36.71,36.76
20190916,36.24,36.45,36.0,36.01
20190917,36.36,36.89,36.29,36.84
20190918,37.0,37.19,36.7009,36.91
20190919,36.87,37.055,36.46,36.48
20190920,36.24,36.62,36.24,36.29
20190923,35.75,35.92,35.61,35.8
20190924,35.4,35.52,35.23,35.26
20190925,36.0,36.38,35.725,36.33
20190926,36.09,36.4,35.92,36.02
20190927,36.01,36.24,35.88,36.15
20190930,36.74,37.12,36.69,36.9
20191001,36.91,36.94,36.49,36.76
20191002,35.98,36.05,35.5,35.68
20191003,34.57,34.8,34.47,34.69
20191004,34.22,34.705,34.19,34.67
20191007,34.59,34.906,34.5201,34.71
20191008,34.42,34.6,34.27,34.36
20191009,34.47,34.56,34.35,34.47
20191010,34.46,34.7582,34.37,34.66
20191011,34.12,34.57,33.73,34.36
20191014,34.0,34.39,33.94,34.32
20191015,34.56,34.74,34.4,34.6
20191016,34.46,34.6799,34.43,34.54
20191017,34.71,34.955,34.4535,34.91
20191018,34.41,34.71,34.4,34.53
20191021,34.61,34.74,34.45,34.57
20191022,34.61,35.0,34.4277,34.72
20191023,35.0,35.55,34.94,35.52
20191024,35.75,35.835,35.32,35.44
20191025,34.85,35.0148,34.615,34.8
20191028,34.88,35.27,34.81,34.88
20191029,34.62,35.225,34.61,35.12
20191030,35.31,35.5,35.17,35.43
20191031,35.33,35.38,34.85,34.96
20191101,35.34,35.5958,35.25,35.51
20191104,35.89,36.16,35.725,35.85
20191105,35.91,36.08,35.76,36.03
20191106,36.61,36.62,36.37,36.4
20191107,37.2,37.2,36.61,36.72
20191108,36.89,37.06,36.74,37.06
20191111,37.06,37.46,36.99,37.43
20191112,37.43,37.72,37.385,37.67
20191113,37.37,37.51,37.06,37.15
20191114,37.25,37.44,37.2136,37.3
20191115,36.41,36.865,36.41,36.84
20191118,37.3,37.31,37.06,37.24
20191119,37.75,37.77,37.15,37.2
20191120,36.85,38.91,36.82,38.25
20191121,38.18,38.38,37.89,38.35
20191122,38.37,38.44,38.075,38.15
20191125,38.64,38.98,38.44,38.93
20191126,38.42,38.51,37.88,37.94
20191127,39.31,39.73,39.285,39.57
20191128,39.57,39.57,39.57,39.57
20191129,39.38,39.78,39.305,39.61
20191202,39.61,39.73,39.24,39.7
20191203,38.81,38.87,38.48,38.68
20191204,38.72,39.04,38.66,38.77
20191205,38.85,39.045,38.65,38.96
20191206,39.23,39.41,39.15,39.33
20191209,39.42,39.66,39.42,39.6
20191210,39.26,39.58,39.15,39.31
20191211,39.15,39.59,39.141999999999996,39.48
20191212,39.34,39.67,39.265,39.4
20191213,40.51,40.88,40.42,40.7
20191216,42.38,42.61,42.17,42.24
20191217,41.75,42.16,41.73,42.02
20191218,42.49,42.51,42.155,42.49
20191219,42.27,42.445,42.17,42.21
20191220,42.81,42.91,42.5,42.5
20191223,42.26,42.62,42.25,42.56
20191224,42.73,42.91,42.72,42.8
20191225,42.8,42.8,42.8,42.8
20191226,42.0,42.3,41.93,42.25
20191227,42.64,42.69,42.45,42.52
20191230,43.0,43.0,42.39,42.46
20191231,42.27,42.47,42.17,42.46
20200101,42.46,42.46,42.46,42.46
20200102,42.94,42.99,42.72,42.87
20200103,43.61,43.94,43.52,43.66
20200106,43.74,44.155,43.66,44.08
20200107,44.5,44.74,44.32,44.73
20200108,45.17,45.5383,45.09,45.41
20200109,45.44,45.5,45.1,45.39
20200110,45.56,45.62,45.195,45.22
20200113,45.18,45.41,45.06,45.4
20200114,45.24,45.35,45.155,45.25
20200115,45.45,45.64,45.39,45.48
20200116,45.16,45.2398,44.99,45.12
20200117,45.03,45.18,45.01,45.11
20200120,45.11,45.11,45.11,45.11
20200121,44.35,44.71,44.23,44.57
20200122,44.34,44.8918,44.34,44.65
20200123,44.55,44.72,44.4166,44.56
20200124,44.63,44.7007,44.43,44.55
20200127,43.55,44.05,43.46,43.76
20200128,43.73,44.03,43.68,43.87
20200129,43.72,44.12,43.69,43.84
20200130,43.85,44.085,43.56,44.05
20200131,44.13,44.28,43.88,44.05
20200203,43.95,44.3,43.91,44.05
20200204,44.48,44.9,44.4,44.74
20200205,44.16,44.7841,44.12,44.64
20200206,44.57,45.17,44.54,45.06
20200207,44.58,44.6,44.36,44.46
20200210,44.25,44.61,44.22,44.44
20200211,44.86,44.97,44.77,44.77
20200212,44.62,44.65,43.96,44.0
20200213,43.95,44.26,43.56,44.03
20200214,44.02,44.03,43.365,43.53
20200217,43.53,43.53,43.53,43.53
20200218,43.22,43.395,42.99,43.2
20200219,43.33,43.495,43.23,43.44
20200220,42.84,43.36,42.8,43.28
20200221,43.41,43.7,43.26,43.63
20200224,41.89,42.25,41.65,41.71
20200225,41.83,42.05,40.94,41.05
20200226,40.86,41.69,40.81,41.15
20200227,41.79,41.91,40.36,40.45
20200228,39.31,39.84,38.4473,39.8
20200302,38.37,39.63,38.1508,39.61
20200303,39.71,40.51,39.23,39.76
20200304,40.87,42.11,40.42,42.11
20200305,41.46,42.275,41.36,42.04
20200306,40.69,41.02,40.29,40.91
20200309,38.57,39.98,38.26,38.83
20200310,39.1,39.28,37.54,38.87
20200311,38.06,38.38,36.88,37.26
20200312,34.89,35.0,32.76,34.1
20200313,34.85,35.54,33.05,35.54
20200316,30.63,33.23,29.96,32.39
20200317,32.2,33.69,31.58,33.69
20200318,32.16,33.43,30.91,32.04
20200319,30.3,32.19,29.99,31.79
20200320,31.06,31.34,29.69,29.88
20200323,28.57,29.18,27.32,27.64
20200324,29.89,30.95,29.25,30.06
20200325,30.06,31.745,29.62,31.11
20200326,31.82,33.95,31.82,33.84
20200327,32.41,33.32,31.77,32.32
20200330,32.7,33.37,32.5401,33.04
20200331,33.85,34.71,33.71,34.19
20200401,35.49,36.32,34.845,35.07
20200402,36.59,36.99,35.87,36.9
20200403,36.23,36.56,35.78,36.21
20200406,36.24,36.9,36.175,36.67
20200407,37.25,37.37,36.23,36.38
20200408,36.5,36.84,35.95,36.59
20200409,37.05,38.02,36.96,37.6
20200413,37.5,37.73,37.27,37.38
20200414,36.49,37.93,36.48,37.89
20200415,37.04,37.16,36.605,36.7
20200416,37.5,37.66,36.85,37.04
20200417,37.43,37.67,36.9,37.5
20200420,36.69,37.45,36.53,36.72
20200421,35.94,36.3721,35.44,35.62
20200422,36.39,36.4,35.84,36.04
20200423,36.25,36.8,36.22,36.29
20200424,36.75,37.27,36.5,37.15
20200427,37.36,37.81,37.01,37.8
20200428,39.63,39.63,39.01,39.2
20200429,39.6,40.04,39.3198,40.02
20200430,39.43,39.51,38.04,38.15
20200501,37.81,37.93,37.04,37.34
20200504,37.34,37.41,36.97,37.35
20200505,37.55,38.02,37.47,37.8
20200506,37.55,37.695,36.9817,37.13
20200507,37.17,37.335,36.78,36.99
20200508,37.55,38.17,37.43,37.9
20200511,37.83,38.31,37.69,38.1
20200512,39.29,39.42,38.32,38.32
20200513,38.58,38.61,37.4,37.77
20200514,36.98,37.39,36.64,37.12
20200515,37.3,37.57,37.15,37.34
20200518,38.0,38.33,37.98,38.14
20200519,37.67,37.875,37.43,37.5
20200520,38.08,38.51,37.81,38.51
20200521,38.84,39.04,38.43,38.58
20200522,38.33,38.84,38.14,38.84
20200526,39.35,39.83,39.19,39.64
20200527,40.32,40.51,40.091,40.47
20200528,40.91,41.02,40.45,40.45
20200529,40.29,40.29,39.43,40.08
20200601,40.2,40.81,40.18,40.79
20200602,40.65,40.795,40.325,40.51
20200603,40.82,41.58,40.78,41.21
20200604,40.74,41.05,40.53,40.98
20200605,41.04,41.185,40.59,40.59
20200608,40.2,40.45,39.951,40.4
20200609,38.57,39.3,38.55,39.15
20200610,40.2,40.59,39.92,40.16
