20120102,28.78,28.78,28.78,28.78
20120103,29.46,29.71,29.06,29.28
20120104,29.24,29.47,28.81,28.95
20120105,28.79,29.61,28.48,29.52
20120106,29.49,29.59,29.18,29.37
20120109,29.45,29.67,29.02,29.41
20120110,29.79,29.91,29.54,29.75
20120111,29.68,29.76,29.48,29.51
20120112,29.71,29.85,29.25,29.79
20120113,29.44,29.79,29.39,29.66
20120116,29.66,29.66,29.66,29.66
20120117,29.96,30.09,29.24,29.3
20120118,29.37,29.8,29.25,29.78
20120119,29.97,29.97,29.68,29.83
20120120,29.91,30.12,29.77,29.85
20120123,29.81,30.1,29.24,29.52
20120124,29.28,29.56,29.12,29.46
20120125,29.42,29.95,29.23,29.88
20120126,30.06,30.06,29.5,29.64
20120127,29.44,29.96,29.44,29.81
20120130,29.55,30.02,29.49,29.84
20120131,30.07,30.16,29.59,30.07
20120201,30.33,31.18,30.12,31.09
20120202,31.19,31.64,31.01,31.47
20120203,31.94,32.58,31.85,32.54
20120206,32.14,32.76,32.12,32.69
20120207,32.62,32.94,32.24,32.63
20120208,32.74,35.55,31.86,34.63
20120209,34.72,35.08,34.4,34.63
20120210,34.34,35.62,34.08,35.45
20120213,35.75,36.62,35.57,36.49
20120214,36.18,36.28,35.53,35.87
20120215,35.9,36.01,35.37,35.58
20120216,35.58,36.77,35.54,36.72
20120217,36.78,36.99,36.41,36.59
20120220,36.59,36.59,36.59,36.59
20120221,36.62,37.05,36.49,36.8
20120222,35.5,36.94,35.5,36.31
20120223,36.41,36.76,36.1,36.67
20120224,36.77,36.79,36.37,36.56
20120227,36.38,36.61,35.54,36.26
20120228,36.22,36.68,35.89,36.04
20120229,36.21,36.77,35.61,35.79
20120301,35.92,36.09,35.44,35.5
20120302,35.5,35.6,34.93,35.0
20120305,34.84,35.12,34.39,34.75
20120306,34.22,34.44,33.62,33.66
20120307,33.77,33.89,33.53,33.63
20120308,33.86,34.04,33.42,34.0
20120309,33.97,34.67,33.93,34.58
20120312,34.49,34.66,34.3,34.58
20120313,34.59,35.35,34.57,35.34
20120314,35.37,35.59,34.81,35.09
20120315,35.15,35.65,34.67,35.55
20120316,35.54,35.81,35.43,35.52
20120319,35.56,36.54,35.56,36.01
20120320,35.79,35.89,35.35,35.6
20120321,35.52,36.37,35.52,35.98
20120322,35.61,35.83,35.11,35.83
20120323,35.75,36.84,35.57,36.76
20120326,37.17,37.46,36.94,37.24
20120327,37.35,38.37,37.3,37.7
20120328,37.8,37.8,36.93,37.02
20120329,36.76,37.3,36.37,36.97
20120330,37.33,37.33,36.71,36.77
20120402,36.68,36.9,36.23,36.87
20120404,35.78,35.78,35.25,35.71
20120405,35.61,35.84,35.52,35.75
20120406,35.75,35.75,35.75,35.75
20120409,35.21,35.21,34.76,34.77
20120410,34.71,34.82,34.16,34.35
20120411,34.75,34.94,34.53,34.9
20120412,34.92,35.27,34.86,35.2
20120413,34.98,35.01,34.45,34.5
20120416,34.77,34.91,34.21,34.76
20120417,35.05,35.65,34.95,35.41
20120418,35.2,35.2,34.69,34.71
20120419,34.8,35.1,34.43,34.61
20120420,34.96,35.27,34.55,34.82
20120423,34.37,34.37,33.65,34.23
20120424,34.24,34.55,34.09,34.38
20120425,34.83,34.89,34.53,34.61
20120426,34.67,34.67,34.29,34.3
20120427,34.28,34.77,34.02,34.62
20120430,34.5,34.52,34.05,34.4
20120501,34.5,34.96,34.31,34.38
20120502,34.12,34.21,33.74,34.09
20120503,34.14,34.6,34.07,34.3
20120504,34.03,34.12,33.77,33.84
20120507,33.67,33.92,33.37,33.81
20120508,33.49,34.03,33.3,33.88
20120509,33.45,33.68,33.11,33.19
20120510,34.61,35.39,34.04,34.21
20120511,33.98,34.58,33.98,34.23
20120514,33.82,33.93,33.44,33.54
20120515,33.45,33.76,33.3,33.51
20120516,33.53,34.41,33.32,34.21
20120517,34.13,34.18,33.35,33.43
20120518,33.39,33.72,32.98,33.54
20120521,33.74,34.11,33.3,34.02
20120522,34.14,34.4,33.77,34.15
20120523,33.85,34.55,33.75,34.42
20120524,34.46,34.47,33.83,34.44
20120525,34.5,34.78,34.3,34.63
20120528,34.63,34.63,34.63,34.63
20120529,34.96,35.37,34.85,35.25
20120530,34.85,35.23,34.67,34.99
20120531,35.1,35.11,34.57,34.9
20120601,34.11,34.8,34.07,34.22
20120604,34.32,34.5,33.44,33.84
20120605,33.62,34.2,33.43,33.96
20120606,34.3,34.65,33.97,34.52
20120607,35.05,35.29,34.45,34.47
20120608,34.39,35.13,34.2,35.0
20120611,35.26,35.26,34.02,34.15
20120612,34.31,34.8,33.86,34.74
20120613,34.65,35.25,34.43,34.68
20120614,34.79,34.98,34.5,34.9
20120615,35.05,35.32,34.94,35.14
20120618,35.03,35.66,34.99,35.5
20120619,35.77,36.17,35.54,35.96
20120620,36.0,36.0,35.62,35.7
20120621,35.59,35.77,35.3,35.48
20120622,35.72,36.12,35.66,35.99
20120625,35.59,35.6,35.36,35.45
20120626,35.5,35.6,34.91,35.31
20120627,35.38,35.72,35.24,35.44
20120628,35.19,35.51,34.9,35.51
20120629,36.17,36.78,35.91,36.44
20120702,36.64,36.64,35.75,36.39
20120703,36.15,37.39,36.03,37.2
20120704,37.2,37.2,37.2,37.2
20120705,37.05,37.54,37.03,37.13
20120706,36.71,36.81,36.24,36.43
20120709,36.26,36.53,36.01,36.5
20120710,36.81,36.84,36.17,36.3
20120711,36.24,36.34,35.71,35.86
20120712,35.69,36.03,35.18,35.78
20120713,35.84,36.73,35.84,36.71
20120716,36.5,36.73,36.3,36.55
20120717,36.68,36.73,36.0,36.26
20120718,36.31,36.7,35.97,36.49
20120719,36.63,37.0,36.39,36.4
20120720,36.18,36.35,35.37,35.39
20120723,34.94,35.36,34.58,35.19
20120724,35.19,35.19,34.15,34.27
20120725,34.48,34.56,34.16,34.27
20120726,34.88,35.26,34.14,34.8
20120727,34.87,36.39,34.7,36.23
20120730,36.23,36.85,35.6,35.8
20120731,35.69,36.1,35.59,36.01
20120801,36.24,36.3,34.46,34.46
20120802,34.32,34.47,33.9,34.4
20120803,34.94,36.67,34.74,36.44
20120806,36.57,37.27,36.55,36.83
20120807,36.99,37.01,36.24,36.35
20120808,36.2,36.71,36.13,36.22
20120809,36.23,36.44,35.73,36.23
20120810,35.87,36.91,33.05,36.44
20120813,36.33,36.66,35.23,35.9
20120814,35.98,36.08,35.69,36.02
20120815,36.0,36.87,36.0,36.81
20120816,36.85,36.85,36.21,36.28
20120817,36.34,36.63,36.31,36.58
20120820,36.48,36.5,36.17,36.42
20120821,36.54,36.94,35.89,36.13
20120822,36.33,36.8,35.84,36.05
20120823,35.9,36.05,35.61,35.66
20120824,35.54,35.94,35.5,35.59
20120827,35.74,35.85,35.28,35.39
20120828,35.33,35.58,35.16,35.39
20120829,35.42,35.51,35.2,35.36
20120830,35.4,35.43,34.89,34.93
20120831,35.27,35.55,34.73,35.43
20120903,35.43,35.43,35.43,35.43
20120904,35.41,35.41,34.5,35.1
20120905,35.21,36.22,34.99,36.0
20120906,36.26,37.09,36.22,36.99
20120907,37.03,37.21,36.75,36.91
20120910,36.78,37.3,36.68,37.13
20120911,37.2,37.74,37.18,37.52
20120912,37.64,37.97,37.49,37.82
20120913,37.73,38.84,37.56,38.57
20120914,38.71,39.26,38.58,39.03
20120917,38.87,39.03,37.98,38.35
20120918,38.14,38.36,38.02,38.28
20120919,38.27,38.8,38.18,38.23
20120920,37.94,38.55,37.94,38.36
20120921,38.9,39.0,38.62,38.81
20120924,38.68,39.26,38.41,39.11
20120925,39.23,39.5,38.52,38.61
20120926,38.59,38.71,38.09,38.27
20120927,38.36,38.69,38.22,38.63
20120928,38.41,39.27,38.06,38.85
20121001,39.04,39.31,38.56,38.72
20121002,38.79,38.96,38.37,38.76
20121003,38.71,38.93,38.13,38.31
20121004,38.48,38.57,38.04,38.5
20121005,38.57,39.04,38.26,38.44
20121008,38.22,38.5,38.13,38.24
20121009,38.13,38.42,37.57,37.61
20121010,34.37,34.88,34.0,34.7
20121011,34.46,34.98,34.34,34.67
20121012,34.6,35.16,34.52,35.02
20121015,35.02,35.68,35.0,35.47
20121016,35.57,35.77,35.3,35.55
20121017,35.55,36.39,35.52,36.26
20121018,36.16,36.27,35.62,36.09
20121019,35.81,36.03,35.38,35.46
20121022,35.35,35.77,35.35,35.57
20121023,35.09,35.86,35.03,35.61
20121024,35.65,36.02,35.38,35.65
20121025,35.88,36.33,35.75,36.3
20121026,36.42,36.84,36.4,36.62
20121029,36.62,36.62,36.62,36.62
20121030,36.62,36.62,36.62,36.62
20121031,36.73,37.55,36.73,37.44
20121101,37.56,38.09,37.32,37.64
20121102,37.91,37.91,36.94,36.94
20121105,36.98,38.0,36.65,37.75
20121106,37.79,37.86,37.37,37.59
20121107,37.05,37.21,36.38,36.53
20121108,36.39,36.52,35.89,35.92
20121109,35.82,36.35,35.7,35.94
20121112,35.92,36.3,35.73,36.04
20121113,35.2,36.11,35.04,35.7
20121114,35.87,35.9,34.69,34.81
20121115,34.72,34.86,34.33,34.6
20121116,34.48,35.06,34.16,34.98
20121119,35.35,35.52,34.92,35.21
20121120,35.09,35.22,34.75,35.21
20121121,35.17,35.37,34.83,35.28
20121122,35.28,35.28,35.28,35.28
20121123,35.43,35.97,35.25,35.94
20121126,35.9,36.65,35.85,36.61
20121127,36.51,36.85,36.21,36.22
20121128,36.08,36.67,35.67,36.65
20121129,36.99,37.28,36.74,37.03
20121130,37.1,37.1,36.52,36.7
20121203,36.75,36.93,35.9,36.37
20121204,36.33,36.51,35.71,36.23
20121205,36.3,36.39,35.73,36.1
20121206,36.23,36.23,35.57,35.82
20121207,36.06,36.06,35.66,35.81
20121210,35.93,36.33,35.75,36.11
20121211,36.3,36.55,36.02,36.36
20121212,36.55,36.55,35.97,36.12
20121213,36.04,36.14,35.38,35.65
20121214,36.9,36.9,35.19,35.55
20121217,35.48,35.98,35.46,35.81
20121218,35.94,36.53,35.84,36.49
20121219,36.46,36.59,36.37,36.46
20121220,36.45,36.73,36.26,36.71
20121221,36.4,37.0,36.4,36.75
20121224,36.8,36.97,36.49,36.74
20121225,36.74,36.74,36.74,36.74
20121226,38.35,38.35,36.34,36.38
20121227,36.31,36.54,35.9,36.4
20121228,36.26,36.76,36.1,36.37
20121231,36.29,37.5,36.23,37.41
20130101,37.41,37.41,37.41,37.41
20130102,38.28,38.5,38.04,38.17
20130103,38.33,38.37,37.85,37.98
20130104,38.59,39.6,38.59,39.2
20130107,39.1,39.28,38.65,38.85
20130108,38.75,39.1,38.41,38.89
20130109,38.97,39.42,38.97,39.24
20130110,39.48,39.55,38.88,39.39
20130111,39.47,39.47,38.56,38.82
20130114,38.76,38.92,38.37,38.86
20130115,38.61,39.46,38.61,39.34
20130116,39.11,39.23,38.82,39.07
20130117,39.3,39.74,39.11,39.58
20130118,39.64,39.64,38.92,39.32
20130121,39.32,39.32,39.32,39.32
20130122,39.39,40.1,39.39,40.07
20130123,40.01,40.44,40.01,40.3
20130124,40.31,40.9,40.18,40.67
20130125,40.82,41.25,40.74,41.23
20130128,41.28,41.63,40.51,41.59
20130129,41.61,42.36,41.55,42.35
20130130,42.22,42.42,41.97,42.27
20130131,41.4,41.58,40.9,41.17
20130201,41.38,41.73,41.22,41.39
20130204,41.28,41.4,40.58,40.69
20130205,40.96,40.96,40.66,40.76
20130206,40.43,40.78,40.36,40.7
20130207,40.65,40.7,40.31,40.34
20130208,41.13,42.18,40.21,40.5
20130211,40.42,40.42,40.04,40.27
20130212,40.28,40.49,40.12,40.37
20130213,40.46,40.5,39.91,40.2
20130214,40.18,40.53,39.94,40.45
20130215,40.61,41.28,40.54,41.11
20130218,41.11,41.11,41.11,41.11
20130219,41.08,41.83,41.08,41.73
20130220,41.7,41.81,40.75,40.76
20130221,40.69,41.04,40.63,40.83
20130222,41.07,41.37,40.98,41.3
20130225,41.51,41.53,39.72,39.78
20130226,40.03,40.2,39.77,40.03
20130227,39.99,40.77,39.95,40.45
20130228,40.39,40.87,40.27,40.56
20130301,40.25,40.84,39.85,40.67
20130304,40.47,41.21,40.17,41.17
20130305,41.4,41.81,41.21,41.39
20130306,41.4,41.59,41.28,41.3
20130307,41.41,41.41,40.66,41.21
20130308,41.52,41.55,40.99,41.43
20130311,41.24,41.51,41.02,41.44
20130312,41.27,41.54,41.2,41.4
20130313,41.35,41.46,41.21,41.34
20130314,41.45,42.0,41.29,41.92
20130315,41.97,41.99,41.4,41.78
20130318,41.2,42.16,41.2,41.96
20130319,41.96,42.31,41.69,42.14
20130320,42.14,42.27,41.03,42.14
20130321,41.75,41.97,41.15,41.3
20130322,41.44,41.65,41.29,41.39
20130325,41.46,41.61,40.65,40.9
20130326,41.12,41.17,40.86,41.02
20130327,40.55,40.78,40.33,40.54
20130328,40.69,41.06,40.35,40.86
20130329,40.86,40.86,40.86,40.86
20130401,41.23,41.23,40.4,40.9
20130402,41.31,41.31,40.21,40.26
20130403,40.27,40.42,39.32,39.36
20130404,39.43,39.67,39.18,39.6
20130405,38.65,39.5,38.54,39.15
20130408,39.27,39.46,38.86,39.43
20130409,39.53,39.53,39.03,39.12
20130410,39.26,40.45,38.87,40.27
20130411,40.1,40.6,39.83,39.93
20130412,39.65,39.8,39.08,39.3
20130415,39.05,39.3,37.54,37.85
20130416,38.25,38.6,37.96,38.5
20130417,38.06,38.07,37.47,37.54
20130418,35.64,36.23,34.89,35.49
20130419,35.5,35.64,34.92,35.19
20130422,35.16,35.43,34.75,35.25
20130423,35.53,35.76,35.11,35.46
20130424,35.34,35.95,35.34,35.82
20130425,35.83,36.03,35.68,35.92
20130426,35.88,36.12,35.65,35.76
20130429,36.19,36.19,35.71,35.88
20130430,35.61,36.17,35.03,35.97
20130501,35.74,35.97,34.5,34.71
20130502,35.13,36.38,34.85,35.43
20130503,35.9,36.33,35.83,36.01
20130506,36.11,36.22,35.25,35.49
20130507,35.47,36.37,35.35,36.1
20130508,35.1,35.1,32.0,32.55
20130509,32.38,32.63,32.02,32.16
20130510,32.17,33.16,32.05,32.94
20130513,32.97,33.02,31.73,31.8
20130514,31.72,32.44,31.72,32.38
20130515,32.26,32.76,32.13,32.61
20130516,32.52,32.64,32.42,32.61
20130517,32.84,32.97,32.42,32.93
20130520,32.85,33.34,32.75,33.33
20130521,33.37,33.44,32.91,33.02
20130522,32.95,33.11,31.98,32.31
20130523,32.03,32.3,31.79,32.12
20130524,31.99,32.42,31.64,32.26
20130527,32.26,32.26,32.26,32.26
20130528,32.7,33.02,31.6,32.03
20130529,31.9,32.02,31.65,31.81
20130530,31.88,32.4,31.82,32.33
20130531,32.04,32.58,32.02,32.12
20130603,32.11,32.17,31.27,32.04
20130604,32.11,32.62,31.56,32.38
20130605,32.27,32.34,31.79,32.0
20130606,32.0,32.61,31.99,32.6
20130607,32.64,33.18,32.56,33.07
20130610,33.11,33.13,32.82,33.01
20130611,32.66,32.9,32.48,32.5
20130612,32.72,32.72,31.76,31.8
20130613,31.79,32.35,31.63,32.18
20130614,32.16,32.16,31.47,31.72
20130617,32.0,32.18,31.54,32.1
20130618,32.17,33.23,32.04,33.1
20130619,32.95,32.95,32.64,32.67
20130620,32.19,32.26,31.56,31.62
20130621,31.6,32.11,31.28,32.02
20130624,31.6,32.04,31.2,31.68
20130625,31.9,32.0,31.54,31.79
20130626,32.0,32.31,31.78,32.03
20130627,32.2,33.28,32.01,33.08
20130628,32.9,33.04,32.35,32.38
20130701,32.47,32.95,32.32,32.86
20130702,32.76,32.87,32.21,32.49
20130703,32.51,32.86,32.39,32.69
20130704,32.69,32.69,32.69,32.69
20130705,33.15,33.49,32.83,33.46
20130708,33.55,33.99,33.35,33.82
20130709,33.95,34.16,33.78,34.03
20130710,34.11,34.46,34.0,34.24
20130711,34.61,34.97,34.43,34.89
20130712,34.81,35.09,34.58,34.66
20130715,35.7,35.7,34.38,34.98
20130716,34.88,35.25,34.69,35.03
20130717,35.13,35.21,34.6,35.01
20130718,35.01,35.52,34.83,35.43
20130719,35.29,35.69,35.18,35.33
20130722,35.34,35.45,35.0,35.22
20130723,35.28,35.28,34.84,34.93
20130724,35.13,35.13,34.71,34.91
20130725,34.94,35.29,34.46,34.99
20130726,34.66,34.89,34.56,34.68
20130729,34.58,34.77,34.25,34.31
20130730,34.56,34.9,34.05,34.5
20130731,34.53,35.03,34.44,34.63
20130801,34.91,35.14,34.89,35.09
20130802,34.96,35.08,34.83,34.99
20130805,34.83,35.05,34.63,34.91
20130806,34.64,34.82,34.01,34.16
20130807,34.15,34.53,34.02,34.13
20130808,34.43,34.43,33.83,34.0
20130809,33.8,33.8,31.31,32.72
20130812,32.6,32.99,32.49,32.7
20130813,32.71,32.79,32.36,32.49
20130814,32.56,32.56,31.92,32.06
20130815,31.72,31.75,30.66,30.77
20130816,30.75,31.4,30.41,30.57
20130819,30.45,30.76,30.25,30.52
20130820,30.56,30.89,30.54,30.78
20130821,30.8,30.91,30.57,30.65
20130822,30.65,31.08,30.65,31.03
20130823,31.04,31.51,30.83,31.26
20130826,31.28,31.89,31.28,31.74
20130827,31.28,31.68,31.17,31.25
20130828,31.13,31.19,30.92,31.01
20130829,30.89,31.24,30.89,31.07
20130830,31.01,31.01,30.54,30.65
20130902,30.65,30.65,30.65,30.65
20130903,31.15,31.18,30.49,30.73
20130904,30.75,30.88,30.6,30.84
20130905,30.92,31.18,30.76,30.79
20130906,30.67,31.23,30.49,31.05
20130909,31.09,31.76,31.08,31.71
20130910,31.82,32.45,31.82,32.34
20130911,32.21,33.01,32.02,32.57
20130912,32.6,32.6,31.98,32.02
20130913,32.24,32.52,32.14,32.4
20130916,32.9,32.9,32.17,32.31
20130917,32.36,32.51,32.02,32.45
20130918,32.36,32.76,32.23,32.62
20130919,32.72,32.84,32.5,32.73
20130920,32.93,32.93,32.0,32.4
20130923,32.34,33.03,31.75,32.96
20130924,32.87,33.7,32.76,33.11
20130925,33.06,33.38,32.88,33.01
20130926,33.0,33.21,32.73,33.15
20130927,33.0,33.64,33.0,33.32
20130930,32.95,33.37,32.95,33.23
20131001,33.11,33.52,32.78,33.12
20131002,32.8,33.12,32.61,33.08
20131003,33.02,33.11,32.32,32.87
20131004,32.79,33.2,32.69,33.14
20131007,32.87,33.03,32.57,32.74
20131008,32.75,33.17,32.57,32.82
20131009,32.98,33.15,32.58,32.93
20131010,33.34,33.72,33.24,33.59
20131011,33.41,34.35,33.41,34.35
20131014,34.11,34.65,33.91,34.64
20131015,34.64,34.82,34.16,34.74
20131016,34.93,35.16,34.64,35.02
20131017,34.89,35.33,34.76,35.29
20131018,35.22,36.0,35.22,35.92
20131021,35.95,36.34,35.82,36.19
20131022,36.38,36.84,36.12,36.31
20131023,36.19,36.39,35.81,36.19
20131024,36.21,36.76,36.01,36.02
20131025,36.18,36.18,35.17,35.47
20131028,35.64,35.93,35.09,35.92
20131029,36.0,37.16,35.9,36.38
20131030,36.35,36.85,36.27,36.43
20131031,36.23,36.6,36.07,36.08
20131101,36.25,36.4,35.48,35.76
20131104,35.86,36.25,35.5,35.81
20131105,35.74,35.94,35.42,35.76
20131106,35.91,36.02,35.57,35.71
20131107,35.87,35.99,35.3,35.48
20131108,35.45,36.53,35.45,36.3
20131111,36.16,36.42,35.93,36.21
20131112,35.86,36.06,34.99,35.57
20131113,35.25,35.28,34.5,34.73
20131114,34.7,34.7,33.89,34.2
20131115,34.16,34.29,33.74,34.25
20131118,34.31,34.51,33.55,33.81
20131119,33.81,34.21,33.43,33.68
20131120,33.77,33.95,33.28,33.48
20131121,33.63,34.03,33.36,33.5
20131122,33.59,33.97,33.29,33.88
20131125,34.01,34.07,33.29,33.5
20131126,33.58,33.73,33.38,33.54
20131127,33.64,33.9,33.63,33.73
20131128,33.73,33.73,33.73,33.73
20131129,33.93,34.3,33.86,34.06
20131202,33.86,34.58,33.8,34.23
20131203,34.45,34.69,34.03,34.29
20131204,34.02,34.61,33.63,33.69
20131205,33.72,34.07,33.39,33.89
20131206,34.2,34.59,33.94,34.24
20131209,34.36,34.36,34.03,34.2
20131210,34.07,34.27,33.09,33.15
20131211,33.1,33.23,32.18,32.38
20131212,32.37,32.94,32.27,32.84
20131213,32.95,33.38,32.5,33.12
20131216,33.2,33.88,33.16,33.77
20131217,33.83,33.84,33.45,33.72
20131218,33.72,34.34,33.5,33.87
20131219,33.88,34.04,33.61,33.7
20131220,33.8,34.42,33.78,34.2
20131223,34.48,34.68,33.95,34.43
20131224,34.36,34.61,34.2,34.44
20131225,34.44,34.44,34.44,34.44
20131226,34.5,34.64,34.26,34.46
20131227,34.62,34.64,34.1,34.48
20131230,34.47,34.67,34.17,34.46
20131231,34.49,34.51,34.2,34.26
20140101,34.26,34.26,34.26,34.26
20140102,34.22,34.76,33.58,33.95
20140103,33.95,34.16,33.88,33.99
20140106,33.86,34.04,33.64,33.75
20140107,33.91,33.91,33.52,33.76
20140108,33.76,33.76,33.05,33.09
20140109,33.23,33.31,32.8,33.1
20140110,33.19,33.26,32.75,33.01
20140113,32.96,33.05,32.44,32.63
20140114,32.87,33.14,32.76,32.95
20140115,33.09,34.12,32.65,34.03
20140116,34.0,35.87,33.88,35.86
20140117,35.57,35.89,35.45,35.48
20140120,35.48,35.48,35.48,35.48
20140121,35.61,35.7,35.09,35.42
20140122,35.56,35.67,35.18,35.49
20140123,35.39,35.64,35.19,35.56
20140124,35.17,35.38,34.94,35.19
20140127,34.99,35.56,34.9,35.16
20140128,35.28,35.49,35.06,35.47
20140129,35.16,35.46,34.92,35.09
20140130,35.28,35.48,35.05,35.26
20140131,34.75,35.07,34.6,34.9
20140203,34.8,34.8,33.07,33.17
20140204,33.34,33.67,32.95,33.38
20140205,33.19,33.56,32.57,33.21
20140206,33.43,33.47,33.18,33.35
20140207,34.26,36.27,34.26,34.84
20140210,34.66,34.78,33.91,33.95
20140211,34.0,34.25,33.6,34.04
20140212,34.09,34.46,33.56,33.77
20140213,33.46,34.15,33.26,33.98
20140214,33.99,34.08,33.55,33.94
20140217,33.94,33.94,33.94,33.94
20140218,33.81,34.49,33.74,34.28
20140219,34.14,34.56,34.01,34.03
20140220,34.1,34.62,33.91,34.42
20140221,34.57,34.71,34.18,34.3
20140224,34.4,34.92,34.21,34.72
20140225,34.68,35.2,34.22,35.19
20140226,35.29,35.72,35.09,35.34
20140227,35.22,35.75,35.2,35.49
20140228,35.59,36.34,35.59,35.84
20140303,35.62,35.84,34.95,35.59
20140304,36.22,37.17,35.95,36.52
20140305,36.46,36.67,36.11,36.27
20140306,36.21,36.69,36.16,36.44
20140307,36.67,36.72,36.15,36.52
20140310,36.49,37.09,36.13,36.74
20140311,36.77,37.0,36.34,36.51
20140312,36.29,36.57,35.89,36.16
20140313,36.33,36.7,36.22,36.37
20140314,36.26,36.92,36.12,36.79
20140317,37.06,37.39,36.56,36.63
20140318,36.63,36.74,36.23,36.43
20140319,36.39,36.55,35.59,35.91
20140320,35.74,36.18,35.51,35.99
20140321,35.99,36.19,35.85,35.93
20140324,36.04,36.19,35.75,35.88
20140325,35.98,36.08,35.75,35.86
20140326,35.99,36.15,35.22,35.26
20140327,35.25,35.25,34.6,34.88
20140328,34.9,35.04,34.14,34.18
20140331,34.43,35.72,34.05,35.19
20140401,35.17,35.6,34.84,35.1
20140402,35.1,35.51,34.98,35.16
20140403,35.18,35.35,34.93,35.12
20140404,35.36,35.36,34.55,34.65
20140407,34.54,35.02,34.23,34.91
20140408,34.92,35.23,34.71,34.9
20140409,34.95,35.19,34.6,35.06
20140410,35.08,35.1,34.58,34.7
20140411,34.43,35.04,33.74,34.02
20140414,34.34,34.59,33.76,34.11
20140415,34.14,34.46,33.39,34.21
20140416,34.45,34.86,34.2,34.74
20140417,34.71,35.26,34.66,34.96
20140418,34.96,34.96,34.96,34.96
20140421,34.94,35.32,34.48,35.06
20140422,35.12,35.33,34.77,34.95
20140423,34.89,35.14,34.56,34.58
20140424,34.69,34.84,34.02,34.4
20140425,34.2,34.4,33.7,33.97
20140428,34.04,34.29,33.65,33.8
20140429,33.96,34.06,33.46,33.55
20140430,33.45,33.65,33.2,33.42
20140501,33.33,33.37,32.56,33.19
20140502,33.23,33.37,32.92,33.06
20140505,32.82,33.19,32.46,33.01
20140506,32.88,33.06,32.52,32.78
20140507,32.83,32.94,32.21,32.78
20140508,34.0,34.87,33.55,33.75
20140509,33.63,34.15,33.63,34.0
20140512,34.13,35.34,34.13,35.15
20140513,35.09,35.2,34.84,34.92
20140514,34.93,35.02,34.32,34.38
20140515,34.22,34.22,33.6,33.8
20140516,33.72,33.89,33.42,33.89
20140519,33.86,34.51,33.76,34.23
20140520,34.16,34.16,33.4,33.53
20140521,33.71,33.9,33.04,33.33
20140522,33.26,33.85,33.26,33.61
20140523,33.71,33.82,33.36,33.71
20140526,33.71,33.71,33.71,33.71
20140527,33.93,34.27,33.64,34.23
20140528,34.16,34.47,33.94,34.19
20140530,33.93,34.07,33.5,33.62
20140602,33.73,34.01,33.45,33.75
20140603,33.62,34.06,33.56,33.72
20140604,33.6,34.29,33.6,34.05
20140605,34.03,34.71,33.8,34.66
20140606,34.81,34.95,34.44,34.76
20140609,34.69,35.07,34.48,35.0
20140610,34.93,35.25,34.93,35.0
20140611,34.83,34.94,34.53,34.72
20140612,34.59,34.84,34.32,34.47
20140613,34.5,34.5,33.97,34.0
20140616,33.92,33.99,33.62,33.8
20140617,33.78,34.25,33.65,34.06
20140618,34.11,34.28,33.82,34.25
20140619,34.43,34.51,34.21,34.34
20140620,34.34,34.4,34.1,34.33
20140623,34.33,34.52,34.14,34.36
20140624,34.35,34.74,34.27,34.32
20140625,34.17,34.55,34.08,34.22
20140626,34.17,34.33,33.9,34.25
20140627,34.01,34.74,34.01,34.61
20140630,34.51,34.64,34.25,34.64
20140701,34.68,35.2,34.48,34.52
20140702,34.44,34.49,34.31,34.41
20140703,34.49,34.88,34.49,34.88
20140704,34.88,34.88,34.88,34.88
20140707,34.76,34.76,34.28,34.45
20140708,34.42,34.56,34.1,34.37
20140709,34.48,34.57,34.2,34.27
20140710,33.77,34.19,33.57,34.04
20140711,34.01,34.15,33.77,33.85
20140714,34.14,34.17,33.9,34.02
20140715,34.03,34.03,33.79,33.85
20140716,33.98,34.15,33.72,33.95
20140718,33.53,34.01,33.53,33.85
20140721,33.69,33.84,33.37,33.56
20140722,33.7,33.91,33.58,33.65
20140723,33.73,33.85,33.62,33.81
20140724,33.93,34.03,33.5,33.73
20140725,33.59,33.92,33.51,33.74
20140728,33.78,33.87,33.61,33.75
20140729,33.77,33.95,33.46,33.47
20140730,33.67,33.84,33.44,33.72
20140731,33.48,33.78,33.38,33.55
20140801,33.5,33.66,33.11,33.26
20140804,33.4,33.5,32.77,33.22
20140805,33.16,33.46,33.03,33.24
20140806,33.18,33.74,33.18,33.69
20140807,33.8,33.8,33.25,33.47
20140808,34.44,34.44,33.45,34.01
20140811,34.21,34.65,34.17,34.29
20140812,34.26,34.45,33.89,34.13
20140813,34.24,34.35,34.03,34.14
20140814,34.21,34.4,33.78,34.32
20140815,34.58,34.58,33.7,34.18
20140818,34.52,34.54,34.22,34.49
20140819,34.5,34.62,34.36,34.52
20140820,34.47,34.83,34.36,34.73
20140821,34.66,35.2,34.47,35.08
20140822,35.13,35.33,34.85,35.26
20140825,35.37,36.0,35.24,35.67
20140826,35.76,36.24,35.63,36.21
20140827,36.35,36.35,36.07,36.26
20140828,36.26,36.26,35.87,36.1
20140829,36.22,36.22,35.9,36.0
20140901,36.0,36.0,36.0,36.0
20140902,36.15,36.43,36.03,36.16
20140903,36.38,36.39,36.17,36.27
20140904,36.42,36.7,36.19,36.36
20140905,36.25,36.58,36.12,36.29
20140908,36.37,36.52,36.2,36.44
20140909,36.49,36.6,36.03,36.15
20140910,36.12,36.32,36.02,36.28
20140911,36.24,36.64,36.22,36.59
20140912,36.52,36.52,36.16,36.32
20140915,36.39,36.39,36.0,36.08
20140916,36.08,36.12,35.88,36.03
20140917,36.1,36.26,35.9,36.01
20140918,36.04,36.19,35.92,36.14
20140919,36.2,36.22,35.95,36.1
20140922,35.9,35.97,35.67,35.72
20140923,35.62,35.64,35.12,35.13
20140924,35.27,35.3,34.88,35.23
20140925,35.26,35.4,34.82,34.94
20140926,34.96,35.2,34.9,35.18
20140929,34.89,35.14,34.88,35.13
20140930,35.11,35.2,34.77,34.78
20141001,34.79,34.81,34.0,34.33
20141002,34.3,34.67,34.15,34.45
20141003,34.78,34.78,34.21,34.35
20141006,34.4,34.41,33.98,34.17
20141007,33.97,34.05,33.69,33.8
20141008,33.83,34.74,33.76,34.68
20141009,34.63,34.63,33.63,33.66
20141010,33.49,33.79,33.25,33.34
20141013,33.41,33.68,33.01,33.32
20141014,33.61,34.34,33.48,33.73
20141015,33.23,33.84,33.08,33.76
20141016,33.42,34.12,33.42,33.92
20141017,34.3,34.3,33.81,33.91
20141020,33.81,34.3,33.61,34.28
20141021,34.59,35.06,34.36,34.99
20141022,35.11,35.31,34.46,34.51
20141023,34.87,35.43,34.62,35.37
20141024,35.48,35.54,35.27,35.5
20141027,35.46,35.57,34.97,35.5
20141028,35.72,36.98,35.56,36.95
20141029,37.0,37.36,36.52,36.82
20141030,36.74,37.51,36.54,37.42
20141031,37.93,38.16,37.39,38.02
20141103,38.02,38.44,37.72,37.89
20141104,37.73,38.0,37.45,37.54
20141105,37.54,37.87,37.36,37.62
20141106,37.61,37.95,37.55,37.7
20141107,37.57,37.71,37.3,37.55
20141110,37.61,37.73,37.46,37.7
20141111,37.62,37.76,37.34,37.43
20141112,37.15,37.76,37.15,37.63
20141113,37.64,37.72,37.3,37.41
20141114,37.7,37.7,36.59,36.84
20141117,36.66,36.66,35.84,35.97
20141118,35.94,36.28,35.85,35.99
20141119,35.9,35.9,35.32,35.57
20141120,35.37,35.88,35.22,35.81
20141121,36.06,36.33,35.62,35.74
20141124,35.74,36.05,35.71,36.0
20141125,36.0,36.14,35.81,36.09
20141126,36.12,36.26,35.99,36.13
20141127,36.13,36.13,36.13,36.13
20141128,36.06,36.5,35.92,36.02
20141201,35.99,36.35,35.62,35.95
20141202,36.01,36.41,35.5,35.82
20141204,35.59,35.78,35.31,35.48
20141205,35.43,35.87,35.26,35.58
20141208,35.42,35.56,34.4,34.91
20141209,34.56,35.66,34.4,35.66
20141210,35.43,35.58,35.0,35.07
20141211,35.17,36.0,35.17,35.5
20141212,35.03,35.22,34.7,34.7
20141215,34.88,34.99,34.25,34.35
20141216,34.1,34.96,34.01,34.46
20141217,34.6,35.78,34.39,35.58
20141218,35.95,36.66,35.46,36.6
20141219,36.59,37.1,36.28,36.5
20141222,36.47,36.83,36.08,36.46
20141223,36.57,37.17,36.51,36.74
20141224,36.85,37.47,36.85,37.43
20141225,37.43,37.43,37.43,37.43
20141226,37.55,37.63,37.31,37.38
20141229,37.39,37.66,37.26,37.45
20141230,37.21,37.56,37.06,37.45
20141231,37.57,37.82,36.87,36.9
20150101,36.9,36.9,36.9,36.9
20150102,37.15,37.15,35.79,36.25
20150105,36.11,36.16,35.4,35.57
20150106,35.82,35.82,34.79,35.16
20150107,35.35,35.35,34.61,34.74
20150108,35.0,35.39,34.86,35.13
20150109,34.98,35.28,34.71,34.87
20150112,34.86,35.1,34.47,34.9
20150113,35.26,36.72,35.26,36.52
20150114,36.27,36.66,35.98,36.49
20150115,36.67,36.88,36.2,36.35
20150116,36.16,37.01,36.16,36.93
20150119,36.93,36.93,36.93,36.93
20150120,36.88,37.15,36.36,36.69
20150121,36.53,36.97,36.53,36.74
20150122,36.85,37.66,36.46,37.61
20150123,37.67,37.67,36.52,36.7
20150126,36.6,36.86,36.14,36.64
20150127,36.27,36.61,36.08,36.36
20150128,36.48,36.5,35.86,36.06
20150129,36.18,36.74,35.93,36.68
20150130,36.31,36.64,35.87,36.02
20150202,36.05,36.78,35.72,36.71
20150203,36.97,37.48,36.92,37.36
20150204,37.01,37.39,36.65,36.79
20150205,37.0,37.19,36.69,37.04
20150206,37.16,37.53,37.01,37.28
20150209,37.26,37.65,36.92,37.05
20150210,37.16,37.16,35.5,36.34
20150211,36.64,36.88,36.38,36.7
20150212,37.0,37.31,36.56,36.94
20150213,37.0,37.25,36.73,37.16
20150216,37.16,37.16,37.16,37.16
20150217,37.07,37.29,36.51,36.66
20150218,36.48,36.73,36.42,36.62
20150219,36.59,36.87,36.41,36.7
20150220,36.74,36.82,36.25,36.79
20150223,36.6,37.1,36.31,37.07
20150224,37.0,37.73,37.0,37.68
20150225,37.6,38.36,37.54,38.34
20150226,38.24,38.88,37.96,38.82
20150227,38.85,39.12,38.4,38.54
20150302,38.64,39.28,38.42,39.21
20150303,38.94,39.36,38.8,39.27
20150304,39.07,39.11,38.82,39.05
20150305,39.05,39.72,38.92,39.6
20150306,39.27,39.73,39.15,39.4
20150309,39.52,39.7,39.33,39.61
20150310,39.38,39.41,38.9,38.92
20150311,39.0,39.26,38.2,38.49
20150312,38.72,39.34,38.44,39.27
20150313,39.13,39.19,38.78,39.12
20150316,39.27,39.31,38.58,38.66
20150317,38.48,38.58,38.02,38.38
20150318,38.25,38.9,37.82,38.73
20150319,38.48,38.57,38.22,38.43
20150320,38.71,38.79,38.46,38.68
20150323,38.75,39.18,38.51,39.01
20150324,38.88,39.6,38.85,39.45
20150325,39.48,39.57,38.75,38.81
20150326,38.76,38.8,38.21,38.26
20150327,38.21,38.47,38.04,38.43
20150330,38.55,39.29,38.55,38.87
20150331,38.53,39.05,38.5,38.98
20150401,38.9,38.9,38.28,38.69
20150402,38.64,38.76,38.31,38.44
20150403,38.44,38.44,38.44,38.44
20150406,38.29,38.61,38.17,38.53
20150407,38.35,38.56,38.2,38.27
20150408,38.29,38.48,38.08,38.12
20150409,38.12,38.45,37.93,37.95
20150410,37.95,38.25,37.76,38.08
20150413,38.0,38.35,37.82,37.98
20150414,38.0,38.74,38.0,38.71
20150415,38.81,39.26,38.42,39.07
20150416,39.01,39.23,38.36,38.44
20150417,38.19,38.19,37.47,37.6
20150420,37.66,38.38,37.63,38.21
20150421,38.3,38.44,37.8,37.84
20150422,37.81,37.96,37.43,37.88
20150423,37.74,38.14,37.63,38.05
20150424,38.14,38.15,37.82,38.02
20150427,38.05,38.4,37.65,38.02
20150428,38.05,38.68,37.81,38.63
20150429,38.33,38.33,37.59,37.61
20150430,37.35,37.46,36.63,36.7
20150504,37.11,37.16,36.58,36.8
20150505,36.86,37.1,36.32,36.69
20150506,37.03,37.29,36.34,36.98
20150507,36.87,37.22,36.77,37.01
20150508,37.26,37.34,36.83,37.25
20150511,37.25,37.39,36.91,36.99
20150512,37.03,37.04,36.2,36.89
20150513,37.03,37.23,36.65,37.19
20150514,37.39,38.12,37.28,38.04
20150515,38.03,38.13,37.51,37.79
20150518,37.69,38.26,37.55,38.18
20150519,37.95,38.28,37.82,38.2
20150520,38.18,38.39,38.02,38.17
20150521,38.11,38.4,38.05,38.26
20150522,38.22,38.45,37.77,38.03
20150525,38.03,38.03,38.03,38.03
20150526,37.83,37.97,37.27,37.58
20150527,37.65,37.79,37.45,37.7
20150528,37.74,37.76,37.47,37.68
20150529,37.64,37.79,36.91,37.3
20150601,37.4,37.69,36.8,37.28
20150602,37.19,37.83,37.08,37.55
20150603,37.58,38.01,37.58,37.87
20150604,37.64,37.64,36.93,37.14
20150605,37.11,37.29,36.58,37.24
20150608,37.23,37.23,36.83,37.0
20150609,36.91,37.2,36.72,37.14
20150610,37.39,38.2,37.37,37.82
20150611,38.09,38.2,37.65,38.02
20150612,38.01,38.01,37.32,37.45
20150615,37.09,37.33,36.42,37.1
20150616,36.99,37.28,36.74,37.27
20150617,37.39,37.39,37.1,37.2
20150618,37.25,37.8,37.1,37.66
20150619,37.6,38.13,37.51,37.9
20150622,38.06,38.53,37.8,38.39
20150623,38.36,38.58,38.01,38.35
20150624,38.31,38.62,38.12,38.34
20150625,38.35,38.62,37.8,38.32
20150626,38.41,38.58,37.81,38.11
20150629,37.87,38.08,37.07,37.24
20150630,37.37,37.57,37.17,37.41
20150701,37.46,37.99,37.37,37.71
20150702,37.69,37.82,37.01,37.08
20150703,37.08,37.08,37.08,37.08
20150706,36.86,37.42,36.56,37.2
20150707,37.19,37.19,36.52,36.83
20150708,36.45,36.88,35.79,36.16
20150709,36.44,36.6,35.96,36.11
20150710,36.45,37.05,36.2,36.86
20150713,37.78,38.65,37.52,38.12
20150714,38.01,38.77,38.0,38.69
20150715,38.65,38.91,38.39,38.44
20150716,38.84,39.37,38.37,39.04
20150717,39.07,39.16,38.81,39.12
20150720,39.19,39.28,38.73,38.81
20150721,38.73,38.92,37.94,38.0
20150722,37.64,38.49,37.64,38.27
20150723,38.31,38.46,37.83,38.06
20150724,37.98,37.98,37.13,37.25
20150727,37.03,37.14,36.69,36.92
20150728,37.1,37.39,36.47,37.21
20150729,37.11,37.85,37.1,37.55
20150730,37.4,38.3,36.99,38.02
20150731,38.14,38.52,37.79,38.07
20150803,38.06,38.06,37.17,37.53
20150804,37.52,37.76,37.13,37.25
20150805,37.52,37.83,37.23,37.41
20150806,37.4,37.4,36.9,37.12
20150807,36.88,37.13,36.62,36.87
20150810,37.01,37.86,37.01,37.71
20150811,36.89,36.89,34.31,35.92
20150812,35.39,36.4,35.31,36.36
20150813,36.21,36.71,36.09,36.48
20150814,36.33,37.19,36.24,37.06
20150817,36.87,37.39,36.45,37.16
20150818,37.07,37.31,36.38,37.08
20150819,36.74,37.11,36.44,36.81
20150820,36.41,36.71,36.2,36.21
20150821,35.98,37.19,35.98,36.12
20150824,34.03,36.58,34.03,35.33
20150826,35.6,35.94,35.06,35.52
20150827,35.68,35.86,34.85,35.18
20150828,35.06,36.2,35.06,36.16
20150831,35.91,36.55,35.85,36.11
20150901,35.57,35.94,35.1,35.2
20150902,35.48,36.2,35.32,36.16
20150903,36.22,36.53,36.0,36.18
20150904,35.69,36.23,35.69,36.02
20150907,36.02,36.02,36.02,36.02
20150908,36.4,37.0,36.21,36.64
20150909,36.94,36.94,35.77,35.84
20150910,35.84,36.27,35.78,35.9
20150911,35.65,35.95,35.55,35.74
20150914,35.76,35.76,35.42,35.49
20150915,35.59,36.17,35.35,36.09
20150916,36.06,36.91,36.03,36.55
20150917,36.48,36.94,36.05,36.34
20150918,35.84,36.27,35.83,35.94
20150921,36.09,36.62,35.78,36.16
20150922,36.07,36.22,35.41,35.62
20150923,35.67,35.79,35.3,35.7
20150924,35.48,35.8,35.04,35.69
20150925,35.94,36.88,35.74,36.52
20150928,36.3,36.63,35.95,35.97
20150929,35.88,36.13,35.63,35.82
20150930,36.0,36.35,35.56,35.9
20151001,35.89,35.89,35.01,35.23
20151002,35.0,35.38,34.46,35.32
20151005,35.49,36.87,35.44,36.8
20151006,36.72,37.06,36.5,36.68
20151007,36.78,37.67,36.78,37.42
20151008,37.29,37.98,37.29,37.9
20151009,37.91,38.19,37.51,37.51
20151012,37.68,37.68,37.16,37.36
20151013,37.19,37.83,37.02,37.05
20151014,36.93,37.68,36.84,37.36
20151015,37.35,37.96,36.66,37.85
20151016,37.92,37.92,37.1,37.59
20151019,37.32,37.75,37.12,37.62
20151020,37.5,38.35,37.38,37.94
20151021,38.04,38.27,37.68,37.72
20151022,37.79,38.18,37.74,37.9
20151023,38.19,38.2,37.64,37.74
20151026,37.63,37.98,37.48,37.6
20151027,37.41,37.61,36.78,36.98
20151028,36.93,37.67,36.73,37.53
20151029,37.38,37.69,37.23,37.49
20151030,37.38,37.53,37.0,37.09
20151102,37.06,37.88,36.86,37.85
20151103,37.75,38.09,37.44,37.6
20151104,37.7,37.9,37.31,37.4
20151105,37.47,37.61,36.89,36.98
20151106,36.81,37.09,36.07,36.48
20151109,36.48,36.64,35.94,36.2
20151110,36.14,36.4,35.78,35.88
20151111,35.9,36.1,35.62,35.75
20151112,35.43,35.72,34.2,34.68
20151113,33.99,37.34,33.62,35.86
20151116,35.76,37.53,35.76,37.36
20151117,37.5,37.54,37.13,37.19
20151118,37.39,37.72,37.06,37.56
20151119,37.54,38.24,37.18,38.13
20151120,38.25,38.7,38.08,38.45
20151123,38.5,38.99,38.5,38.8
20151124,38.66,39.2,38.53,39.11
20151125,39.08,39.68,39.08,39.67
20151126,39.67,39.67,39.67,39.67
20151127,39.61,39.98,39.43,39.58
20151130,39.63,39.88,39.19,39.23
20151201,39.27,39.65,39.04,39.3
20151202,39.21,39.68,38.91,39.26
20151203,39.46,39.86,38.6,38.76
20151204,38.74,39.56,38.65,39.33
20151207,39.29,39.39,38.77,38.86
20151208,38.45,38.99,38.33,38.54
20151209,38.37,38.57,37.78,38.19
20151210,38.13,38.6,38.11,38.27
20151211,37.65,38.3,37.65,37.84
20151214,37.91,37.98,37.32,37.81
20151215,38.05,38.28,37.5,37.76
20151216,37.92,38.1,37.49,37.68
20151217,37.62,37.87,37.28,37.28
20151218,37.06,37.25,36.23,36.44
20151221,36.66,37.3,36.35,36.69
20151222,36.78,37.02,36.35,37.02
20151223,37.16,37.31,37.03,37.21
20151224,37.26,37.46,37.07,37.22
20151225,37.22,37.22,37.22,37.22
20151228,37.1,37.28,36.73,37.06
20151229,37.23,37.55,36.94,37.4
20151230,37.33,37.33,36.82,36.89
20151231,36.69,36.69,36.11,36.14
20160101,36.14,36.14,36.14,36.14
20160104,35.7,35.7,35.08,35.19
20160105,35.32,35.52,34.92,34.98
20160106,34.53,34.87,34.39,34.57
20160107,33.97,34.2,33.47,33.59
20160108,33.76,33.82,32.7,32.79
20160111,32.87,33.1,32.44,32.84
20160112,33.13,33.17,32.47,33.02
20160113,33.15,33.49,32.63,32.74
20160114,32.96,33.53,32.48,33.18
20160115,32.42,32.95,32.17,32.75
20160118,32.75,32.75,32.75,32.75
20160119,32.96,33.06,32.03,32.28
20160120,31.94,33.09,31.5,32.83
20160121,32.86,32.86,31.98,32.29
20160122,32.6,32.91,32.27,32.59
20160125,32.37,33.03,32.19,32.86
20160126,33.02,33.84,32.92,33.42
20160127,33.26,33.43,32.85,33.1
20160128,33.4,33.79,33.24,33.59
20160129,33.78,34.47,33.78,34.43
20160201,34.13,34.33,33.75,33.79
20160202,33.69,33.87,33.43,33.69
20160203,34.01,34.55,33.6,34.3
20160204,34.54,35.4,34.42,34.77
20160205,34.6,34.87,34.32,34.75
20160208,34.38,35.28,34.25,35.13
20160209,34.69,35.36,34.1,34.41
20160210,36.24,37.17,34.24,34.36
20160211,34.01,34.98,33.57,33.89
20160212,34.16,35.41,34.13,35.1
20160215,35.1,35.1,35.1,35.1
20160216,35.41,36.0,35.11,35.51
20160217,35.7,35.87,35.46,35.56
20160218,35.61,35.68,34.95,35.39
20160219,35.36,35.6,35.09,35.27
20160222,35.56,35.59,35.0,35.06
20160223,35.15,35.56,34.99,35.05
20160224,34.7,35.3,34.57,35.16
20160225,34.95,35.62,34.7,35.61
20160226,35.75,35.75,35.19,35.33
20160229,35.28,35.99,34.97,35.69
20160301,35.91,36.28,35.8,36.07
20160302,35.96,36.47,35.95,36.25
20160303,36.21,36.8,36.04,36.7
20160304,36.61,37.02,36.43,36.82
20160307,36.57,37.16,36.57,37.14
20160308,36.85,36.98,36.43,36.68
20160309,36.8,36.99,36.53,36.85
20160310,36.56,36.95,36.4,36.72
20160311,36.94,37.38,36.67,36.95
20160314,36.83,37.27,36.63,36.93
20160315,36.75,37.18,36.36,36.5
20160316,36.5,36.83,36.3,36.73
20160317,36.81,38.5,36.81,38.31
20160318,38.47,39.08,38.41,39.02
20160321,38.88,39.34,38.83,39.05
20160322,39.0,39.11,38.67,38.97
20160323,38.84,39.09,38.16,38.82
20160324,38.62,38.71,37.98,38.56
20160325,38.56,38.56,38.56,38.56
20160328,38.59,38.84,38.14,38.24
20160329,38.2,39.42,38.15,39.39
20160330,39.59,39.59,39.02,39.06
20160331,38.93,39.16,38.5,38.98
20160401,38.67,39.27,38.19,39.13
20160404,39.16,39.16,38.16,38.43
20160405,38.19,38.45,37.88,38.16
20160406,37.32,38.35,37.32,38.06
20160407,37.93,38.17,37.5,38.16
20160408,38.43,38.53,37.71,37.94
20160411,38.06,38.33,37.84,37.93
20160412,37.9,38.25,37.77,37.92
20160413,37.52,38.38,37.19,38.38
20160414,38.42,38.5,38.19,38.31
20160415,38.19,38.49,38.19,38.37
20160418,38.18,38.52,38.18,38.39
20160419,38.52,38.92,38.37,38.83
20160420,38.87,38.91,38.55,38.57
20160421,38.62,38.9,38.28,38.39
20160422,38.32,38.92,38.21,38.8
20160425,38.66,38.85,37.78,38.29
20160426,39.25,39.25,38.37,39.02
20160427,38.97,39.38,38.79,39.16
20160428,39.04,39.04,38.28,38.39
20160429,38.32,38.64,38.22,38.48
20160502,38.55,38.87,38.34,38.66
20160503,38.49,38.65,37.78,38.3
20160504,37.92,38.42,37.32,38.24
20160505,38.31,38.65,37.78,38.06
20160506,38.0,38.62,37.49,38.62
20160509,38.48,38.64,38.07,38.51
20160510,38.72,39.12,38.52,38.96
20160511,39.0,39.32,38.68,38.96
20160512,38.96,39.35,38.9,39.23
20160513,39.08,39.11,38.14,38.74
20160516,38.8,39.33,38.8,38.91
20160517,38.6,38.96,37.91,38.14
20160518,37.82,38.51,37.68,38.12
20160519,37.85,38.4,37.67,38.1
20160520,38.29,38.73,38.17,38.57
20160523,38.6,39.07,38.44,38.62
20160524,38.87,39.38,38.57,39.25
20160525,39.32,39.55,39.07,39.43
20160526,39.44,39.67,39.28,39.46
20160527,39.51,39.82,39.47,39.79
20160530,39.79,39.79,39.79,39.79
20160531,40.0,40.42,39.81,40.27
20160601,39.99,40.6,39.78,40.59
20160602,40.56,40.63,40.27,40.52
20160603,40.55,40.98,40.17,40.71
20160606,40.77,41.3,40.67,41.19
20160607,41.2,41.32,40.91,40.98
20160608,40.99,41.61,40.56,41.52
20160609,41.39,41.68,40.71,41.44
20160610,41.02,41.25,40.67,40.76
20160613,40.75,40.84,40.19,40.31
20160614,40.22,40.63,40.05,40.42
20160615,40.59,40.85,40.34,40.56
20160616,40.24,40.71,39.72,40.63
20160617,40.73,40.73,40.13,40.39
20160620,40.75,41.32,40.75,40.8
20160621,40.78,40.85,40.19,40.36
20160622,40.35,40.68,40.13,40.51
20160623,40.83,41.36,40.82,41.36
20160624,39.98,40.65,39.4,39.43
20160627,38.95,39.11,38.36,38.83
20160628,39.1,39.54,38.57,38.61
20160629,39.06,39.16,38.71,38.9
20160630,38.85,39.95,38.85,39.94
20160701,39.83,40.5,39.14,40.1
20160704,40.1,40.1,40.1,40.1
20160705,39.82,40.54,39.76,40.22
20160706,40.11,40.16,39.74,39.83
20160707,39.82,40.35,39.79,40.08
20160708,40.44,41.24,40.39,41.17
20160711,41.12,41.75,41.12,41.71
20160712,41.78,42.5,41.78,42.23
20160713,42.44,42.63,42.12,42.31
20160714,42.44,42.62,42.17,42.2
20160715,42.51,42.73,42.03,42.59
20160718,42.52,42.74,42.26,42.45
20160719,42.42,42.65,42.17,42.23
20160720,42.31,42.73,42.19,42.5
20160721,42.3,42.8,42.02,42.19
20160722,42.1,42.6,42.08,42.43
20160725,42.31,42.72,41.99,42.16
20160726,42.3,42.64,42.02,42.46
20160727,42.43,42.89,42.34,42.84
20160728,42.63,43.0,42.45,42.95
20160729,42.84,42.84,42.18,42.35
20160801,42.47,43.28,42.17,43.01
20160802,42.82,43.41,42.69,42.87
20160803,43.23,43.41,42.17,42.97
20160804,42.93,43.52,42.74,42.86
20160805,42.94,43.86,42.94,43.38
20160808,43.48,43.54,43.27,43.44
20160809,43.6,43.61,43.25,43.35
20160810,43.47,43.52,42.97,43.42
20160811,43.53,44.17,43.53,44.0
20160812,43.96,44.35,43.83,44.21
20160815,44.37,44.95,44.33,44.91
20160816,44.82,44.9,44.6,44.75
20160817,44.54,44.95,44.41,44.73
20160818,44.74,44.98,44.47,44.92
20160819,44.72,45.51,44.49,44.86
20160822,44.57,44.97,44.48,44.89
20160823,45.12,45.58,44.95,45.33
20160824,45.32,45.6,45.09,45.2
20160825,45.17,45.52,45.0,45.49
20160826,45.53,45.9,45.0,45.21
20160829,45.1,45.67,44.97,45.51
20160830,45.54,45.77,45.24,45.44
20160831,45.35,45.51,44.63,45.12
20160901,45.19,45.55,44.56,45.41
20160902,45.77,46.02,45.24,45.97
20160905,45.97,45.97,45.97,45.97
20160906,46.18,46.22,45.72,46.06
20160907,46.4,46.51,46.03,46.49
20160908,46.43,46.51,46.04,46.24
20160909,45.78,45.84,45.08,45.09
20160912,44.87,45.79,44.82,45.63
20160913,45.2,45.68,44.84,45.13
20160914,45.35,45.35,44.64,44.84
20160915,44.96,45.5,44.52,45.49
20160916,45.54,45.54,45.06,45.28
20160919,45.6,46.3,45.58,45.93
20160920,46.23,46.38,45.75,46.1
20160921,46.44,46.87,46.34,46.82
20160922,47.25,47.39,46.95,47.05
20160923,47.05,47.05,46.38,46.39
20160926,46.1,46.28,45.5,45.72
20160927,45.85,46.05,45.6,45.95
20160928,45.97,46.41,45.96,46.35
20160929,46.14,46.28,45.87,45.94
20160930,46.2,46.76,46.11,46.42
20161003,46.29,46.44,45.97,46.07
20161004,46.06,46.37,45.84,46.03
20161005,46.34,46.62,46.08,46.56
20161006,46.45,46.59,46.1,46.45
20161007,46.49,46.51,45.54,45.56
20161010,45.94,46.14,45.7,45.79
20161011,45.56,46.4,44.87,45.07
20161012,45.0,45.64,45.0,45.23
20161013,44.81,45.44,44.55,45.1
20161014,45.45,45.58,45.12,45.12
20161017,45.1,45.4,44.3,44.85
20161018,45.2,45.2,44.85,44.9
20161019,44.95,45.02,44.8,44.8
20161020,44.65,45.05,44.6,44.8
20161021,44.35,44.85,44.35,44.4
20161024,44.85,45.2,44.5,44.65
20161025,44.5,44.8,43.9,44.45
20161026,44.25,44.75,44.15,44.15
20161027,44.25,44.4,43.85,44.05
20161028,44.1,44.4,43.5,43.55
20161031,43.8,44.55,43.35,44.55
20161101,44.5,44.65,43.85,43.95
20161102,43.95,44.0,43.3,43.3
20161103,43.45,43.55,43.15,43.15
20161104,43.15,43.45,42.95,43.2
20161107,43.85,43.95,43.57,43.7
20161108,43.8,46.0,43.8,45.4
20161109,44.85,47.15,44.85,46.7
20161110,46.95,48.9,46.85,48.6
20161111,48.55,50.6,48.5,50.4
20161114,51.05,51.3,50.15,50.55
20161115,51.7,53.65,51.1,53.2
20161116,53.15,54.8,53.1,54.6
20161117,54.2,55.4,54.15,54.7
20161118,54.75,55.55,54.45,55.2
20161121,55.0,55.9,54.65,55.65
20161122,55.65,56.75,55.6,56.7
20161123,56.45,57.2,56.3,56.5
20161124,56.5,56.5,56.5,56.5
20161125,56.5,56.64,56.35,56.5
20161128,56.45,56.45,55.9,56.15
20161129,56.1,56.25,55.55,55.7
20161130,55.8,56.99,55.45,55.9
20161201,55.85,56.4,54.9,56.25
20161202,56.1,56.31,55.1,55.25
20161205,55.35,56.05,55.35,55.95
20161206,56.35,57.45,55.06,57.15
20161207,57.05,57.75,56.6,57.55
20161208,57.75,58.25,57.0,58.1
20161209,58.05,58.35,57.25,58.0
20161212,57.65,58.0,56.75,57.55
20161213,57.6,58.15,56.7,57.25
20161214,56.85,57.7,55.5,56.8
20161215,56.75,57.7,56.15,57.4
20161216,57.5,58.35,56.15,57.1
20161219,56.85,58.5,56.85,57.9
20161220,58.1,58.4,57.0,58.1
20161221,58.15,58.47,57.65,57.7
20161222,57.5,58.15,57.1,57.25
20161223,57.4,58.1,57.35,58.1
20161226,58.1,58.1,58.1,58.1
20161227,58.25,58.75,57.35,57.75
20161228,57.9,58.52,56.9,57.05
20161229,57.3,57.75,56.85,57.4
20161230,57.3,57.3,56.45,56.65
20170102,56.65,56.65,56.65,56.65
20170103,57.35,58.0,56.7,57.35
20170104,57.65,58.03,57.4,57.75
20170105,57.6,58.0,56.6,56.7
20170106,56.75,56.75,55.96,56.25
20170109,56.25,56.25,55.45,56.0
20170110,56.25,57.4,55.65,57.2
20170111,57.45,58.1,56.95,58.05
20170112,58.1,58.1,56.5,57.35
20170113,57.7,58.65,57.7,58.45
20170116,58.45,58.45,58.45,58.45
20170117,58.3,58.3,56.9,57.0
20170118,57.25,57.8,57.0,57.45
20170119,57.55,57.85,56.4,56.5
20170120,56.5,57.25,56.1,56.4
20170123,56.5,56.75,55.5,55.9
20170124,55.95,56.7,55.95,56.6
20170125,56.85,57.15,56.7,56.9
20170126,57.0,57.1,56.1,56.75
20170127,56.85,57.6,56.7,57.5
20170130,57.25,57.38,56.38,57.05
20170131,56.85,58.25,56.45,58.2
20170201,58.55,58.95,57.4,58.15
20170202,58.0,58.65,57.4,57.5
20170203,58.15,58.45,57.6,57.95
20170206,57.75,57.9,56.85,57.25
20170207,57.25,57.55,57.25,57.4
20170208,56.3,56.3,51.8,52.85
20170209,53.0,54.15,52.9,54.05
20170210,54.4,54.7,53.85,54.6
20170213,54.85,55.85,54.45,54.85
20170214,54.45,54.65,54.15,54.4
20170215,54.1,55.45,53.38,55.1
20170216,55.15,55.6,54.75,55.3
20170217,55.25,55.55,54.85,55.15
20170220,55.15,55.15,55.15,55.15
20170221,55.25,55.9,55.1,55.8
20170222,55.55,55.65,55.2,55.45
20170223,55.7,55.7,54.7,55.15
20170224,54.5,55.5,54.46,55.5
20170227,55.4,55.65,54.95,55.55
20170228,55.4,55.4,54.05,54.2
20170301,54.8,55.66,54.75,55.1
20170302,54.9,55.1,53.95,53.95
20170303,54.15,54.75,52.9,54.7
20170306,54.45,55.05,54.2,54.95
20170307,54.95,54.95,53.9,53.95
20170308,54.0,54.0,52.9,53.0
20170309,52.85,53.6,52.6,53.6
20170310,54.1,54.55,53.75,54.25
20170313,54.3,55.5,54.15,54.4
20170314,54.05,55.0,53.8,54.7
20170315,55.05,56.65,54.95,56.4
20170316,56.65,56.85,55.9,56.75
20170317,56.85,58.4,56.75,58.2
20170320,58.2,58.2,56.9,57.0
20170321,57.3,57.3,55.8,56.0
20170322,55.8,56.3,54.6,55.65
20170323,55.55,56.8,55.45,56.7
20170324,56.85,57.05,56.35,57.0
20170327,56.4,57.1,55.7,56.85
20170328,56.7,57.2,56.0,57.1
20170329,57.0,57.95,56.63,57.85
20170330,57.85,58.3,57.65,57.95
20170331,58.0,58.8,57.65,58.1
20170403,58.2,58.2,56.5,57.1
20170404,56.95,57.65,56.5,57.6
20170405,57.85,58.25,57.4,57.75
20170406,57.7,58.2,57.4,57.75
20170407,57.6,58.25,57.5,57.9
20170410,57.95,58.5,57.6,58.0
20170411,57.85,58.75,57.7,58.55
20170412,58.55,58.55,57.05,57.7
20170413,57.7,57.7,56.6,56.7
20170414,56.7,56.7,56.7,56.7
20170417,56.8,56.8,56.0,56.6
20170418,56.15,56.63,55.85,56.55
20170419,56.75,57.15,56.5,56.8
20170420,57.15,58.03,56.65,57.65
20170421,57.65,58.45,57.55,57.85
20170424,58.7,58.8,58.0,58.6
20170425,59.0,59.85,59.0,59.4
20170426,59.2,60.6,59.2,60.45
20170427,60.45,60.95,60.0,60.3
20170428,60.25,60.35,58.7,58.85
20170501,59.15,59.5,58.52,59.35
20170502,59.55,60.35,58.9,59.0
20170503,58.7,58.95,58.3,58.65
20170504,58.6,58.9,58.0,58.75
20170505,58.15,58.15,56.2,57.35
20170508,57.4,57.67,56.75,57.5
20170509,57.6,58.35,57.1,57.6
20170510,57.4,57.9,57.05,57.85
20170511,57.55,58.35,57.05,57.55
20170512,57.5,57.5,57.05,57.15
20170515,57.5,57.6,56.8,56.9
20170516,56.8,57.19,56.55,57.05
20170517,56.15,56.45,55.55,55.7
20170518,55.6,56.65,55.15,55.9
20170519,56.15,56.2,55.35,55.75
20170522,55.8,56.45,55.7,56.4
20170523,56.65,57.15,56.0,57.15
20170524,57.1,58.2,56.85,57.85
20170525,57.8,58.5,57.4,57.6
20170526,57.6,58.1,57.0,57.85
20170529,57.85,57.85,57.85,57.85
20170530,57.6,57.77,56.8,57.0
20170531,57.05,57.65,56.25,57.6
20170601,57.65,58.5,57.5,58.45
20170602,58.55,59.8,58.55,59.0
20170605,58.9,59.2,58.45,58.55
20170606,58.2,58.45,57.55,57.65
20170607,57.8,58.25,57.4,58.15
20170608,58.25,59.6,57.7,59.5
20170609,59.45,61.25,59.45,60.9
20170612,60.85,61.15,59.0,59.3
20170613,60.15,61.4,59.35,60.4
20170614,60.55,61.25,59.25,59.7
20170615,59.05,60.15,59.05,60.0
20170616,59.4,59.95,59.4,59.75
20170619,59.9,60.45,59.5,60.2
20170620,60.15,60.2,59.45,59.6
20170621,59.9,59.9,58.5,58.65
20170622,58.5,59.3,58.0,58.9
20170623,59.05,59.8,58.95,59.65
20170626,59.8,59.9,59.2,59.5
20170627,59.35,60.1,58.9,59.0
20170628,59.35,60.1,59.15,60.0
20170629,60.0,60.2,59.15,59.5
20170630,59.65,60.15,59.35,59.65
20170703,59.9,60.5,58.65,60.1
20170704,60.1,60.1,60.1,60.1
20170705,60.0,61.35,59.7,60.1
20170706,59.55,60.05,58.8,59.15
20170707,59.45,60.05,59.1,60.0
20170710,59.85,60.1,59.4,59.65
20170711,59.5,60.8,58.45,60.0
20170712,60.35,60.95,59.95,59.95
20170713,60.0,60.3,59.375,60.3
20170714,60.25,60.65,59.85,60.35
20170717,60.15,61.1,60.1,61.1
20170718,60.9,61.75,60.85,61.25
20170719,61.5,62.65,61.3,62.6
20170720,62.55,63.25,62.1,63.15
20170721,63.5,63.8,62.5,62.8
20170724,62.8,63.47,61.75,62.5
20170725,62.7,62.95,62.2,62.45
20170726,62.45,62.6,61.45,61.5
20170727,61.65,62.37,60.95,61.55
20170728,61.6,62.3,61.4,62.15
20170731,62.3,62.35,61.25,61.7
20170801,62.0,62.0,61.15,61.45
20170802,61.35,61.55,60.55,61.1
20170803,61.05,61.45,60.75,61.15
20170804,61.35,61.4,60.8,61.25
20170807,61.25,61.325,60.85,61.2
20170808,61.0,61.475,60.5,61.2
20170809,60.55,60.55,53.35,53.45
20170810,53.3,53.9,52.5,53.35
20170811,51.95,53.25,50.3,51.4
20170814,51.95,53.9,51.45,53.75
20170815,53.7,54.2,53.5,53.9
20170816,54.05,54.15,53.45,54.15
20170817,53.85,54.25,53.5,53.7
20170818,53.25,54.35,53.15,53.95
20170821,54.0,54.0,53.3,53.75
20170822,53.9,54.05,53.7,53.95
20170823,53.7,53.95,53.45,53.5
20170824,53.75,53.75,53.05,53.35
20170825,53.55,53.9,53.1,53.55
20170828,53.7,53.75,53.4,53.6
20170829,53.3,54.2,53.05,54.0
20170830,53.95,53.95,52.85,53.95
20170831,54.15,54.75,54.05,54.45
20170901,54.5,55.05,54.35,54.9
20170904,54.9,54.9,54.9,54.9
20170905,54.7,55.55,54.05,54.25
20170906,54.45,55.1,54.05,54.7
20170907,54.8,54.85,54.15,54.55
20170908,54.6,55.3,54.5,54.8
20170911,55.25,55.55,54.75,54.95
20170912,54.95,56.05,54.95,55.45
20170913,55.3,56.05,55.2,56.0
20170914,55.55,56.3,55.5,55.8
20170915,55.9,56.4,55.3,56.15
20170918,56.25,57.25,56.1,57.15
20170919,57.15,57.9,57.15,57.85
20170920,57.8,58.7,57.5,58.35
20170921,58.4,58.75,57.2,57.2
20170922,57.1,58.1,57.1,57.85
20170925,57.7,58.25,57.6,58.2
20170926,58.3,59.15,58.2,58.5
20170927,58.6,61.05,58.45,60.35
20170928,60.15,60.75,59.65,60.45
20170929,60.4,60.6,59.8,59.95
20171002,59.95,61.15,59.6,61.1
20171003,61.25,62.05,60.6,62.0
20171004,62.0,62.0,60.65,60.85
20171005,60.95,61.15,60.5,60.7
20171006,60.25,61.65,60.25,61.6
20171009,61.55,61.8,60.15,60.5
20171010,60.8,61.0,60.35,60.6
20171011,60.6,61.05,60.45,60.5
20171012,60.3,60.9,60.05,60.5
20171013,60.9,61.05,60.4,61.0
20171016,61.15,61.6,60.25,61.15
20171017,60.75,61.0,59.95,60.1
20171018,60.3,60.95,60.1,60.2
20171019,59.85,60.1,59.45,59.9
20171020,60.4,60.4,59.95,60.1
20171023,60.25,60.3,59.4,59.5
20171024,59.5,60.2,59.05,60.0
20171025,59.9,59.95,58.75,59.45
20171026,59.6,59.95,59.425,59.55
20171027,59.55,59.95,59.25,59.75
20171030,59.45,59.6,57.8,57.95
20171031,58.15,58.75,57.8,57.95
20171101,58.35,59.35,58.05,59.05
20171102,59.2,60.4,58.85,59.5
20171103,59.25,59.7,59.0,59.15
20171106,59.3,59.63,58.66,59.05
20171107,58.95,59.25,57.85,58.05
20171108,57.8,58.6,56.9,57.2
20171109,56.95,57.45,55.9,56.65
20171110,56.5,58.15,56.35,57.55
20171113,57.35,58.2,57.1,57.55
20171114,57.35,57.7,57.1,57.45
20171115,53.45,57.75,51.55,56.85
20171116,57.2,58.15,57.1,58.15
20171117,57.8,59.8,57.8,59.55
20171120,59.65,62.4,59.65,62.35
20171121,63.85,65.3,63.55,64.75
20171122,64.8,65.1,63.95,64.65
20171123,64.65,64.65,64.65,64.65
20171124,64.6,64.75,64.15,64.6
20171127,64.45,64.6,64.0,64.25
20171128,64.55,65.15,64.05,65.05
20171129,65.1,65.45,64.9,65.25
20171130,65.5,65.95,65.1,65.35
20171201,65.35,65.35,62.35,64.8
20171204,65.25,65.9,64.55,64.65
20171205,64.85,64.9,63.8,63.8
20171206,63.2,63.85,62.85,63.05
20171207,62.75,63.55,61.9,62.0
20171208,62.4,62.55,61.25,62.15
20171211,62.0,62.2,61.2,61.55
20171212,61.45,62.05,61.4,61.75
20171213,61.85,62.35,60.65,61.45
20171214,61.25,61.75,60.15,60.25
20171215,60.15,61.1,59.775,60.45
20171218,61.1,61.85,60.9,61.15
20171219,61.25,62.6,60.45,60.55
20171220,60.7,61.05,60.5,60.75
20171221,60.9,61.6,60.15,60.9
20171222,60.8,60.8,60.15,60.25
20171225,60.25,60.25,60.25,60.25
20171226,60.2,60.95,59.8,60.0
20171227,60.1,60.85,59.85,60.1
20171228,60.25,60.75,59.7,60.7
20171229,60.9,61.2,60.05,60.25
20180101,60.25,60.25,60.25,60.25
20180102,60.55,61.5,59.45,60.25
20180103,60.1,60.65,59.5,60.4
20180104,60.5,61.8,60.5,61.1
20180105,61.3,61.6,60.65,61.3
20180108,61.15,61.35,60.6,61.25
20180109,61.25,62.0,60.7,61.7
20180110,61.7,62.4,60.65,62.4
20180111,62.35,63.8,62.02,63.7
20180112,63.65,65.2,63.3,65.1
20180115,65.1,65.1,65.1,65.1
20180116,65.35,66.8,65.2,66.35
20180117,66.75,66.75,63.8,63.9
20180118,64.1,64.425,63.3,63.35
20180119,63.45,64.7,63.45,64.2
20180122,64.35,64.35,63.35,63.75
20180123,63.7,63.7,62.7,62.85
20180124,63.05,63.45,62.55,62.6
20180125,62.8,63.35,62.2,63.25
20180126,63.35,63.85,62.65,63.0
20180129,62.6,63.25,62.2,62.25
20180130,61.85,62.1,61.6,61.75
20180131,62.0,62.25,60.85,61.15
20180201,60.8,61.4,60.6,60.9
20180202,60.55,60.75,59.95,60.05
20180205,59.9,60.6,59.55,60.55
20180206,59.65,60.2,58.4,59.35
20180207,60.9,65.9,59.9,64.5
20180208,64.55,65.3,61.55,61.55
20180209,62.0,63.4,60.25,61.2
20180212,61.4,62.2,60.4,61.9
20180213,61.5,62.2,59.6,60.4
20180214,60.0,61.85,60.0,61.8
20180215,62.3,62.6,61.7,62.45
20180216,62.1,63.3,62.05,62.2
20180219,62.2,62.2,62.2,62.2
20180220,61.9,62.75,60.95,61.3
20180221,61.5,62.3,61.1,61.1
20180222,61.25,61.9,61.05,61.6
20180223,62.0,62.3,61.1,61.5
20180226,61.8,62.2,61.2,62.05
20180227,61.85,62.8,60.95,61.05
20180228,61.2,61.8,58.85,58.9
20180301,58.9,59.85,58.05,58.95
20180302,58.6,60.2,57.9,59.95
20180305,59.6,60.9,59.3,60.55
20180306,60.9,61.3,60.1,61.15
20180307,60.8,61.7,60.4,61.45
20180308,61.75,61.75,60.75,61.3
20180309,61.6,61.8,61.3,61.55
20180312,61.55,62.8,61.55,62.35
20180313,62.6,63.05,61.9,62.05
20180314,62.25,62.25,60.95,61.1
20180315,61.2,61.825,60.8,61.3
20180316,61.25,61.65,61.1,61.6
20180319,61.5,62.15,60.7,61.5
20180320,61.65,62.1,60.7,60.8
20180321,60.9,61.15,60.55,60.7
20180322,60.2,60.75,58.9,59.05
20180323,59.05,59.2,57.65,57.65
20180326,58.4,59.5,57.9,59.45
20180327,59.35,59.45,57.4,57.7
20180328,57.8,58.1,57.15,57.7
20180329,57.95,59.2,57.9,58.55
20180330,58.55,58.55,58.55,58.55
20180402,58.15,58.15,55.7,56.5
20180403,56.7,57.75,56.45,57.45
20180404,56.7,58.45,56.45,58.25
20180405,58.4,58.55,57.04,58.1
20180406,57.75,58.0,56.3,56.9
20180409,57.25,57.825,56.9,56.95
20180410,57.55,58.45,56.85,58.05
20180411,57.75,58.4,57.6,58.25
20180412,58.45,58.8,58.3,58.3
20180413,58.45,58.45,57.9,58.3
20180416,58.55,59.2,58.45,58.85
20180417,59.05,59.85,59.0,59.65
20180418,59.85,60.25,59.45,59.75
20180419,59.65,60.1,59.4,59.65
20180420,59.4,59.75,58.55,58.75
20180423,58.75,58.95,58.25,58.7
20180424,59.1,59.5,57.65,58.2
20180425,58.05,58.15,57.55,57.85
20180426,58.1,58.1,57.05,57.5
20180427,57.5,57.55,56.825,57.15
20180430,57.3,57.4,55.8,55.85
20180501,55.6,55.85,54.35,55.8
20180502,55.8,56.75,55.45,55.65
20180503,55.55,55.7,54.6,55.4
20180504,55.2,56.35,55.05,55.8
20180507,55.75,56.5,55.75,56.4
20180508,56.45,57.6,56.38,57.5
20180509,57.9,58.45,57.1,57.6
20180510,57.65,57.65,56.1,56.15
20180511,56.25,56.75,55.6,55.85
20180514,56.0,56.1,55.1,55.3
20180515,55.0,55.65,54.85,55.45
20180516,55.7,56.05,55.6,55.7
20180517,55.55,56.75,55.4,56.5
20180518,56.8,57.15,56.4,57.0
20180521,57.15,58.1,57.0,57.5
20180522,57.7,58.33,56.55,56.55
20180523,56.25,56.65,56.0,56.3
20180524,56.15,56.45,56.0,56.3
20180525,56.25,56.45,55.45,55.6
20180528,55.6,55.6,55.6,55.6
20180529,55.1,55.5,54.6,55.3
20180530,55.55,57.35,55.55,57.05
20180531,57.0,58.05,55.95,56.1
20180601,56.6,57.1,56.2,56.4
20180604,56.55,57.2,56.3,57.15
20180605,57.05,57.55,56.6,57.55
20180606,57.7,58.3,57.5,58.3
20180607,58.2,58.8,57.75,58.65
20180608,58.55,58.9,58.4,58.45
20180611,58.55,59.3,58.25,58.5
20180612,58.45,58.85,57.95,58.3
20180613,58.4,58.6,57.8,57.9
20180614,58.1,58.25,57.45,58.2
20180615,58.0,58.45,57.45,58.35
20180618,57.85,58.65,57.85,58.6
20180619,57.95,58.6,57.55,58.55
20180620,58.75,59.45,58.3,59.3
20180621,59.15,59.15,58.25,58.45
20180622,58.85,59.0,58.0,58.6
20180625,58.25,58.25,56.65,57.45
20180626,57.45,58.35,57.45,58.2
20180627,58.2,58.9,57.7,57.85
20180628,57.75,58.2,56.7,57.45
20180629,57.7,58.35,57.45,57.7
20180702,57.35,58.5,57.0,58.45
20180703,58.55,58.85,57.75,58.0
20180704,58.0,58.0,58.0,58.0
20180705,58.25,59.7,57.8,59.65
20180706,59.6,60.3,59.35,60.1
20180709,60.35,60.65,60.15,60.5
20180710,60.7,61.15,60.3,60.8
20180711,60.6,61.05,60.15,60.4
20180712,60.95,62.1,60.375,61.8
20180713,61.75,62.0,61.35,61.35
20180716,61.25,61.3,60.1,60.25
20180717,60.25,60.75,60.25,60.45
20180718,60.3,61.05,60.25,60.65
20180719,60.4,61.05,60.3,60.9
20180720,60.9,61.2,60.3,61.1
20180723,61.15,62.55,61.0,62.25
20180724,62.6,63.4,62.2,62.55
20180725,62.55,62.65,61.9,62.6
20180726,62.6,63.55,62.1,62.7
20180727,62.85,63.745,61.5,61.55
20180730,61.6,61.85,60.9,61.0
20180731,61.1,62.5,61.1,62.25
20180801,62.25,62.25,60.8,61.5
20180802,61.05,62.35,61.05,61.95
20180803,62.25,62.25,60.65,61.1
20180806,61.0,61.6,61.0,61.45
20180807,61.75,62.9,61.5,62.85
20180808,65.3,66.75,63.95,65.65
20180809,65.55,67.35,65.5,66.1
20180810,65.25,66.05,65.0,65.55
20180813,65.55,66.2,64.65,65.5
20180814,65.6,67.4,65.45,66.95
20180815,66.65,67.0,66.15,66.4
20180816,66.7,67.35,66.7,66.8
20180817,66.75,68.0,66.75,67.85
20180820,68.15,68.95,67.95,68.75
20180821,68.95,70.2,68.725,69.75
20180822,69.7,69.7,68.55,68.85
20180823,68.8,69.0,68.4,68.5
20180824,68.6,68.7,67.95,68.5
20180827,68.8,69.225,68.5,68.65
20180828,68.95,69.05,68.0,68.2
20180829,68.2,68.5,67.95,68.2
20180830,68.05,68.475,67.8,67.9
20180831,67.65,68.1,67.3,67.65
20180903,67.65,67.65,67.65,67.65
20180904,67.5,68.1,66.8,68.1
20180905,68.0,68.6,67.45,68.3
20180906,68.4,68.7,68.35,68.45
20180907,68.2,68.375,67.55,67.9
20180910,67.85,68.5,67.45,67.55
20180911,67.3,68.0,67.05,67.05
20180912,67.0,67.0,66.2,66.5
20180913,66.85,67.15,66.2,66.4
20180914,66.5,67.4,66.3,67.1
20180917,67.0,67.55,66.8,67.1
20180918,67.25,67.35,66.85,66.9
20180919,67.05,67.55,66.075,66.25
20180920,66.75,67.85,66.75,67.85
20180921,67.9,68.2,67.55,67.8
20180924,67.55,67.75,66.275,67.15
20180925,67.2,67.85,66.9,67.5
20180926,67.45,67.85,66.35,66.45
20180927,66.65,67.8,66.5,67.3
20180928,67.1,68.35,67.1,68.05
20181001,68.31,68.69,67.31,67.69
20181002,67.51,67.51,66.15,66.37
20181003,66.59,67.4,66.1,66.85
20181004,66.63,67.3,66.06,66.25
20181005,66.25,66.46,64.72,65.21
20181008,65.14,66.26,64.37,65.2
20181009,65.0,65.84,64.51,64.78
20181010,64.6,65.39,62.54,62.6
20181011,62.34,62.795,60.63,60.7
20181012,61.63,62.16,60.0,60.99
20181015,60.75,61.91,60.45,61.41
20181016,61.84,63.46,61.36,63.38
20181017,63.06,63.46,62.55,63.19
20181018,62.91,63.305,61.71,62.09
20181019,62.12,63.14,61.85,62.3
20181022,62.64,63.26,62.11,62.87
20181023,62.0,62.82,61.33,61.98
20181024,61.93,62.26,60.0,60.15
20181025,60.63,61.82,59.87,60.9
20181026,60.13,62.8,59.0,60.86
20181029,61.7,62.44,59.325,60.18
20181030,60.34,62.0,60.2,61.82
20181031,62.65,62.93,61.085,61.22
20181101,61.6,63.29,61.47,63.06
20181102,63.48,64.6,63.03,63.92
20181105,64.06,64.99,63.51,64.25
20181106,64.02,64.895,63.52,64.0
20181107,64.05,65.19,63.7,65.11
20181108,64.64,65.325,64.47,65.19
20181109,64.73,66.59,64.27,65.3
20181112,65.37,65.37,62.69,62.94
20181113,63.45,64.495,62.72,62.86
20181114,63.34,64.62,61.28,61.88
20181115,61.69,64.44,61.28,63.78
20181116,63.72,70.12,63.63,68.56
20181119,68.07,69.28,66.97,68.34
20181120,67.36,68.55,66.94,67.86
20181121,68.13,69.33,67.89,68.24
20181122,68.24,68.24,68.24,68.24
20181123,67.62,68.95,67.57,68.08
20181126,68.77,69.64,67.83,69.05
20181127,68.65,69.22,67.71,68.09
20181128,68.18,70.64,67.6,70.06
20181129,69.74,70.545,69.17,69.47
20181130,69.47,70.68,69.1,70.28
20181203,71.15,71.47,69.63,70.07
20181204,70.06,70.09,66.25,66.46
20181205,66.46,66.46,66.46,66.46
20181206,65.54,66.65,64.45,66.58
20181207,66.75,67.33,65.55,65.96
20181210,65.74,66.91,64.97,66.21
20181211,67.15,67.87,66.48,66.87
20181212,67.69,68.71,66.94,67.53
20181213,67.82,68.4,66.055,66.76
20181214,66.18,66.78,66.06,66.69
20181217,66.82,67.87,65.025,65.48
20181218,65.95,66.77,65.18,65.38
20181219,65.73,66.81,63.49,64.04
20181220,64.25,65.71,63.535,65.02
20181221,65.29,66.26,64.37,65.58
20181224,65.58,65.58,63.24,63.24
20181225,63.24,63.24,63.24,63.24
20181226,63.68,65.57,62.72,65.46
20181227,64.64,65.87,63.07,65.05
20181228,65.59,66.21,64.51,65.19
20181231,65.6,66.17,64.75,65.95
20190101,65.95,65.95,65.95,65.95
20190102,65.44,65.97,64.06,64.81
20190103,64.5,64.99,62.91,63.7
20190104,64.58,65.51,63.61,64.5
20190107,64.49,65.17,63.975,64.66
20190108,65.27,65.87,64.65,65.55
20190109,65.88,66.43,65.47,65.81
20190110,65.52,66.65,65.52,66.1
20190111,65.78,66.325,65.44,65.75
20190114,65.32,66.48,65.18,65.18
20190115,65.44,65.7,64.43,65.37
20190116,65.5,66.25,64.89,65.14
20190117,64.87,65.7,64.87,65.25
20190118,65.5,66.96,65.365,65.98
20190121,65.98,65.98,65.98,65.98
20190122,65.56,65.56,64.355,64.68
20190123,64.78,65.04,63.62,64.08
20190124,63.89,65.05,63.89,64.97
20190125,65.49,65.7,64.81,64.81
20190128,64.4,65.35,63.65,64.09
20190129,64.26,64.725,63.78,63.81
20190130,64.23,64.51,63.57,64.08
20190131,63.86,65.24,63.64,65.11
20190201,64.94,65.47,64.34,64.87
20190204,64.76,65.25,64.69,65.2
20190205,65.3,66.17,65.13,65.72
20190206,65.35,66.45,65.315,65.75
20190207,65.33,65.52,64.57,65.24
20190208,68.2,68.2,64.01,66.57
20190211,66.49,66.83,64.91,65.67
20190212,66.2,67.27,65.92,67.1
20190213,67.19,68.26,66.97,68.12
20190214,67.9,68.41,67.27,67.32
20190215,67.89,69.06,67.6,68.96
20190218,68.96,68.96,68.96,68.96
20190219,68.72,69.88,68.72,69.26
20190220,69.03,70.46,69.03,70.38
20190221,70.1,70.99,69.3,69.68
20190222,69.95,70.22,69.42,70.0
20190225,70.13,70.755,69.89,69.93
20190226,69.91,70.16,69.09,69.68
20190227,69.42,70.06,68.87,69.45
20190228,69.47,69.81,68.815,69.19
20190301,69.46,69.79,68.38,68.94
20190304,69.1,69.44,68.52,68.82
20190305,68.94,69.21,68.69,68.76
20190306,68.85,69.06,67.76,68.04
20190307,67.97,68.12,66.82,67.4
20190308,67.11,67.4,66.66,67.33
20190311,67.3,68.6,67.14,68.33
20190312,68.43,68.54,67.73,67.8
20190313,68.0,68.87,67.76,68.35
20190314,68.25,68.62,68.03,68.48
20190315,68.9,71.14,68.9,69.39
20190318,69.61,70.19,69.12,69.36
20190319,69.59,69.77,68.97,69.31
20190320,69.32,70.42,68.9,69.3
20190321,69.05,71.29,69.05,70.88
20190322,70.46,70.46,68.76,68.76
20190325,68.8,69.02,67.43,67.47
20190326,67.77,68.005,66.71,66.95
20190327,66.9,67.26,65.81,66.31
20190328,66.49,66.77,65.69,66.14
20190329,66.72,67.13,66.21,67.03
20190401,67.43,68.57,67.43,68.47
20190402,68.51,68.67,67.885,68.42
20190403,68.82,69.5,68.45,68.63
20190404,68.69,69.43,68.42,69.37
20190405,69.5,70.5,69.5,70.32
20190408,70.08,70.88,69.86,70.32
20190409,70.09,70.26,69.5,69.66
20190410,69.74,71.34,69.74,71.19
20190411,71.16,71.85,71.0,71.49
20190412,71.86,72.33,71.86,72.31
20190415,72.3,72.72,71.73,72.08
20190416,72.41,72.59,72.09,72.32
20190417,72.52,72.7,72.0,72.45
20190418,72.49,73.0,72.38,72.96
20190419,72.96,72.96,72.96,72.96
20190422,72.58,73.05,72.16,72.47
20190423,72.89,74.25,72.74,74.03
20190424,73.93,74.83,73.84,74.37
20190425,74.07,74.07,72.15,72.22
20190426,71.36,72.36,71.36,72.16
20190429,72.28,73.99,72.04,73.98
20190430,73.87,75.34,73.32,75.0
20190501,75.07,76.12,74.58,74.79
20190502,74.89,75.59,73.81,74.85
20190503,75.38,76.89,75.38,76.79
20190506,75.32,76.885,74.835,76.69
20190507,76.14,76.47,74.67,75.56
20190508,78.32,78.32,72.71,73.38
20190509,72.64,75.94,72.27,74.44
20190510,74.52,74.71,73.375,74.4
20190513,72.97,73.715,72.21,72.59
20190514,72.94,73.38,72.39,72.9
20190515,72.44,73.59,72.29,73.16
20190516,73.27,74.09,72.66,73.14
20190517,72.5,73.44,71.47,72.05
20190520,71.66,72.0,71.33,71.94
20190521,72.12,73.0,72.12,72.78
20190522,72.55,72.81,71.435,71.55
20190523,70.91,70.91,68.39,69.61
20190524,69.98,70.65,69.56,70.54
20190527,70.54,70.54,70.54,70.54
20190528,70.79,70.79,69.42,69.57
20190529,69.2,70.26,68.99,69.88
20190530,70.03,71.02,69.595,70.33
20190531,69.59,70.01,69.02,69.89
20190603,70.08,70.84,69.62,70.51
20190604,71.17,72.52,71.02,72.52
20190605,72.64,73.62,72.06,73.44
20190606,73.46,73.895,72.64,73.82
20190607,74.16,74.75,73.63,74.15
20190610,74.34,75.44,74.03,75.44
20190611,76.0,76.54,74.32,74.65
20190612,74.45,75.535,74.45,75.5
20190613,75.75,76.48,75.23,76.22
20190614,75.92,76.15,74.92,75.29
20190617,75.48,75.98,75.12,75.5
20190618,76.16,77.23,75.91,76.42
20190619,76.39,77.71,76.27,77.36
20190620,78.2,78.87,77.32,77.9
20190621,77.33,78.07,76.5475,76.65
20190624,76.87,77.47,75.7825,75.91
20190625,76.09,77.99,75.72,76.99
20190626,77.33,77.93,76.49,77.59
20190627,78.32,79.95,78.32,79.95
20190628,79.97,82.7,79.97,82.62
20190701,83.54,84.11,82.02,83.84
20190702,83.87,84.205,82.72,83.15
20190703,83.22,83.27,82.2,82.6
20190704,82.6,82.6,82.6,82.6
20190705,81.95,82.67,81.155,82.38
20190708,82.21,82.2147,81.12,81.86
20190709,81.27,81.59,80.23,81.54
20190710,81.96,82.18,80.97,81.84
20190711,82.43,82.82,80.83,81.04
20190712,81.38,82.965,80.74,82.22
20190715,82.56,82.76,81.75,82.58
20190716,82.34,83.07,82.06,82.11
20190717,82.25,82.84,81.41,82.54
20190718,82.36,83.13,81.79,82.28
20190719,82.07,83.81,81.81,82.42
20190722,82.53,83.0,82.0701,82.43
20190723,82.75,85.1,82.33,84.6
20190724,84.35,85.31,82.945,85.16
20190725,85.26,85.43,83.59,83.77
20190726,83.93,84.46,83.16,83.89
20190729,83.98,84.34,82.73,83.18
20190730,82.84,84.55,82.14,84.39
20190731,84.24,85.86,83.22,83.56
20190801,83.74,84.84,82.48,82.78
20190802,82.47,82.66,80.595,81.37
20190805,79.9,80.25,78.05,79.01
20190806,79.4,80.13,77.94,79.25
20190807,78.34,80.43,77.7,80.01
20190808,80.53,82.32,80.05,81.65
20190809,80.0,80.0,74.7932,76.61
20190812,76.28,76.53,74.96,75.07
20190813,74.84,76.85,74.61,76.31
20190814,75.06,77.12,73.4,74.11
20190815,74.5,74.825,73.575,74.41
20190816,74.85,76.01,74.73,75.49
20190819,76.4,77.3,75.88,76.53
20190820,76.37,76.38,75.3,75.31
20190821,76.32,76.32,75.49,75.89
20190822,75.89,76.51,74.85,75.43
20190823,74.94,75.81,73.04,73.5
20190826,74.27,74.41,73.28,74.15
20190827,74.71,74.965,73.44,73.95
20190828,73.68,75.58,73.35,74.93
20190829,75.82,76.34,75.6,75.83
20190830,76.32,76.375,75.29,76.13
20190902,76.13,76.13,76.13,76.13
20190903,75.54,75.85,74.19,74.92
20190904,75.77,76.31,75.29,75.75
20190905,76.54,77.56,76.04,76.98
20190906,77.12,77.43,76.13,77.09
20190909,77.53,78.33,76.51,77.51
20190910,77.61,78.14,76.3,78.03
20190911,78.44,81.0,77.8,80.92
20190912,81.0,81.65,79.88,81.39
20190913,82.03,82.3,81.12,81.26
20190916,80.9,81.46,80.03,80.92
20190917,80.51,80.8,79.6,80.65
20190918,80.46,80.69,79.53,80.55
20190919,80.5,80.89,79.89,79.97
20190920,80.02,80.07,78.37,78.4
20190923,77.75,79.11,77.71,78.8
20190924,78.86,79.53,77.695,77.98
20190925,77.95,79.25,77.6,79.01
20190926,79.15,79.15,76.88,77.14
20190927,77.65,79.08,76.635,78.58
20190930,79.06,80.505,78.89,79.56
20191001,80.04,80.3525,77.22,77.26
20191002,76.39,77.0075,75.22,75.66
20191003,75.38,76.47,74.16,76.33
20191004,76.18,78.4,76.18,78.17
20191007,77.53,78.885,77.17,78.14
20191008,77.32,78.38,76.42,77.85
20191009,78.67,79.24,77.63,79.02
20191010,79.13,81.06,79.05,80.75
20191011,82.11,83.88,80.6,80.85
20191014,80.47,80.49,78.75,79.72
20191015,79.88,81.26,79.19,80.87
20191016,80.48,81.74,80.35,81.68
20191017,82.24,83.32,81.75,81.95
20191018,81.42,82.56,81.25,82.42
20191021,83.12,83.93,82.9101,83.41
20191022,83.23,84.34,82.3,83.55
20191023,83.55,85.64,83.55,85.51
20191024,85.87,86.61,84.66,85.5
20191025,85.45,85.58,82.89,83.25
20191028,83.59,84.07,82.68,82.7
20191029,82.41,83.54,82.41,83.51
20191030,83.34,83.7,82.67,83.18
20191031,82.85,84.49,81.93,84.49
20191101,85.08,85.55,83.92,85.07
20191104,85.71,85.71,84.03,84.21
20191105,84.68,85.67,84.645,85.14
20191106,85.08,85.086,84.4,84.79
20191107,85.11,86.16,84.84,85.42
20191108,85.2,85.64,84.41,85.12
20191111,84.18,86.13,84.18,85.7
20191112,85.71,86.91,85.33,85.47
20191113,84.74,85.69,84.74,85.37
20191114,85.2,85.725,84.96,85.14
20191115,85.25,85.64,84.15,85.33
20191118,85.16,85.35,84.06,84.47
20191119,85.35,87.33,85.35,86.59
20191120,84.59,87.17,83.06,86.12
20191121,86.24,86.89,84.26,84.78
20191122,84.93,85.82,84.21,85.76
20191125,86.14,88.1,86.14,87.51
20191126,87.16,88.17,86.58,87.38
20191127,87.32,88.19,87.23,88.11
20191128,88.11,88.11,88.11,88.11
20191129,87.55,89.12,87.55,88.07
20191202,87.79,88.185,86.39,86.63
20191203,85.9,87.16,85.16,86.96
20191204,87.4,87.94,86.52,86.69
20191205,86.77,87.85,86.43,87.21
20191206,88.31,88.85,87.52,87.68
20191209,87.66,88.215,87.27,87.44
20191210,87.34,87.54,86.66,87.12
20191211,87.3,89.445,87.3,89.14
20191212,88.99,90.0,88.35,89.82
20191213,89.49,89.8,87.42,87.87
20191216,88.81,88.81,87.59,87.74
20191217,88.02,88.07,87.0,88.03
20191218,88.53,89.4,87.21,89.26
20191219,89.37,91.39,89.13,91.34
20191220,91.91,92.39,91.21,91.54
20191223,91.48,91.85,90.9,91.49
20191224,91.43,91.71,91.04,91.62
20191225,91.62,91.62,91.62,91.62
20191226,91.77,92.75,91.03,91.66
20191227,92.17,92.31,91.52,91.66
20191230,91.8,92.44,90.95,92.17
20191231,91.81,93.21,91.81,92.5
20200101,92.5,92.5,92.5,92.5
20200102,93.39,93.4,92.26,93.32
20200103,92.12,94.61,92.12,94.6
20200106,93.78,95.71,93.78,95.57
20200107,95.63,96.265,94.78,95.82
20200108,95.6,97.36,95.6,97.06
20200109,97.42,97.42,95.8,96.4
20200110,96.35,97.08,95.14,95.95
20200113,96.25,97.675,95.97,97.57
20200114,97.2,98.59,96.57,97.5
20200115,97.22,98.59,97.015,97.36
20200116,97.83,98.78,97.64,98.75
20200117,99.22,100.34,98.89,98.99
20200120,98.99,98.99,98.99,98.99
20200121,98.75,99.59,97.76,99.4
20200122,99.66,99.73,98.05,98.29
20200123,97.79,98.84,97.33,98.62
20200124,98.85,99.58,98.01,98.61
20200127,96.74,98.885,96.71,98.42
20200128,98.95,99.69,98.26,98.54
20200129,98.75,99.255,97.785,97.88
20200130,96.97,98.28,96.97,97.96
20200131,97.28,97.77,95.46,95.96
20200203,96.58,97.89,96.505,96.97
20200204,98.09,98.135,96.145,97.31
20200205,99.31,107.1,97.99,103.96
20200206,104.68,104.68,102.58,103.68
20200207,103.23,103.28,101.96,102.58
20200210,102.23,102.5275,100.54,101.56
20200211,102.05,103.515,101.45,102.76
20200212,103.48,104.58,102.875,104.34
20200213,103.78,104.62,103.58,104.1
20200214,104.15,104.165,101.74,101.9
20200217,101.9,101.9,101.9,101.9
20200218,101.44,101.83,99.7716,100.08
20200219,100.48,100.48,98.35,99.11
20200220,98.46,99.65,98.46,99.13
20200221,99.04,99.04,96.16,96.76
20200224,94.76,95.52,93.49,95.5
20200225,95.76,96.08,93.98,95.13
20200226,95.66,97.02,93.41,93.44
20200227,91.64,95.105,90.46,91.23
20200228,88.47,92.65,88.04,90.92
20200302,91.2,93.47,90.21,93.21
20200303,93.32,95.12,89.53,90.89
20200304,91.63,93.42,90.56,93.31
20200305,91.49,92.275,88.26,88.93
20200306,86.48,88.65,85.91,87.89
20200309,82.34,84.3,82.025,83.26
20200310,85.53,87.97,83.74,87.92
20200311,85.92,86.6,80.395,81.53
20200312,75.94,78.88,72.97,72.97
20200313,76.73,77.16,72.03,77.02
20200316,65.0654,75.38,65.0654,67.25
20200317,67.48,77.14,66.0,76.68
20200318,71.72,73.85,65.38,69.14
20200319,68.74,73.17,66.78,71.22
20200320,71.41,72.9,67.51,67.77
20200323,67.73,69.84,62.64,66.57
20200324,68.57,74.6,68.57,74.09
20200325,73.43,82.74,71.06,79.91
20200326,80.66,84.77,80.66,83.44
20200327,80.14,80.645,73.31,73.99
20200330,74.29,77.06,72.16,76.55
20200331,76.02,77.79,74.17,75.91
20200401,71.56,73.73,68.255,69.15
20200402,68.09,74.83,68.09,73.6
20200403,72.41,76.55,69.52,71.2
20200406,74.63,76.57,73.07,75.79
20200407,78.7,78.95,73.35,74.05
20200408,75.11,76.77,73.0,75.38
20200409,76.84,79.28,75.55,78.01
20200413,77.32,79.3774,72.45,74.25
20200414,76.75,77.31,74.49,75.14
20200415,72.41,75.0,71.64,74.49
20200416,74.83,75.0,70.9,73.52
20200417,75.17,77.41,75.17,76.77
20200420,74.8,75.98,72.81,73.03
20200421,70.72,71.57,69.76,70.37
20200422,72.96,74.52,71.23,73.59
20200423,73.92,75.0,72.48,73.0
20200424,73.08,73.94,71.13,72.99
20200427,74.2,75.96,73.685,74.86
20200428,76.02,77.08,73.71,75.52
20200429,77.96,81.7,77.8,79.62
20200430,78.02,78.02,75.81,76.3
20200501,74.44,74.66,72.9026,73.75
20200504,73.54,74.29,72.01,74.07
20200505,75.76,76.47,74.2,74.66
20200506,75.42,75.685,73.84,74.06
20200507,75.16,76.875,75.05,76.0
20200508,77.96,79.76,76.69,79.7
20200511,78.3,80.83,78.02,79.11
20200512,79.61,80.09,77.1,77.4
20200513,76.96,77.57,74.63,75.01
20200514,74.02,74.02,71.3,73.59
20200515,73.67,75.4,72.47,74.47
20200518,78.43,80.5,78.07,79.89
20200519,79.25,81.52,78.49,78.51
20200520,80.29,81.32,79.63,80.42
20200521,80.04,81.7899,79.65,79.82
20200522,80.32,80.57,78.745,80.14
20200526,83.03,85.345,82.91,84.62
20200527,86.29,88.25,84.865,87.79
20200528,89.1,89.1,82.9,83.15
20200529,82.08,82.99,80.49,82.61
20200601,83.16,85.15,83.13,83.98
20200602,85.13,85.13,83.62,83.74
20200603,85.13,87.66,85.13,86.2
20200604,85.16,88.83,85.16,88.44
20200605,92.25,93.49,89.77,90.15
20200608,91.4,94.24,91.23,92.15
20200609,90.26,91.26,88.93,89.67
20200610,89.0,89.03,86.56,87.22
