20120102,4.88,4.88,4.88,4.88
20120103,5.0,5.06,4.88,4.95
20120104,4.93,4.95,4.84,4.85
20120105,4.78,4.92,4.76,4.85
20120106,4.86,4.92,4.79,4.9
20120109,4.95,4.98,4.87,4.96
20120110,4.94,5.07,4.91,4.96
20120111,4.92,5.0,4.92,4.97
20120112,4.99,5.03,4.93,5.03
20120113,4.96,5.05,4.92,5.04
20120116,5.04,5.04,5.04,5.04
20120117,5.07,5.13,5.03,5.08
20120118,5.06,5.2,5.04,5.19
20120119,5.19,5.25,5.16,5.22
20120120,5.23,5.39,5.22,5.38
20120123,5.34,5.46,5.27,5.41
20120124,5.34,5.5,5.33,5.41
20120125,5.4,5.43,5.3,5.4
20120126,5.45,5.49,5.3,5.35
20120127,5.3,5.48,5.3,5.48
20120130,5.45,5.46,5.35,5.43
20120131,5.47,5.49,5.4,5.43
20120201,5.46,5.54,5.4,5.43
20120202,5.48,5.57,5.38,5.41
20120203,5.57,5.57,5.45,5.48
20120206,5.46,5.52,5.46,5.51
20120207,5.51,5.57,5.47,5.56
20120208,5.54,5.64,5.49,5.53
20120209,5.54,5.61,5.43,5.45
20120210,5.41,5.46,5.34,5.35
20120213,5.43,5.47,5.39,5.43
20120214,5.41,5.46,5.21,5.24
20120215,5.26,5.39,5.22,5.33
20120216,5.32,5.5,5.32,5.47
20120217,5.45,5.57,5.42,5.53
20120220,5.53,5.53,5.53,5.53
20120221,5.54,5.58,5.43,5.46
20120222,5.41,5.48,5.32,5.32
20120223,5.32,5.4,5.27,5.35
20120224,5.26,5.37,5.26,5.28
20120227,5.08,5.26,5.02,5.21
20120228,5.19,5.21,5.1,5.16
20120229,5.16,5.2,4.98,5.03
20120301,5.05,5.09,5.0,5.01
20120302,5.02,5.07,4.99,5.01
20120305,5.02,5.17,5.0,5.16
20120306,5.08,5.16,5.03,5.05
20120307,5.08,5.1,5.01,5.07
20120308,5.11,5.11,5.04,5.1
20120309,5.09,5.2,5.06,5.14
20120312,5.16,5.18,5.07,5.08
20120313,5.12,5.25,5.08,5.23
20120314,5.22,5.28,5.16,5.17
20120315,5.18,5.22,5.12,5.15
20120316,5.19,5.24,5.16,5.17
20120319,5.17,5.3,5.16,5.21
20120320,5.15,5.24,5.12,5.18
20120321,5.2,5.22,5.11,5.17
20120322,5.11,5.18,5.04,5.11
20120323,5.09,5.33,5.08,5.31
20120326,5.38,5.54,5.36,5.45
20120327,5.44,5.56,5.42,5.44
20120328,5.42,5.46,5.39,5.43
20120329,5.37,5.43,5.34,5.42
20120330,5.47,5.5,5.38,5.46
20120402,5.44,5.54,5.37,5.54
20120404,5.41,5.44,5.36,5.38
20120405,5.34,5.42,5.3,5.4
20120406,5.4,5.4,5.4,5.4
20120409,5.29,5.35,5.2,5.29
20120410,5.29,5.3,5.09,5.11
20120411,5.15,5.38,5.12,5.36
20120412,5.35,5.52,5.3,5.51
20120413,5.47,5.51,5.4,5.46
20120416,5.52,5.55,5.43,5.46
20120417,5.52,5.65,5.48,5.61
20120418,5.59,5.59,5.47,5.47
20120419,5.5,5.68,5.49,5.67
20120420,5.72,5.79,5.68,5.75
20120423,5.65,5.67,5.58,5.6
20120424,5.62,5.7,5.57,5.7
20120425,5.77,5.81,5.7,5.75
20120426,5.72,5.77,5.66,5.75
20120427,5.8,5.81,5.69,5.76
20120430,5.74,5.82,5.69,5.75
20120501,5.74,5.91,5.7,5.81
20120502,5.73,5.76,5.66,5.69
20120503,5.46,5.49,5.33,5.48
20120504,5.45,5.53,5.37,5.49
20120507,5.43,5.45,5.26,5.43
20120508,5.39,5.45,5.35,5.41
20120509,5.32,5.48,5.3,5.45
20120510,5.48,5.51,5.44,5.51
20120511,5.46,5.5,5.4,5.45
20120514,5.37,5.54,5.31,5.32
20120515,5.3,5.34,5.22,5.32
20120516,5.36,5.36,5.22,5.29
20120517,5.29,5.29,4.89,4.89
20120518,4.89,4.92,4.79,4.86
20120521,4.86,5.11,4.74,5.1
20120522,5.09,5.21,5.04,5.07
20120523,5.01,5.17,4.92,5.17
20120524,5.17,5.22,5.11,5.21
20120525,5.2,5.26,5.16,5.24
20120528,5.24,5.24,5.24,5.24
20120529,5.29,5.33,5.25,5.31
20120530,5.27,5.29,5.18,5.25
20120531,5.24,5.38,5.16,5.33
20120601,5.19,5.25,5.05,5.05
20120604,5.04,5.09,4.91,4.93
20120605,4.9,5.02,4.85,4.99
20120606,5.07,5.23,5.02,5.2
20120607,5.27,5.33,5.2,5.23
20120608,5.22,5.31,5.16,5.3
20120611,5.38,5.38,5.05,5.05
20120612,5.08,5.18,5.03,5.16
20120613,5.13,5.2,5.05,5.09
20120614,5.11,5.24,5.08,5.23
20120615,5.24,5.32,5.18,5.32
20120618,5.29,5.4,5.26,5.38
20120619,5.4,5.5,5.36,5.48
20120620,5.45,5.5,5.38,5.44
20120621,5.42,5.49,5.05,5.23
20120622,5.28,5.28,5.16,5.27
20120625,5.15,5.19,5.07,5.07
20120626,5.11,5.21,5.04,5.16
20120627,5.14,5.24,5.07,5.22
20120628,5.16,5.25,5.09,5.18
20120629,5.32,5.34,5.22,5.28
20120702,5.28,5.31,5.2,5.3
20120703,5.25,5.39,5.22,5.38
20120704,5.38,5.38,5.38,5.38
20120705,5.28,5.4,5.28,5.37
20120706,5.29,5.32,5.22,5.23
20120709,5.23,5.3,5.17,5.22
20120710,5.27,5.28,5.03,5.09
20120711,5.08,5.15,5.01,5.11
20120712,5.04,5.07,4.82,5.0
20120713,5.01,5.1,5.01,5.08
20120716,5.08,5.09,5.03,5.09
20120717,5.1,5.15,5.01,5.09
20120718,5.06,5.12,5.04,5.08
20120719,5.1,5.11,4.91,5.03
20120720,4.97,5.04,4.92,5.01
20120723,4.89,4.98,4.85,4.92
20120724,4.92,4.93,4.71,4.76
20120725,4.81,4.81,4.67,4.68
20120726,4.77,4.83,4.66,4.74
20120727,4.76,4.89,4.73,4.87
20120730,4.87,4.89,4.76,4.78
20120731,4.78,4.86,4.74,4.86
20120801,4.9,5.0,4.81,4.81
20120802,4.78,4.81,4.73,4.75
20120803,4.82,4.93,4.82,4.92
20120806,4.93,5.0,4.92,4.98
20120807,5.0,5.02,4.94,4.96
20120808,4.91,4.96,4.9,4.9
20120809,4.89,4.97,4.86,4.89
20120810,4.87,4.95,4.84,4.94
20120813,4.93,4.97,4.87,4.96
20120814,5.0,5.0,4.91,4.92
20120815,4.91,4.97,4.85,4.92
20120816,4.93,4.96,4.91,4.96
20120817,4.92,5.04,4.92,5.04
20120820,5.03,5.1,4.96,5.07
20120821,5.09,5.15,5.08,5.09
20120822,5.09,5.09,4.98,5.01
20120823,5.0,5.0,4.92,4.92
20120824,4.92,4.97,4.91,4.96
20120827,4.99,5.01,4.94,4.94
20120828,4.95,5.0,4.92,4.92
20120829,4.95,4.99,4.92,4.97
20120830,4.95,4.97,4.9,4.97
20120831,5.03,5.03,4.88,4.98
20120903,4.98,4.98,4.98,4.98
20120904,4.99,5.05,4.92,5.04
20120905,4.99,5.06,4.99,4.99
20120906,5.04,5.21,5.03,5.2
20120907,5.22,5.28,5.16,5.2
20120910,5.18,5.34,5.18,5.25
20120911,5.21,5.34,5.16,5.34
20120912,5.34,5.47,5.28,5.45
20120913,5.42,5.6,5.42,5.54
20120914,5.59,5.71,5.57,5.64
20120917,5.64,5.66,5.54,5.61
20120918,5.61,5.66,5.53,5.61
20120919,5.61,5.61,5.52,5.52
20120920,5.46,5.48,5.18,5.33
20120921,5.41,5.44,5.25,5.29
20120924,5.27,5.31,5.2,5.22
20120925,5.27,5.29,5.06,5.07
20120926,5.07,5.14,5.05,5.08
20120927,5.08,5.12,4.96,4.97
20120928,4.94,4.99,4.9,4.9
20121001,4.95,4.95,4.8,4.89
20121002,4.9,4.91,4.8,4.8
20121003,4.8,4.86,4.76,4.76
20121004,4.8,4.86,4.77,4.84
20121005,4.87,4.91,4.81,4.82
20121008,4.78,4.86,4.76,4.82
20121009,4.81,4.83,4.68,4.71
20121010,4.73,4.78,4.71,4.74
20121011,4.77,4.82,4.76,4.79
20121012,4.78,4.8,4.71,4.73
20121015,4.75,4.82,4.69,4.82
20121016,4.84,4.94,4.81,4.94
20121017,4.93,4.98,4.88,4.92
20121018,4.9,4.96,4.86,4.94
20121019,4.88,4.94,4.85,4.9
20121022,4.88,4.9,4.81,4.88
20121023,4.82,4.88,4.75,4.85
20121024,4.86,4.86,4.8,4.83
20121025,4.87,4.89,4.76,4.84
20121026,4.83,4.86,4.73,4.74
20121029,4.74,4.74,4.74,4.74
20121030,4.74,4.74,4.74,4.74
20121031,4.71,4.81,4.57,4.57
20121101,4.45,4.69,4.38,4.68
20121102,4.68,4.77,4.67,4.75
20121105,4.84,4.84,4.59,4.63
20121106,4.63,4.92,4.61,4.67
20121107,4.62,4.64,4.53,4.54
20121108,4.54,4.58,4.5,4.53
20121109,4.49,4.59,4.48,4.48
20121112,4.49,4.54,4.42,4.46
20121113,4.41,4.48,4.19,4.36
20121114,4.38,4.38,4.29,4.31
20121115,4.32,4.34,4.21,4.28
20121116,4.29,4.36,4.23,4.34
20121119,4.41,4.47,4.36,4.37
20121120,4.37,4.48,4.37,4.42
20121121,4.44,4.51,4.37,4.49
20121122,4.49,4.49,4.49,4.49
20121123,4.53,4.57,4.51,4.56
20121126,4.55,4.65,4.53,4.61
20121127,4.6,4.64,4.55,4.59
20121128,4.58,4.63,4.46,4.62
20121129,4.66,4.72,4.6,4.67
20121130,4.7,4.71,4.62,4.69
20121203,4.69,4.77,4.69,4.75
20121204,4.74,4.88,4.72,4.85
20121205,4.86,4.87,4.8,4.81
20121206,4.86,4.86,4.75,4.78
20121207,4.81,4.84,4.71,4.71
20121210,4.7,4.74,4.68,4.68
20121211,4.74,4.83,4.73,4.76
20121212,4.76,4.78,4.7,4.7
20121213,4.72,4.73,4.68,4.69
20121214,4.76,4.76,4.68,4.69
20121217,4.73,4.74,4.67,4.68
20121218,4.71,4.73,4.67,4.7
20121219,4.7,4.84,4.67,4.82
20121220,4.85,5.11,4.85,5.11
20121221,5.07,5.08,4.99,5.08
20121224,5.07,5.11,5.01,5.01
20121225,5.01,5.01,5.01,5.01
20121226,5.1,5.11,5.0,5.03
20121227,5.0,5.02,4.85,4.99
20121228,5.0,5.0,4.92,4.93
20121231,4.92,5.04,4.85,5.0
20130101,5.0,5.0,5.0,5.0
20130102,5.11,5.17,5.08,5.09
20130103,5.1,5.16,5.08,5.13
20130104,5.17,5.23,5.12,5.13
20130107,5.11,5.2,5.09,5.15
20130108,5.16,5.19,5.12,5.19
20130109,5.22,5.24,5.15,5.19
20130110,5.2,5.24,5.15,5.18
20130111,5.2,5.21,5.11,5.17
20130114,5.16,5.2,5.12,5.16
20130115,5.12,5.19,5.07,5.18
20130116,5.15,5.19,5.1,5.14
20130117,5.15,5.18,5.11,5.17
20130118,5.16,5.18,5.12,5.16
20130121,5.16,5.16,5.16,5.16
20130122,5.16,5.19,5.12,5.19
20130123,5.2,5.21,5.12,5.18
20130124,5.18,5.27,5.17,5.27
20130125,5.29,5.39,5.26,5.38
20130128,5.38,5.46,5.34,5.43
20130129,5.42,5.46,5.36,5.39
20130130,5.37,5.4,5.24,5.31
20130131,5.28,5.37,5.23,5.28
20130201,5.3,5.45,5.28,5.41
20130204,5.36,5.42,5.31,5.33
20130205,5.38,5.41,5.33,5.41
20130206,5.35,5.46,5.35,5.46
20130207,5.47,5.49,5.39,5.39
20130208,5.42,5.45,5.36,5.43
20130211,5.42,5.47,5.41,5.46
20130212,5.45,5.5,5.41,5.48
20130213,5.48,5.5,5.45,5.47
20130214,5.47,5.5,5.43,5.47
20130215,5.46,5.56,5.44,5.5
20130218,5.5,5.5,5.5,5.5
20130219,5.5,5.55,5.46,5.5
20130220,5.49,5.53,5.26,5.26
20130221,5.26,5.45,5.26,5.42
20130222,5.47,5.66,5.42,5.6
20130225,5.61,5.63,5.4,5.41
20130226,5.45,5.47,5.33,5.46
20130227,5.46,5.65,5.42,5.52
20130228,5.53,5.71,5.51,5.61
20130301,5.55,5.7,5.48,5.69
20130304,5.7,5.79,5.63,5.68
20130305,5.73,5.8,5.7,5.77
20130306,5.81,5.85,5.73,5.79
20130307,5.78,5.87,5.7,5.7
20130308,5.77,5.87,5.75,5.79
20130311,5.79,5.83,5.76,5.79
20130312,5.84,5.89,5.79,5.85
20130313,5.84,5.88,5.79,5.87
20130314,5.9,6.14,5.8,6.11
20130315,6.09,6.3,6.09,6.19
20130318,6.13,6.24,6.09,6.16
20130319,6.17,6.17,5.93,5.99
20130320,6.0,6.0,5.89,5.95
20130321,5.93,6.0,5.87,5.87
20130322,5.91,5.92,5.83,5.87
20130325,5.9,5.92,5.8,5.83
20130326,5.88,5.92,5.84,5.92
20130327,5.84,5.86,5.79,5.8
20130328,5.8,5.86,5.8,5.84
20130329,5.84,5.84,5.84,5.84
20130401,5.85,5.88,5.74,5.82
20130402,5.86,5.89,5.73,5.74
20130403,5.8,5.82,5.66,5.76
20130404,5.77,5.82,5.72,5.81
20130405,5.75,5.83,5.72,5.78
20130408,5.82,5.95,5.76,5.95
20130409,5.98,5.98,5.82,5.82
20130410,5.88,5.98,5.83,5.94
20130411,5.93,6.09,5.93,5.98
20130412,5.96,6.01,5.93,5.95
20130415,5.95,5.96,5.79,5.79
20130416,5.84,6.01,5.78,5.95
20130417,5.92,5.96,5.74,5.77
20130418,5.77,5.86,5.7,5.75
20130419,5.73,5.85,5.73,5.79
20130422,5.82,5.88,5.68,5.82
20130423,5.88,5.93,5.82,5.93
20130424,5.97,5.97,5.86,5.9
20130425,5.92,5.94,5.84,5.84
20130426,5.85,5.85,5.72,5.76
20130429,5.8,5.87,5.75,5.86
20130430,5.89,5.99,5.82,5.98
20130501,5.96,6.07,5.83,5.87
20130502,5.92,5.95,5.79,5.89
20130503,5.98,6.02,5.91,5.94
20130506,5.96,5.97,5.87,5.95
20130507,5.97,6.02,5.92,5.99
20130508,5.99,6.02,5.9,5.94
20130509,5.95,5.97,5.87,5.92
20130510,5.94,5.98,5.9,5.94
20130513,5.95,5.99,5.91,5.97
20130514,5.99,6.02,5.96,6.0
20130515,6.0,6.13,5.95,6.1
20130516,6.1,6.14,6.03,6.08
20130517,6.12,6.14,6.08,6.11
20130520,6.1,6.16,6.06,6.14
20130521,6.16,6.2,6.07,6.17
20130522,6.18,6.24,5.97,5.99
20130523,5.95,5.96,5.84,5.86
20130524,5.85,5.96,5.78,5.95
20130527,5.95,5.95,5.95,5.95
20130528,6.04,6.11,5.93,5.98
20130529,5.94,5.95,5.85,5.86
20130530,5.86,5.93,5.79,5.82
20130531,5.77,5.82,5.69,5.72
20130603,5.74,5.9,5.7,5.78
20130604,5.77,5.91,5.74,5.88
20130605,5.87,5.91,5.59,5.59
20130606,5.6,5.72,5.55,5.72
20130607,5.72,5.72,5.55,5.61
20130610,5.65,5.77,5.55,5.73
20130611,5.67,5.69,5.5,5.59
20130612,5.61,5.64,5.44,5.48
20130613,5.47,5.59,5.47,5.57
20130614,5.6,5.76,5.6,5.72
20130617,5.8,5.87,5.74,5.8
20130618,5.8,5.91,5.78,5.9
20130619,5.91,5.94,5.7,5.72
20130620,5.65,5.65,5.38,5.44
20130621,5.46,5.53,5.42,5.43
20130624,5.36,5.51,5.27,5.35
20130625,5.4,5.46,5.29,5.42
20130626,5.49,5.53,5.44,5.47
20130627,5.48,5.61,5.4,5.6
20130628,5.58,5.67,5.54,5.64
20130701,5.67,5.69,5.6,5.64
20130702,5.62,5.74,5.62,5.72
20130703,5.68,5.7,5.58,5.59
20130704,5.59,5.59,5.59,5.59
20130705,5.69,5.7,5.56,5.68
20130708,5.69,5.78,5.65,5.65
20130709,5.66,5.79,5.66,5.73
20130710,5.72,5.74,5.59,5.65
20130711,5.72,5.77,5.6,5.73
20130712,5.74,5.78,5.69,5.74
20130715,5.76,5.84,5.73,5.84
20130716,5.83,5.89,5.82,5.84
20130717,5.84,5.9,5.8,5.82
20130718,5.82,6.02,5.82,6.01
20130719,6.04,6.06,5.99,6.04
20130722,6.06,6.1,6.02,6.1
20130723,6.1,6.12,6.03,6.06
20130724,6.09,6.09,5.96,6.05
20130725,6.02,6.21,6.02,6.16
20130726,6.12,6.16,6.06,6.12
20130729,6.11,6.16,6.0,6.05
20130730,6.06,6.16,6.04,6.09
20130731,6.01,6.01,5.82,5.87
20130801,5.67,5.75,5.52,5.55
20130802,5.53,5.63,5.51,5.53
20130805,5.53,5.55,5.42,5.54
20130806,5.54,5.57,5.45,5.47
20130807,5.44,5.52,5.4,5.51
20130808,5.53,5.56,5.36,5.45
20130809,5.44,5.63,5.44,5.63
20130812,5.6,5.7,5.53,5.7
20130813,5.69,5.72,5.63,5.66
20130814,5.65,5.66,5.55,5.55
20130815,5.48,5.48,5.36,5.37
20130816,5.37,5.4,5.26,5.28
20130819,5.26,5.31,5.19,5.23
20130820,5.24,5.37,5.21,5.31
20130821,5.29,5.35,5.22,5.26
20130822,5.28,5.31,5.26,5.31
20130823,5.31,5.48,5.31,5.47
20130826,5.47,5.49,5.35,5.37
20130827,5.3,5.36,5.26,5.27
20130828,5.26,5.29,5.18,5.21
20130829,5.2,5.27,5.19,5.27
20130830,5.24,5.29,5.22,5.24
20130902,5.24,5.24,5.24,5.24
20130903,5.3,5.31,5.2,5.28
20130904,5.28,5.37,5.27,5.32
20130905,5.34,5.4,5.28,5.31
20130906,5.39,5.44,5.34,5.4
20130909,5.43,5.52,5.4,5.5
20130910,5.52,5.57,5.5,5.57
20130911,5.56,5.66,5.56,5.6
20130912,5.62,5.64,5.52,5.56
20130913,5.56,5.58,5.45,5.52
20130916,5.57,5.62,5.5,5.56
20130917,5.55,5.61,5.54,5.54
20130918,5.53,5.67,5.49,5.6
20130919,5.62,5.65,5.58,5.6
20130920,5.65,5.65,5.49,5.52
20130923,5.51,5.56,5.5,5.51
20130924,5.52,5.85,5.51,5.71
20130925,5.73,5.76,5.65,5.68
20130926,5.69,5.71,5.61,5.66
20130927,5.55,5.64,5.55,5.63
20130930,5.57,5.64,5.56,5.59
20131001,5.64,5.8,5.62,5.8
20131002,5.73,5.78,5.66,5.69
20131003,5.67,5.7,5.52,5.52
20131004,5.51,5.61,5.5,5.61
20131007,5.57,5.73,5.55,5.66
20131008,5.64,5.7,5.59,5.59
20131009,5.59,5.66,5.57,5.63
20131010,5.7,5.76,5.67,5.76
20131011,5.72,5.89,5.72,5.87
20131014,5.83,5.9,5.8,5.81
20131015,5.81,5.83,5.76,5.82
20131016,5.85,5.86,5.8,5.81
20131017,5.79,5.89,5.78,5.88
20131018,5.92,5.94,5.86,5.88
20131021,5.9,5.9,5.78,5.81
20131022,5.83,5.88,5.73,5.77
20131023,5.75,5.81,5.74,5.77
20131024,5.78,5.85,5.77,5.84
20131025,5.89,5.89,5.81,5.83
20131028,5.84,5.84,5.78,5.8
20131029,5.82,5.82,5.66,5.75
20131030,5.77,5.78,5.67,5.69
20131031,5.67,5.72,5.63,5.67
20131101,5.66,5.72,5.53,5.65
20131104,5.69,5.8,5.66,5.79
20131105,5.75,5.77,5.62,5.63
20131106,5.69,5.71,5.52,5.53
20131107,5.55,5.61,5.46,5.58
20131108,5.54,5.6,5.37,5.57
20131111,5.5,5.71,5.43,5.64
20131112,5.64,5.69,5.57,5.65
20131113,5.6,5.69,5.57,5.65
20131114,5.63,5.74,5.63,5.68
20131115,5.66,5.76,5.65,5.71
20131118,5.74,5.79,5.67,5.67
20131119,5.67,5.69,5.57,5.65
20131120,5.65,5.74,5.51,5.57
20131121,5.61,5.72,5.58,5.65
20131122,5.64,5.68,5.53,5.65
20131125,5.69,5.69,5.58,5.6
20131126,5.64,5.74,5.64,5.68
20131127,5.7,5.76,5.63,5.74
20131128,5.74,5.74,5.74,5.74
20131129,5.75,5.76,5.69,5.73
20131202,5.73,5.74,5.6,5.62
20131203,5.61,5.65,5.57,5.62
20131204,5.58,5.7,5.55,5.61
20131205,5.6,5.73,5.57,5.68
20131206,5.74,5.81,5.67,5.72
20131209,5.74,5.74,5.68,5.7
20131210,5.7,5.74,5.65,5.65
20131211,5.67,5.71,5.39,5.4
20131212,5.42,5.5,5.33,5.42
20131213,5.42,5.51,5.42,5.46
20131216,5.46,5.53,5.46,5.5
20131217,5.49,5.56,5.48,5.54
20131218,5.52,5.65,5.49,5.62
20131219,5.6,5.62,5.5,5.51
20131220,5.55,5.61,5.49,5.56
20131223,5.6,5.72,5.58,5.62
20131224,5.62,5.7,5.59,5.6
20131225,5.6,5.6,5.6,5.6
20131226,5.56,5.66,5.54,5.65
20131227,5.68,5.68,5.57,5.63
20131230,5.56,5.62,5.56,5.59
20131231,5.58,5.62,5.53,5.57
20140101,5.57,5.57,5.57,5.57
20140102,5.55,5.56,5.44,5.45
20140103,5.45,5.48,5.42,5.44
20140106,5.46,5.47,5.35,5.45
20140107,5.47,5.54,5.46,5.51
20140108,5.5,5.55,5.44,5.49
20140109,5.49,5.53,5.38,5.49
20140110,5.5,5.54,5.38,5.51
20140113,5.51,5.62,5.47,5.58
20140114,5.59,5.68,5.59,5.63
20140115,5.63,5.7,5.61,5.61
20140116,5.62,5.69,5.53,5.57
20140117,5.55,5.64,5.54,5.6
20140120,5.6,5.6,5.6,5.6
20140121,5.63,5.67,5.61,5.63
20140122,5.61,5.66,5.59,5.62
20140123,5.6,5.62,5.55,5.59
20140124,5.55,5.58,5.46,5.51
20140127,5.53,5.53,5.35,5.39
20140128,5.41,5.48,5.39,5.43
20140129,5.4,5.46,5.36,5.4
20140130,5.42,5.5,5.4,5.44
20140131,5.37,5.47,5.34,5.43
20140203,5.41,5.47,5.27,5.31
20140204,5.32,5.4,5.28,5.35
20140205,5.32,5.35,5.23,5.25
20140206,5.26,5.36,5.23,5.25
20140207,5.25,5.32,5.18,5.24
20140210,5.26,5.34,5.22,5.3
20140211,5.32,5.42,5.29,5.41
20140212,5.4,5.47,5.38,5.43
20140213,5.38,5.45,5.38,5.44
20140214,5.45,5.48,5.4,5.44
20140217,5.44,5.44,5.44,5.44
20140218,5.44,5.5,5.4,5.43
20140219,5.4,5.54,5.4,5.42
20140220,5.46,5.47,5.39,5.39
20140221,5.41,5.42,5.22,5.28
20140224,5.28,5.51,5.27,5.35
20140225,5.38,5.4,5.33,5.39
20140226,5.41,5.66,5.41,5.54
20140227,5.55,5.64,5.51,5.56
20140228,5.56,5.67,5.52,5.62
20140303,5.58,5.69,5.52,5.68
20140304,5.71,5.86,5.7,5.82
20140305,5.8,5.93,5.79,5.91
20140306,5.93,6.0,5.85,5.97
20140307,6.0,6.05,5.94,6.0
20140310,6.0,6.0,5.82,5.82
20140311,5.81,5.91,5.78,5.8
20140312,5.79,5.85,5.76,5.82
20140313,5.86,5.88,5.76,5.78
20140314,5.78,5.85,5.76,5.81
20140317,5.83,5.87,5.77,5.85
20140318,5.84,5.93,5.83,5.92
20140319,5.89,5.93,5.81,5.84
20140320,5.81,5.85,5.75,5.8
20140321,5.82,5.82,5.74,5.8
20140324,5.8,5.81,5.67,5.69
20140325,5.7,5.77,5.67,5.75
20140326,5.76,5.79,5.6,5.65
20140327,5.58,5.69,5.56,5.68
20140328,5.68,5.77,5.67,5.73
20140331,5.74,5.85,5.71,5.83
20140401,5.83,5.87,5.75,5.83
20140402,5.82,5.89,5.79,5.87
20140403,5.88,5.88,5.82,5.83
20140404,5.87,5.87,5.72,5.74
20140407,5.72,5.76,5.7,5.71
20140408,5.7,5.76,5.66,5.74
20140409,5.77,5.77,5.71,5.73
20140410,5.74,5.74,5.61,5.65
20140411,5.59,5.66,5.52,5.54
20140414,5.59,5.65,5.54,5.63
20140415,5.63,5.67,5.59,5.65
20140416,5.68,5.77,5.64,5.76
20140417,5.73,5.81,5.7,5.79
20140418,5.79,5.79,5.79,5.79
20140421,5.77,5.82,5.73,5.8
20140422,5.79,5.83,5.76,5.8
20140423,5.81,5.81,5.71,5.75
20140424,5.76,5.8,5.75,5.78
20140425,5.76,5.78,5.64,5.71
20140428,5.71,5.77,5.65,5.76
20140429,5.8,5.8,5.68,5.72
20140430,5.67,5.82,5.64,5.81
20140501,5.78,5.86,5.7,5.86
20140502,5.88,5.99,5.87,5.92
20140505,5.9,5.92,5.83,5.91
20140506,5.88,5.92,5.84,5.87
20140507,5.9,5.9,5.82,5.88
20140508,5.9,5.97,5.87,5.89
20140509,5.87,5.93,5.86,5.93
20140512,5.96,6.13,5.92,6.09
20140513,6.06,6.18,6.03,6.16
20140514,6.14,6.14,6.0,6.02
20140515,6.01,6.05,5.96,6.04
20140516,6.02,6.08,5.99,6.08
20140519,6.08,6.16,6.03,6.16
20140520,6.14,6.15,6.09,6.11
20140521,6.12,6.34,6.1,6.34
20140522,6.33,6.46,6.22,6.42
20140523,6.41,6.43,6.25,6.38
20140526,6.38,6.38,6.38,6.38
20140527,6.42,6.53,6.37,6.5
20140528,6.46,6.48,6.27,6.28
20140530,6.32,6.35,6.25,6.33
20140602,6.32,6.37,6.28,6.35
20140603,6.34,6.36,6.3,6.35
20140604,6.35,6.39,6.3,6.35
20140605,6.39,6.52,6.35,6.49
20140606,6.53,6.59,6.48,6.49
20140609,6.47,6.51,6.42,6.44
20140610,6.44,6.44,6.33,6.41
20140611,6.41,6.46,6.39,6.44
20140612,6.42,6.46,6.37,6.39
20140613,6.42,6.46,6.34,6.44
20140616,6.44,6.49,6.39,6.43
20140617,6.41,6.49,6.4,6.46
20140618,6.46,6.51,6.43,6.51
20140619,6.53,6.6,6.5,6.58
20140620,6.6,6.63,6.45,6.52
20140623,6.51,6.58,6.48,6.5
20140624,6.48,6.61,6.48,6.5
20140625,6.45,6.57,6.45,6.49
20140626,6.46,6.56,6.41,6.52
20140627,6.48,6.74,6.48,6.74
20140630,6.74,6.74,6.63,6.71
20140701,6.7,6.75,6.69,6.72
20140702,6.72,6.76,6.69,6.73
20140703,6.75,6.76,6.69,6.74
20140704,6.74,6.74,6.74,6.74
20140707,6.72,6.75,6.69,6.75
20140708,6.74,6.76,6.73,6.74
20140709,6.74,6.81,6.72,6.81
20140710,6.72,6.84,6.71,6.8
20140711,6.79,6.8,6.73,6.75
20140714,6.78,6.85,6.77,6.79
20140715,6.81,6.81,6.72,6.75
20140716,6.79,6.81,6.74,6.79
20140718,6.74,6.9,6.74,6.86
20140721,6.84,6.87,6.79,6.83
20140722,6.85,6.9,6.83,6.85
20140723,6.86,6.88,6.81,6.85
20140724,6.85,6.9,6.8,6.8
20140725,6.75,6.79,6.72,6.74
20140728,6.75,6.78,6.75,6.77
20140729,6.76,6.84,6.74,6.75
20140730,6.78,6.78,6.68,6.7
20140731,6.64,6.69,6.58,6.61
20140801,6.62,6.67,6.56,6.59
20140804,6.62,6.7,6.59,6.68
20140805,6.64,6.73,6.57,6.6
20140806,6.67,6.82,6.65,6.78
20140807,6.83,6.85,6.73,6.76
20140808,6.77,6.79,6.74,6.76
20140811,6.77,6.8,6.76,6.76
20140812,6.76,6.81,6.7,6.73
20140813,6.74,6.8,6.71,6.77
20140814,6.77,6.81,6.72,6.72
20140815,6.79,6.79,6.64,6.67
20140818,6.72,6.9,6.72,6.9
20140819,6.92,6.95,6.86,6.88
20140820,6.84,6.92,6.79,6.9
20140821,6.9,6.92,6.88,6.89
20140822,6.9,6.9,6.8,6.84
20140825,6.86,6.86,6.81,6.85
20140826,6.85,6.9,6.85,6.86
20140827,6.85,6.93,6.85,6.9
20140828,6.86,6.9,6.79,6.79
20140829,6.79,6.87,6.76,6.79
20140901,6.79,6.79,6.79,6.79
20140902,6.83,6.94,6.82,6.89
20140903,6.89,6.95,6.87,6.88
20140904,6.89,6.9,6.77,6.8
20140905,6.78,6.87,6.78,6.86
20140908,6.83,6.91,6.81,6.82
20140909,6.82,6.83,6.74,6.74
20140910,6.72,6.72,6.59,6.61
20140911,6.59,6.71,6.59,6.67
20140912,6.68,6.68,6.47,6.52
20140915,6.5,6.52,6.44,6.45
20140916,6.45,6.56,6.41,6.54
20140917,6.53,6.71,6.53,6.64
20140918,6.64,6.65,6.59,6.61
20140919,6.62,6.69,6.52,6.55
20140922,6.54,6.61,6.5,6.51
20140923,6.5,6.51,6.4,6.41
20140924,6.4,6.5,6.39,6.43
20140925,6.42,6.51,6.35,6.48
20140926,6.48,6.56,6.46,6.56
20140929,6.51,6.54,6.45,6.53
20140930,6.47,6.51,6.37,6.37
20141001,6.35,6.39,6.28,6.29
20141002,6.27,6.35,6.15,6.25
20141003,6.31,6.38,6.25,6.35
20141006,6.35,6.41,6.32,6.36
20141007,6.34,6.41,6.29,6.33
20141008,6.3,6.58,6.3,6.54
20141009,6.56,6.63,6.45,6.46
20141010,6.44,6.67,6.44,6.54
20141013,6.56,6.63,6.44,6.44
20141014,6.49,6.69,6.49,6.52
20141015,6.49,6.56,6.35,6.46
20141016,6.4,6.62,6.4,6.59
20141017,6.64,6.67,6.54,6.57
20141020,6.57,6.71,6.53,6.71
20141021,6.76,6.85,6.71,6.85
20141022,6.89,6.96,6.84,6.87
20141023,6.91,6.97,6.89,6.91
20141024,6.93,6.95,6.85,6.94
20141027,6.92,6.99,6.89,6.99
20141028,7.0,7.11,6.98,7.1
20141029,7.07,7.15,7.01,7.08
20141030,7.17,7.22,7.05,7.21
20141031,7.28,7.32,7.21,7.29
20141103,7.27,7.31,7.25,7.28
20141104,7.26,7.38,7.23,7.37
20141105,7.44,7.44,7.34,7.42
20141106,7.38,7.41,7.28,7.37
20141107,7.39,7.44,7.31,7.34
20141110,7.34,7.43,7.34,7.43
20141111,7.43,7.44,7.37,7.38
20141112,7.38,7.4,7.36,7.38
20141113,7.38,7.48,7.38,7.4
20141114,7.35,7.42,7.24,7.26
20141117,7.27,7.38,7.26,7.27
20141118,7.3,7.35,7.27,7.32
20141119,7.33,7.33,7.17,7.19
20141120,7.15,7.28,7.14,7.27
20141121,7.35,7.41,7.28,7.33
20141124,7.33,7.37,7.23,7.33
20141125,7.37,7.37,7.29,7.31
20141126,7.33,7.4,7.31,7.4
20141127,7.4,7.4,7.4,7.4
20141128,7.42,7.49,7.39,7.41
20141201,7.39,7.41,7.28,7.3
20141202,7.28,7.41,7.2,7.37
20141204,7.41,7.49,7.35,7.44
20141205,7.41,7.45,7.38,7.43
20141208,7.43,7.47,7.29,7.3
20141209,7.25,7.39,7.25,7.37
20141210,7.36,7.4,7.26,7.27
20141211,7.3,7.37,7.29,7.32
20141212,7.29,7.36,7.22,7.28
20141215,7.32,7.33,7.16,7.18
20141216,7.15,7.27,7.13,7.24
20141217,7.24,7.37,7.21,7.35
20141218,7.41,7.42,7.24,7.25
20141219,7.25,7.25,7.15,7.18
20141222,7.17,7.25,7.15,7.24
20141223,7.28,7.29,7.21,7.24
20141224,7.26,7.27,7.17,7.19
20141225,7.19,7.19,7.19,7.19
20141226,7.23,7.26,7.23,7.25
20141229,7.24,7.27,7.19,7.25
20141230,7.2,7.3,7.2,7.25
20141231,7.22,7.25,7.01,7.03
20150101,7.03,7.03,7.03,7.03
20150102,7.08,7.11,6.99,7.07
20150105,7.02,7.13,7.01,7.09
20150106,7.14,7.14,6.97,7.01
20150107,7.06,7.06,6.97,7.05
20150108,7.07,7.21,7.07,7.15
20150109,7.17,7.18,7.07,7.08
20150112,7.08,7.11,6.94,6.96
20150113,7.0,7.04,6.88,6.95
20150114,6.87,7.06,6.82,7.03
20150115,7.04,7.11,6.88,6.88
20150116,6.92,7.15,6.9,7.13
20150119,7.13,7.13,7.13,7.13
20150120,7.15,7.2,7.06,7.07
20150121,7.07,7.1,6.94,6.94
20150122,6.94,7.02,6.88,6.99
20150123,7.0,7.0,6.73,6.8
20150126,6.78,6.81,6.7,6.81
20150127,6.76,6.88,6.76,6.82
20150128,6.84,6.91,6.78,6.8
20150129,6.82,6.84,6.75,6.81
20150130,6.77,6.82,6.66,6.68
20150202,6.67,6.71,6.54,6.66
20150203,6.64,6.77,6.61,6.75
20150204,6.71,6.75,6.64,6.67
20150205,6.67,6.72,6.65,6.7
20150206,6.7,6.7,6.48,6.56
20150209,6.57,6.62,6.48,6.54
20150210,6.56,6.6,6.45,6.56
20150211,6.55,6.6,6.43,6.51
20150212,6.53,6.66,6.53,6.59
20150213,6.61,6.64,6.5,6.51
20150216,6.51,6.51,6.51,6.51
20150217,6.52,6.55,6.47,6.51
20150218,6.52,6.52,6.4,6.49
20150219,6.7,6.8,6.5,6.8
20150220,6.78,6.79,6.61,6.66
20150223,6.67,6.72,6.59,6.62
20150224,6.66,6.75,6.55,6.74
20150225,6.76,6.76,6.68,6.7
20150226,6.71,6.74,6.65,6.65
20150227,6.66,6.75,6.61,6.71
20150302,6.75,6.89,6.72,6.81
20150303,6.77,6.8,6.72,6.76
20150304,6.75,6.76,6.6,6.62
20150305,6.64,6.66,6.55,6.56
20150306,6.5,6.5,6.29,6.29
20150309,6.32,6.46,6.29,6.41
20150310,6.36,6.39,6.32,6.33
20150311,6.36,6.4,6.28,6.39
20150312,6.44,6.54,6.43,6.54
20150313,6.55,6.55,6.38,6.5
20150316,6.54,6.6,6.5,6.54
20150317,6.54,6.59,6.48,6.57
20150318,6.56,6.67,6.46,6.65
20150319,6.62,6.72,6.62,6.72
20150320,6.75,6.87,6.72,6.87
20150323,6.87,6.93,6.78,6.78
20150324,6.76,6.8,6.69,6.76
20150325,6.65,6.65,6.39,6.44
20150326,6.41,6.56,6.39,6.5
20150327,6.44,6.51,6.41,6.47
20150330,6.48,6.57,6.45,6.56
20150331,6.54,6.58,6.4,6.47
20150401,6.47,6.53,6.4,6.52
20150402,6.51,6.62,6.5,6.55
20150403,6.55,6.55,6.55,6.55
20150406,6.55,6.64,6.51,6.58
20150407,6.58,6.58,6.46,6.48
20150408,6.47,6.55,6.46,6.53
20150409,6.53,6.53,6.4,6.49
20150410,6.55,6.6,6.47,6.48
20150413,6.51,6.55,6.47,6.48
20150414,6.44,6.54,6.4,6.41
20150415,6.44,6.45,6.39,6.4
20150416,6.41,6.48,6.36,6.41
20150417,6.35,6.41,6.34,6.39
20150420,6.41,6.57,6.39,6.53
20150421,6.53,6.59,6.49,6.49
20150422,6.49,6.61,6.47,6.61
20150423,6.6,6.62,6.55,6.58
20150424,6.6,6.64,6.57,6.59
20150427,6.65,6.69,6.54,6.57
20150428,6.59,6.73,6.4,6.64
20150429,6.61,6.71,6.57,6.63
20150430,6.57,6.6,6.4,6.43
20150504,6.42,6.5,6.39,6.47
20150505,6.43,6.45,6.32,6.37
20150506,6.37,6.38,6.28,6.33
20150507,6.32,6.48,6.3,6.43
20150508,6.49,6.6,6.47,6.5
20150511,6.48,6.51,6.43,6.48
20150512,6.44,6.53,6.39,6.46
20150513,6.46,6.5,6.39,6.43
20150514,6.47,6.59,6.45,6.59
20150515,6.6,6.63,6.54,6.61
20150518,6.58,6.61,6.53,6.57
20150519,6.55,6.56,6.49,6.55
20150520,6.57,6.6,6.51,6.55
20150521,6.61,6.61,6.44,6.48
20150522,6.46,6.51,6.42,6.43
20150525,6.43,6.43,6.43,6.43
20150526,6.4,6.43,6.38,6.41
20150527,6.44,6.47,6.39,6.45
20150528,6.46,6.49,6.4,6.44
20150529,6.44,6.48,6.34,6.36
20150601,6.4,6.49,6.34,6.48
20150602,6.43,6.55,6.43,6.46
20150603,6.46,6.49,6.4,6.42
20150604,6.38,6.42,6.37,6.4
20150605,6.32,6.39,6.27,6.38
20150608,6.37,6.4,6.32,6.36
20150609,6.34,6.38,6.32,6.36
20150610,6.39,6.47,6.36,6.44
20150611,6.46,6.54,6.45,6.5
20150612,6.5,6.52,6.43,6.46
20150615,6.44,6.46,6.34,6.35
20150616,6.34,6.39,6.34,6.36
20150617,6.36,6.37,6.26,6.31
20150618,6.34,6.45,6.33,6.45
20150619,6.45,6.53,6.43,6.49
20150622,6.5,6.57,6.49,6.52
20150623,25.92,26.32,25.67,26.2
20150624,26.22,26.53,26.13,26.14
20150625,26.25,26.27,25.83,25.87
20150626,25.65,26.14,25.4,26.09
20150629,26.05,26.24,25.49,25.56
20150630,25.79,25.79,25.42,25.64
20150701,25.93,26.37,25.64,26.35
20150702,26.47,26.87,26.37,26.67
20150703,26.67,26.67,26.67,26.67
20150706,26.54,27.2,26.39,27.16
20150707,27.4,27.97,27.24,27.77
20150708,27.62,27.89,27.45,27.57
20150709,27.77,27.79,27.44,27.49
20150710,27.77,27.93,27.5,27.78
20150713,28.0,28.33,27.77,27.95
20150714,28.22,28.31,28.0,28.09
20150715,28.07,28.49,28.02,28.28
20150716,28.37,28.6,28.2,28.26
20150717,28.21,28.35,28.15,28.21
20150720,28.15,28.25,27.98,28.12
20150721,28.22,28.35,28.05,28.08
20150722,28.04,28.29,28.02,28.12
20150723,28.16,28.16,26.76,27.0
20150724,27.01,27.05,26.66,26.79
20150727,26.71,26.94,26.31,26.43
20150728,26.51,26.77,26.14,26.29
20150729,28.2,28.51,27.28,27.37
20150730,27.29,27.5,26.88,26.91
20150731,27.0,27.19,26.78,27.12
20150803,27.13,27.32,27.01,27.23
20150804,27.26,27.32,26.7,26.89
20150805,26.97,26.97,26.21,26.5
20150806,26.43,26.46,25.52,25.98
20150807,25.81,26.13,25.7,25.77
20150810,25.97,25.97,25.53,25.86
20150811,25.75,26.25,25.61,26.18
20150812,25.73,25.89,24.75,25.24
20150813,25.14,25.42,24.77,25.22
20150814,25.18,25.28,25.09,25.23
20150817,25.15,25.45,25.0,25.38
20150818,25.33,25.51,25.27,25.38
20150819,25.23,25.31,25.04,25.19
20150820,25.11,25.18,24.88,24.91
20150821,24.51,25.05,24.33,24.8
20150824,23.89,24.72,23.61,23.96
20150826,24.03,24.41,23.7,24.35
20150827,24.54,25.05,24.39,24.79
20150828,24.77,24.97,24.43,24.94
20150831,24.81,24.95,24.44,24.44
20150901,24.0,24.22,23.86,24.01
20150902,24.25,24.26,23.92,24.24
20150903,24.31,24.53,23.9,24.0
20150904,23.72,23.88,23.47,23.8
20150907,23.8,23.8,23.8,23.8
20150908,24.13,24.63,23.94,24.48
20150909,24.62,24.7,24.18,24.23
20150910,24.18,24.67,24.08,24.19
20150911,24.14,24.58,24.14,24.57
20150914,24.62,24.65,24.35,24.47
20150915,24.52,24.52,23.58,23.95
20150916,23.9,24.1,23.86,24.08
20150917,24.11,24.6,23.92,24.31
20150918,23.95,24.18,23.1,23.23
20150921,23.3,23.79,23.3,23.58
20150922,23.33,23.57,22.96,23.01
20150923,23.12,23.33,22.93,23.28
20150924,23.16,23.32,23.0,23.01
20150925,23.17,23.53,23.0,23.32
20150928,22.99,23.01,22.3,22.41
20150929,22.45,22.61,22.24,22.3
20150930,22.41,22.76,22.2,22.66
20151001,22.72,23.04,22.57,23.02
20151002,22.9,23.11,22.42,23.11
20151005,23.47,24.12,23.24,24.09
20151006,24.04,24.36,23.89,24.18
20151007,24.21,24.79,24.19,24.79
20151008,24.77,25.28,24.66,25.07
20151009,25.08,25.12,24.87,25.02
20151012,25.05,25.55,25.05,25.14
20151013,25.12,25.12,24.8,24.91
20151014,24.83,25.09,24.59,24.61
20151015,24.73,25.19,24.57,25.19
20151016,25.27,25.42,25.15,25.32
20151019,25.24,25.46,25.2,25.36
20151020,25.33,25.63,25.2,25.48
20151021,25.5,25.5,24.69,24.72
20151022,24.8,25.29,24.65,25.11
20151023,25.03,25.03,23.79,24.05
20151026,24.02,24.07,23.58,23.69
20151027,23.64,23.75,23.13,23.43
20151028,23.5,23.82,23.01,23.58
20151029,23.58,25.23,23.52,24.35
20151030,24.36,24.36,23.56,24.01
20151102,23.99,24.69,23.92,24.6
20151103,24.52,24.59,24.25,24.42
20151104,24.42,24.9,24.25,24.83
20151105,24.78,25.06,24.48,24.97
20151106,24.67,24.78,24.43,24.75
20151109,24.59,24.77,24.1,24.33
20151110,24.31,24.7,24.31,24.65
20151111,24.72,24.84,24.58,24.73
20151112,24.63,24.71,24.26,24.3
20151113,24.25,24.43,23.59,23.63
20151116,23.63,23.72,23.49,23.69
20151117,23.69,23.83,23.31,23.31
20151118,23.32,23.55,23.11,23.54
20151119,23.54,23.55,23.12,23.18
20151120,23.27,23.32,23.1,23.15
20151123,23.09,23.49,23.09,23.34
20151124,23.19,23.52,23.09,23.51
20151125,23.55,23.9,23.5,23.8
20151126,23.8,23.8,23.8,23.8
20151127,23.79,23.96,23.66,23.75
20151130,23.83,23.97,23.57,23.61
20151201,23.7,24.13,23.62,23.97
20151202,23.64,23.92,23.26,23.27
20151203,23.48,23.48,22.95,22.97
20151204,22.96,23.27,22.81,23.13
20151207,23.07,23.12,22.75,22.79
20151208,22.67,22.9,22.62,22.66
20151209,22.57,23.04,22.42,22.53
20151210,22.53,22.73,22.36,22.66
20151211,22.54,22.73,22.34,22.41
20151214,22.41,22.55,21.97,22.24
20151215,22.48,22.71,22.32,22.46
20151216,22.54,22.75,22.12,22.63
20151217,22.1,22.88,21.47,22.59
20151218,22.56,22.72,21.86,22.02
20151221,22.08,22.26,21.87,22.02
20151222,22.05,22.17,21.82,21.93
20151223,22.01,22.38,21.91,22.36
20151224,22.36,22.54,22.28,22.42
20151225,22.42,22.42,22.42,22.42
20151228,22.37,22.43,22.13,22.4
20151229,22.46,22.8,22.4,22.79
20151230,22.48,22.56,22.19,22.21
20151231,22.19,22.26,21.76,21.76
20160101,21.76,21.76,21.76,21.76
20160104,21.41,21.43,20.7,20.92
20160105,20.94,21.2,20.58,21.12
20160106,20.84,21.1,20.3,20.47
20160107,20.04,20.51,20.0,20.11
20160108,20.19,20.3,19.61,19.63
20160111,19.67,19.89,19.63,19.72
20160112,19.86,19.86,19.29,19.34
20160113,19.33,19.33,18.17,18.26
20160114,18.25,18.48,17.85,18.42
20160115,17.99,18.04,17.22,17.45
20160118,17.45,17.45,17.45,17.45
20160119,17.51,17.54,16.82,16.93
20160120,16.71,17.22,16.13,17.06
20160121,17.08,17.9,16.92,17.49
20160122,17.78,18.35,17.55,17.7
20160125,17.68,17.84,17.18,17.22
20160126,17.29,17.77,17.29,17.54
20160127,17.5,17.73,17.17,17.36
20160128,17.59,17.86,17.27,17.28
20160129,17.45,17.69,17.44,17.57
20160201,17.15,17.16,16.52,16.71
20160202,16.57,16.65,16.3,16.51
20160203,16.64,17.01,16.25,16.95
20160204,17.24,19.78,17.24,19.09
20160205,18.98,19.39,18.67,18.77
20160208,18.56,18.68,17.91,18.23
20160209,17.96,18.39,17.83,18.12
20160210,18.24,18.76,18.1,18.1
20160211,17.84,18.1,17.59,17.63
20160212,17.73,18.18,17.5,18.13
20160215,18.13,18.13,18.13,18.13
20160216,18.22,19.11,18.22,18.92
20160217,19.69,21.54,18.94,19.31
20160218,19.76,20.33,19.38,19.96
20160219,19.85,20.15,19.72,19.94
20160222,20.05,20.68,19.98,20.55
20160223,20.7,20.97,20.07,20.22
20160224,20.03,20.37,19.3,20.29
20160225,20.37,20.45,19.8,20.41
20160226,20.49,20.66,20.22,20.37
20160229,20.34,20.57,20.01,20.13
20160301,20.23,21.05,20.16,20.92
20160302,20.89,22.11,20.82,21.54
20160303,21.56,21.8,21.43,21.69
20160304,21.71,21.88,21.54,21.87
20160307,21.8,22.03,21.62,21.89
20160308,21.79,21.79,20.89,20.92
20160309,21.08,21.23,20.69,20.97
20160310,21.14,21.27,20.15,20.53
20160311,20.73,21.16,20.56,21.14
20160314,21.1,21.32,20.89,21.09
20160315,20.98,21.15,20.75,20.97
20160316,20.85,21.46,20.79,21.39
20160317,21.39,21.69,21.07,21.59
20160318,21.73,22.15,21.67,21.76
20160321,21.7,21.82,21.44,21.58
20160322,21.45,21.48,21.12,21.22
20160323,21.21,21.21,20.39,20.52
20160324,20.46,20.88,20.0,20.71
20160325,20.71,20.71,20.71,20.71
20160328,20.72,20.96,20.43,20.78
20160329,20.73,21.32,20.54,21.29
20160330,21.1,21.37,21.0,21.11
20160331,21.15,21.43,21.04,21.34
20160401,21.02,21.18,20.51,20.68
20160404,20.6,20.74,20.35,20.38
20160405,20.26,20.35,19.86,19.95
20160406,19.94,20.03,19.63,19.86
20160407,19.78,20.03,19.67,19.81
20160408,19.97,20.48,19.86,20.14
20160411,20.29,20.49,19.91,20.05
20160412,20.13,20.73,20.09,20.39
20160413,20.49,20.93,20.49,20.86
20160414,20.92,21.27,20.78,21.23
20160415,21.22,21.31,20.92,20.92
20160418,20.83,20.89,20.66,20.78
20160419,20.85,20.91,20.5,20.71
20160420,20.58,20.58,20.21,20.31
20160421,20.32,20.57,20.03,20.03
20160422,20.15,20.26,19.67,20.03
20160425,19.9,20.11,19.82,20.11
20160426,20.14,20.54,20.07,20.39
20160427,20.36,20.47,20.16,20.42
20160428,20.29,20.48,19.98,20.04
20160429,19.77,19.77,18.73,19.29
20160502,19.3,19.65,19.15,19.63
20160503,19.34,19.68,19.3,19.45
20160504,19.25,19.72,19.19,19.58
20160505,19.65,19.8,19.42,19.5
20160506,19.37,19.92,19.37,19.91
20160509,19.92,20.25,19.89,20.04
20160510,20.14,20.48,20.0,20.08
20160511,20.02,20.15,18.97,19.06
20160512,19.08,19.33,18.82,18.9
20160513,18.75,19.06,18.73,18.93
20160516,18.95,19.15,18.64,18.66
20160517,18.58,18.86,18.15,18.19
20160518,18.16,18.21,17.29,17.68
20160519,17.2,17.43,16.71,17.37
20160520,17.44,17.56,17.21,17.42
20160523,17.45,17.58,17.25,17.38
20160524,17.45,17.55,17.27,17.39
20160525,17.4,17.73,17.31,17.67
20160526,17.67,17.82,17.49,17.72
20160527,17.68,18.01,17.58,17.61
20160530,17.61,17.61,17.61,17.61
20160531,17.62,17.85,17.43,17.72
20160601,17.73,18.06,17.55,17.71
20160602,17.57,18.42,17.55,18.12
20160603,18.2,18.45,17.86,18.11
20160606,18.13,18.23,17.88,17.96
20160607,17.96,18.34,17.89,18.12
20160608,18.1,18.58,18.05,18.49
20160609,18.42,18.58,18.31,18.49
20160610,18.33,18.38,18.08,18.13
20160613,18.1,18.3,17.87,18.0
20160614,17.93,18.15,17.93,18.03
20160615,18.02,18.63,18.02,18.4
20160616,18.17,18.25,17.88,18.21
20160617,18.26,18.65,18.15,18.39
20160620,18.65,18.83,18.34,18.36
20160621,18.45,18.52,18.0,18.05
20160622,18.1,18.21,17.84,17.88
20160623,18.08,18.25,17.97,18.01
20160624,17.28,17.4,16.85,16.94
20160627,16.75,16.78,15.36,15.74
20160628,15.81,16.49,15.81,16.14
20160629,16.4,17.03,16.13,16.74
20160630,16.8,17.17,16.6,17.15
20160701,17.23,17.88,17.22,17.85
20160704,17.85,17.85,17.85,17.85
20160705,17.75,17.85,17.39,17.4
20160706,17.28,17.57,17.25,17.5
20160707,17.54,17.67,17.45,17.62
20160708,17.8,18.04,17.76,17.94
20160711,18.04,18.55,17.98,18.52
20160712,18.63,19.05,18.56,19.04
20160713,19.17,19.17,18.41,18.6
20160714,18.63,18.67,18.41,18.45
20160715,18.45,18.63,18.28,18.61
20160718,18.62,19.21,18.55,19.0
20160719,18.91,19.01,18.74,18.96
20160720,18.99,19.33,18.86,19.08
20160721,19.02,19.43,19.01,19.21
20160722,19.24,19.58,19.24,19.41
20160725,19.44,19.69,19.25,19.26
20160726,19.25,19.36,18.69,18.76
20160727,18.75,18.84,18.21,18.25
20160728,18.24,18.62,18.0,18.34
20160729,18.21,19.02,18.19,18.9
20160801,18.91,19.26,18.82,19.04
20160802,19.0,19.13,18.77,18.83
20160803,18.77,19.04,18.67,19.02
20160804,19.05,19.19,18.78,18.88
20160805,18.98,19.69,18.98,19.59
20160808,19.6,20.19,19.58,20.01
20160809,19.94,20.05,19.65,19.71
20160810,19.75,19.86,19.23,19.45
20160811,19.58,19.81,19.07,19.16
20160812,19.14,19.47,19.11,19.3
20160815,19.39,19.66,19.39,19.63
20160816,19.49,19.65,19.45,19.46
20160817,19.43,19.62,18.75,19.13
20160818,19.14,19.35,19.02,19.32
20160819,19.31,19.44,19.24,19.39
20160822,19.34,19.53,19.15,19.45
20160823,19.57,19.76,19.41,19.42
20160824,19.42,19.42,19.09,19.22
20160825,19.21,19.38,19.18,19.36
20160826,19.35,19.7,19.11,19.23
20160829,19.25,19.53,19.25,19.4
20160830,19.4,19.63,19.23,19.58
20160831,19.58,19.88,19.41,19.54
20160901,19.54,19.54,18.9,19.03
20160902,19.13,19.49,18.91,19.09
20160905,19.09,19.09,19.09,19.09
20160906,19.13,19.13,18.72,19.05
20160907,19.05,19.18,18.89,19.13
20160908,19.09,19.14,18.89,18.96
20160909,18.91,18.92,18.17,18.18
20160912,18.14,18.3,18.02,18.22
20160913,18.09,18.26,17.93,18.04
20160914,18.23,18.74,18.19,18.45
20160915,18.39,18.92,18.36,18.7
20160916,18.75,18.96,18.63,18.95
20160919,18.96,19.1,18.61,18.73
20160920,18.87,18.96,18.65,18.79
20160921,18.81,18.86,18.42,18.69
20160922,18.8,19.16,18.76,19.12
20160923,19.13,19.31,19.0,19.05
20160926,19.0,19.03,18.48,18.48
20160927,18.56,18.56,18.17,18.21
20160928,18.31,18.47,18.11,18.34
20160929,18.01,18.43,17.97,18.07
20160930,18.16,18.2,17.84,18.02
20161003,18.25,18.29,17.91,18.07
20161004,18.13,18.41,18.05,18.22
20161005,18.23,18.42,18.12,18.17
20161006,18.21,18.46,18.05,18.37
20161007,18.39,18.66,18.06,18.07
20161010,18.18,18.61,18.15,18.48
20161011,18.44,18.44,18.09,18.24
20161012,18.3,18.43,18.28,18.33
20161013,18.33,18.93,18.05,18.31
20161014,18.43,18.44,18.25,18.32
20161017,18.34,18.47,18.26,18.31
20161018,18.5,18.67,18.38,18.47
20161019,18.57,18.87,18.52,18.85
20161020,18.78,18.95,18.32,18.53
20161021,18.33,18.57,18.26,18.35
20161024,18.46,18.84,18.46,18.76
20161025,18.74,18.77,18.51,18.59
20161026,19.22,19.43,18.16,18.75
20161027,18.72,18.72,17.92,17.93
20161028,17.98,18.12,17.91,17.96
20161031,17.95,18.14,17.81,17.82
20161101,17.85,17.98,17.06,17.25
20161102,17.25,17.47,17.12,17.18
20161103,17.23,17.31,16.84,16.89
20161104,17.08,17.21,16.8,17.01
20161107,17.27,17.57,17.18,17.4
20161108,17.4,17.84,17.27,17.75
20161109,17.14,18.59,17.14,18.48
20161110,18.68,18.76,18.11,18.59
20161111,18.64,19.21,18.63,19.08
20161114,19.16,19.9,19.15,19.67
20161115,19.67,19.68,18.97,19.38
20161116,19.25,19.68,19.17,19.63
20161117,19.67,19.9,19.52,19.64
20161118,19.75,19.82,19.53,19.62
20161121,19.64,19.96,19.48,19.69
20161122,19.76,19.95,19.65,19.78
20161123,19.68,19.9,19.56,19.83
20161124,19.83,19.83,19.83,19.83
20161125,19.83,20.2,19.83,20.14
20161128,20.07,20.2,19.7,19.82
20161129,19.85,20.2,19.85,20.05
20161130,20.02,20.27,19.92,20.17
20161201,20.19,20.73,20.16,20.66
20161202,20.61,20.8,20.43,20.56
20161205,20.67,20.96,20.61,20.75
20161206,20.75,21.07,20.68,20.88
20161207,20.9,21.3,20.9,21.21
20161208,21.21,22.07,21.13,21.99
20161209,21.95,22.14,21.79,21.89
20161212,21.99,22.01,21.35,21.66
20161213,21.73,21.89,21.23,21.31
20161214,21.29,21.43,21.03,21.06
20161215,21.08,21.57,21.0,21.1
20161216,21.25,21.62,21.25,21.3
20161219,21.43,21.63,21.28,21.59
20161220,21.67,21.95,21.51,21.57
20161221,21.67,21.72,21.31,21.43
20161222,21.47,21.47,21.07,21.28
20161223,21.32,21.44,21.18,21.31
20161226,21.31,21.31,21.31,21.31
20161227,21.33,21.64,21.3,21.35
20161228,21.3,21.46,21.08,21.27
20161229,21.22,21.58,21.22,21.37
20161230,21.37,21.56,21.15,21.5
20170102,21.5,21.5,21.5,21.5
20170103,21.27,21.6,21.16,21.46
20170104,21.5,21.58,21.16,21.46
20170105,21.37,21.37,20.81,21.08
20170106,21.1,21.12,20.71,20.73
20170109,20.75,20.76,20.43,20.64
20170110,20.64,20.94,20.55,20.7
20170111,20.7,20.82,20.52,20.64
20170112,20.67,20.67,20.08,20.46
20170113,20.5,20.91,20.45,20.69
20170116,20.69,20.69,20.69,20.69
20170117,20.76,20.81,20.5,20.55
20170118,20.55,20.82,20.43,20.69
20170119,20.69,20.71,20.15,20.31
20170120,20.3,20.5,20.2,20.23
20170123,20.25,20.37,20.14,20.34
20170124,20.38,20.66,20.31,20.58
20170125,20.68,21.15,20.55,21.01
20170126,21.12,21.43,20.94,21.2
20170127,21.21,21.21,20.69,20.85
20170130,20.69,20.75,20.1,20.12
20170131,20.13,20.24,19.88,19.99
20170201,20.05,20.31,19.77,19.93
20170202,19.82,20.08,19.8,20.07
20170203,20.22,20.76,20.15,20.67
20170206,20.6,20.82,20.52,20.66
20170207,20.62,20.96,20.31,20.39
20170208,21.5,21.56,20.97,21.27
20170209,21.3,21.53,21.2,21.46
20170210,21.53,21.67,20.95,21.03
20170213,21.03,21.33,20.95,21.19
20170214,21.23,21.29,20.98,21.26
20170215,21.14,21.43,20.92,21.37
20170216,21.3,21.48,20.95,21.0
20170217,21.08,21.1,20.72,20.84
20170220,20.84,20.84,20.84,20.84
20170221,20.89,21.35,20.85,21.12
20170222,21.12,21.27,20.95,21.17
20170223,20.93,20.97,20.13,20.91
20170224,20.75,20.75,19.91,19.93
20170227,19.79,20.29,19.79,20.07
20170228,20.01,20.01,19.38,19.51
20170301,19.49,19.78,19.37,19.7
20170302,19.78,19.91,19.62,19.77
20170303,19.35,19.61,19.27,19.55
20170306,19.4,19.72,19.3,19.57
20170307,19.51,19.56,19.2,19.38
20170308,19.41,19.52,19.06,19.08
20170309,19.06,19.16,18.76,18.77
20170310,18.96,19.01,18.53,18.73
20170313,18.82,18.94,18.69,18.82
20170314,18.77,18.91,18.61,18.86
20170315,18.96,19.11,18.8,19.02
20170316,19.03,19.14,18.7,19.02
20170317,19.09,19.16,18.76,18.86
20170320,18.86,18.97,18.53,18.58
20170321,18.64,18.67,17.89,18.48
20170322,18.48,18.56,18.22,18.51
20170323,18.55,18.7,18.5,18.65
20170324,18.67,18.83,18.66,18.78
20170327,18.73,18.77,18.56,18.73
20170328,18.69,18.72,18.39,18.53
20170329,18.26,18.61,18.15,18.56
20170330,18.56,18.64,18.4,18.64
20170331,18.61,18.81,18.58,18.79
20170403,18.82,18.91,18.37,18.53
20170404,18.5,18.66,18.35,18.47
20170405,18.56,18.83,18.29,18.41
20170406,18.43,18.81,18.32,18.75
20170407,18.72,18.82,18.35,18.47
20170410,18.56,18.7,18.45,18.65
20170411,18.61,18.87,18.56,18.84
20170412,18.84,18.9,18.52,18.65
20170413,18.6,18.78,18.56,18.74
20170414,18.74,18.74,18.74,18.74
20170417,18.82,18.89,18.7,18.81
20170418,18.81,18.84,18.52,18.7
20170419,18.69,19.01,18.69,18.84
20170420,18.87,18.87,18.54,18.71
20170421,18.71,18.73,18.57,18.57
20170424,18.77,18.77,18.44,18.67
20170425,18.75,18.93,18.75,18.79
20170426,19.15,19.6,18.81,19.22
20170427,19.29,19.38,19.02,19.11
20170428,19.22,19.22,18.41,18.44
20170501,18.19,18.71,18.18,18.71
20170502,18.79,18.92,18.67,18.88
20170503,18.84,18.91,18.48,18.61
20170504,18.64,18.64,18.23,18.47
20170505,18.51,18.73,18.41,18.55
20170508,18.55,18.6,18.23,18.41
20170509,18.45,18.5,18.19,18.31
20170510,18.26,18.46,18.09,18.43
20170511,18.33,18.33,17.89,18.21
20170512,18.12,18.14,18.01,18.06
20170515,18.12,18.38,18.11,18.14
20170516,18.17,18.24,17.93,18.06
20170517,17.91,18.13,17.75,18.01
20170518,17.99,18.48,17.87,18.39
20170519,18.39,18.8,18.31,18.74
20170522,18.78,18.97,18.69,18.91
20170523,18.95,19.08,18.79,18.91
20170524,18.92,19.17,18.79,18.9
20170525,18.96,19.11,18.55,18.7
20170526,18.67,18.77,18.57,18.71
20170529,18.71,18.71,18.71,18.71
20170530,18.68,18.74,18.47,18.64
20170531,18.71,18.71,18.38,18.61
20170601,18.63,19.01,18.47,18.98
20170602,19.04,19.25,18.91,19.0
20170605,19.0,19.06,18.82,19.04
20170606,18.97,19.06,18.65,18.86
20170607,18.81,18.92,18.73,18.82
20170608,18.78,19.4,18.74,19.13
20170609,19.16,19.64,19.15,19.56
20170612,19.62,19.87,19.29,19.46
20170613,19.4,19.71,19.18,19.44
20170614,19.41,19.41,19.11,19.27
20170615,19.11,19.32,19.02,19.14
20170616,19.0,19.31,18.93,19.28
20170619,19.36,19.51,19.18,19.48
20170620,19.45,19.5,18.98,19.21
20170621,19.25,19.4,18.75,18.77
20170622,18.77,19.11,18.75,18.97
20170623,18.98,19.18,18.95,19.11
20170626,19.17,19.36,19.06,19.31
20170627,19.28,19.43,19.22,19.27
20170628,19.07,19.38,18.95,18.97
20170629,18.99,18.99,18.59,18.76
20170630,18.81,18.81,18.4,18.51
20170703,18.59,18.96,18.51,18.86
20170704,18.86,18.86,18.86,18.86
20170705,18.84,18.85,18.43,18.5
20170706,18.46,18.46,18.17,18.21
20170707,18.2,18.37,18.16,18.27
20170710,18.23,18.39,18.03,18.05
20170711,18.04,18.21,17.98,18.2
20170712,18.28,18.535,18.11,18.17
20170713,18.17,18.23,18.1,18.15
20170714,18.11,18.36,18.11,18.35
20170717,18.35,18.99,18.28,18.83
20170718,18.79,18.8,18.54,18.73
20170719,18.7,18.92,18.62,18.87
20170720,18.95,18.95,18.575,18.6
20170721,18.7,18.7,18.32,18.34
20170724,18.33,18.39,18.18,18.24
20170725,18.32,18.51,18.26,18.42
20170726,18.46,18.46,18.05,18.11
20170727,18.14,18.63,18.09,18.55
20170728,18.51,18.8,18.51,18.69
20170731,18.75,18.84,18.4,18.76
20170801,18.89,18.9,18.67,18.85
20170802,18.75,18.8,18.34,18.42
20170803,18.41,18.53,18.16,18.18
20170804,18.27,18.52,18.15,18.5
20170807,18.5,18.7,18.39,18.59
20170808,18.58,18.715,18.31,18.52
20170809,18.4,18.4,18.09,18.21
20170810,18.13,18.33,18.01,18.13
20170811,18.0,18.16,17.94,18.05
20170814,18.15,18.685,18.15,18.47
20170815,18.49,18.57,18.205,18.31
20170816,18.29,18.56,18.29,18.42
20170817,18.41,18.69,18.29,18.3
20170818,18.21,18.32,18.035,18.1
20170821,18.07,18.2,17.96,18.13
20170822,18.21,18.43,18.2,18.39
20170823,18.26,18.37,18.14,18.17
20170824,18.2,18.39,18.2,18.25
20170825,18.3,18.34,18.16,18.26
20170828,18.27,18.33,17.87,17.88
20170829,17.86,18.08,17.81,17.96
20170830,17.96,18.34,17.935,18.26
20170831,18.47,18.65,18.36,18.54
20170901,18.52,18.64,18.48,18.6
20170904,18.6,18.6,18.6,18.6
20170905,18.55,18.69,17.93,17.94
20170906,17.99,18.17,17.95,18.08
20170907,18.09,18.17,17.9,17.98
20170908,18.04,18.39,17.7,18.0
20170911,18.22,18.43,18.22,18.34
20170912,18.38,18.51,18.14,18.18
20170913,18.21,18.42,18.18,18.41
20170914,18.38,18.46,18.13,18.25
20170915,18.3,18.42,18.17,18.41
20170918,18.46,18.48,18.33,18.45
20170919,18.47,18.49,18.25,18.37
20170920,18.37,18.47,18.26,18.41
20170921,18.48,18.6,18.32,18.36
20170922,18.38,18.51,18.3,18.47
20170925,18.56,18.73,18.48,18.57
20170926,18.56,18.71,18.55,18.67
20170927,18.77,18.81,18.52,18.72
20170928,18.48,18.705,18.35,18.69
20170929,18.84,18.89,18.64,18.67
20171002,18.68,19.03,18.63,18.87
20171003,18.84,18.86,18.55,18.71
20171004,18.67,18.82,18.54,18.71
20171005,18.72,18.89,18.61,18.77
20171006,18.72,18.77,18.57,18.75
20171009,18.75,18.97,18.75,18.83
20171010,18.9,19.08,18.86,18.96
20171011,19.01,19.12,18.805,18.97
20171012,18.95,19.32,18.95,19.28
20171013,19.4,19.45,19.13,19.4
20171016,19.35,19.49,19.06,19.13
20171017,19.13,19.16,18.87,18.98
20171018,19.01,19.35,18.98,19.11
20171019,19.11,19.2,18.99,19.19
20171020,19.33,19.35,18.59,18.67
20171023,18.65,18.73,18.27,18.3
20171024,18.38,18.51,18.33,18.4
20171025,18.3,18.54,18.2,18.32
20171026,17.76,18.28,17.36,17.42
20171027,17.33,17.52,17.27,17.34
20171030,17.25,17.39,17.15,17.27
20171031,17.38,17.835,17.33,17.69
20171101,17.76,17.95,17.64,17.76
20171102,17.73,18.01,17.47,17.97
20171103,17.86,17.86,17.48,17.5
20171106,17.53,17.81,17.53,17.69
20171107,17.6,17.92,17.48,17.53
20171108,17.53,17.82,17.5,17.68
20171109,17.56,17.79,17.44,17.71
20171110,17.66,17.845,17.64,17.65
20171113,17.6,17.69,17.395,17.52
20171114,17.4,17.56,17.31,17.53
20171115,17.43,17.58,17.345,17.4
20171116,17.5,17.55,17.35,17.46
20171117,17.4,17.55,17.36,17.48
20171120,17.5,17.51,17.24,17.35
20171121,17.39,17.62,17.32,17.56
20171122,17.57,17.74,17.52,17.53
20171123,17.53,17.53,17.53,17.53
20171124,17.54,17.62,17.44,17.45
20171127,17.46,17.49,17.35,17.38
20171128,17.35,17.41,17.24,17.35
20171129,17.35,17.69,17.35,17.66
20171130,17.72,17.72,17.41,17.55
20171201,17.53,17.775,17.37,17.59
20171204,17.64,18.03,17.55,17.57
20171205,17.6,17.61,17.42,17.43
20171206,17.43,17.52,17.34,17.42
20171207,17.47,17.6,17.39,17.45
20171208,17.51,17.53,17.37,17.42
20171211,17.43,17.67,17.42,17.53
20171212,17.58,17.74,17.47,17.55
20171213,17.27,17.51,17.22,17.46
20171214,17.41,17.57,17.37,17.44
20171215,17.47,17.77,17.47,17.68
20171218,17.71,17.92,17.7,17.85
20171219,17.9,17.93,17.41,17.45
20171220,17.44,17.56,17.37,17.37
20171221,17.39,17.51,17.32,17.39
20171222,17.46,17.48,17.35,17.41
20171225,17.41,17.41,17.41,17.41
20171226,17.44,17.57,17.35,17.45
20171227,17.47,17.48,17.36,17.47
20171228,17.47,17.53,17.36,17.52
20171229,17.58,17.59,17.4,17.4
20180101,17.4,17.4,17.4,17.4
20180102,17.4,17.57,17.32,17.51
20180103,17.86,18.1,17.58,17.69
20180104,17.42,17.51,17.34,17.4
20180105,17.41,17.47,17.29,17.45
20180108,17.45,17.88,17.4,17.82
20180109,17.88,17.88,17.53,17.68
20180110,17.64,18.09,17.54,18.04
20180111,18.04,18.38,18.01,18.15
20180112,18.15,18.24,17.86,17.91
20180115,17.91,17.91,17.91,17.91
20180116,17.99,18.27,17.99,17.99
20180117,18.01,18.315,18.01,18.28
20180118,18.32,18.32,17.99,18.02
20180119,17.98,18.29,17.98,18.19
20180122,18.23,18.42,18.22,18.39
20180123,18.43,18.73,18.43,18.69
20180124,18.67,18.915,18.67,18.83
20180125,18.9,18.93,18.52,18.66
20180126,18.69,18.74,18.49,18.56
20180129,18.52,18.67,18.39,18.63
20180130,18.54,18.68,18.27,18.41
20180131,18.47,18.64,18.43,18.55
20180201,18.52,18.66,18.46,18.54
20180202,18.47,18.47,18.09,18.1
20180205,18.02,18.08,17.23,17.3
20180206,17.1,17.46,17.1,17.41
20180207,17.41,17.745,17.316,17.66
20180208,17.7,17.73,17.3,17.31
20180209,17.52,17.9,17.175,17.75
20180212,17.8,17.8,17.275,17.7
20180213,17.58,17.795,17.39,17.74
20180214,17.6,17.74,17.48,17.7
20180215,17.84,17.93,17.68,17.87
20180216,17.8,18.06,17.71,18.04
20180219,18.04,18.04,18.04,18.04
20180220,17.99,18.24,17.79,17.84
20180221,17.66,17.72,17.35,17.36
20180222,17.43,17.56,17.2,17.35
20180223,17.34,17.45,17.25,17.45
20180226,17.5,17.51,17.27,17.36
20180227,17.34,17.42,16.955,16.96
20180228,17.08,17.08,16.79,16.8
20180301,16.76,16.99,16.68,16.92
20180302,16.83,16.91,16.6,16.91
20180305,17.0,17.22,16.93,17.1
20180306,17.1,17.2,17.02,17.18
20180307,17.11,17.41,17.11,17.36
20180308,17.4,17.46,17.25,17.35
20180309,17.39,17.65,17.26,17.65
20180312,17.65,17.67,17.515,17.61
20180313,17.7,17.74,17.57,17.63
20180314,17.68,17.87,17.54,17.82
20180315,17.83,17.9,17.71,17.89
20180316,17.9,17.97,17.775,17.9
20180319,17.91,17.93,17.72,17.92
20180320,17.92,18.02,17.82,17.87
20180321,17.84,17.91,17.72,17.8
20180322,17.72,17.85,17.545,17.56
20180323,17.58,17.64,17.19,17.21
20180326,17.38,17.46,17.13,17.37
20180327,17.36,17.57,17.2,17.36
20180328,17.33,17.93,17.33,17.91
20180329,17.96,18.16,17.85,17.9
20180330,17.9,17.9,17.9,17.9
20180402,17.88,18.02,17.62,17.8
20180403,17.88,18.38,17.69,18.35
20180404,18.26,18.54,18.175,18.5
20180405,18.61,18.73,18.43,18.71
20180406,18.67,18.79,18.48,18.58
20180409,18.64,18.64,18.14,18.14
20180410,18.28,18.32,17.84,17.87
20180411,17.87,18.18,17.835,18.07
20180412,18.18,18.65,17.93,18.64
20180413,18.73,19.0,18.58,18.96
20180416,19.03,19.185,18.91,19.03
20180417,19.12,19.54,18.98,19.43
20180418,19.55,19.605,19.42,19.49
20180419,19.51,19.6,19.16,19.26
20180420,19.25,19.38,19.21,19.23
20180423,19.28,19.39,19.15,19.32
20180424,19.31,19.39,19.145,19.3
20180425,19.44,19.45,18.88,18.99
20180426,18.67,18.77,18.51,18.71
20180427,18.6,18.78,18.6,18.78
20180430,18.8,18.88,18.7,18.78
20180501,18.8,18.99,18.725,18.95
20180502,18.88,19.05,18.8,18.85
20180503,18.84,19.05,18.835,18.96
20180504,18.93,19.28,18.93,19.19
20180507,19.3,19.5,19.24,19.44
20180508,19.48,19.56,19.33,19.39
20180509,19.41,19.55,19.26,19.53
20180510,19.56,19.72,19.52,19.72
20180511,19.69,19.78,19.625,19.65
20180514,19.67,19.67,19.39,19.41
20180515,19.34,19.35,19.13,19.17
20180516,19.21,19.44,19.14,19.42
20180517,19.5,19.65,19.47,19.56
20180518,19.62,19.8,19.5,19.78
20180521,19.94,20.18,19.82,20.16
20180522,20.15,20.42,20.08,20.25
20180523,20.25,20.66,20.09,20.55
20180524,20.49,20.845,20.47,20.81
20180525,20.77,20.88,20.45,20.79
20180528,20.79,20.79,20.79,20.79
20180529,20.73,20.78,20.49,20.66
20180530,20.72,21.11,20.65,21.01
20180531,20.95,21.3,20.92,21.27
20180601,21.3,21.39,21.12,21.29
20180604,21.33,21.54,21.24,21.51
20180605,21.49,21.55,21.21,21.24
20180606,21.3,21.425,20.99,21.27
20180607,21.35,21.43,21.12,21.42
20180608,21.33,21.445,21.25,21.31
20180611,21.24,21.275,20.86,20.95
20180612,20.95,21.0,20.79,20.89
20180613,20.92,20.92,20.48,20.54
20180614,20.63,20.95,20.54,20.95
20180615,20.88,20.96,20.765,20.8
20180618,20.77,21.02,20.75,20.85
20180619,20.76,20.9,20.74,20.85
20180620,20.85,21.255,20.85,21.16
20180621,21.14,21.36,20.96,21.35
20180622,21.63,21.88,21.48,21.63
20180625,21.64,21.69,21.5,21.58
20180626,21.64,21.7,21.46,21.46
20180627,21.48,21.64,21.33,21.49
20180628,21.24,21.36,21.17,21.2
20180629,21.15,21.55,21.11,21.45
20180702,21.4,21.44,21.02,21.27
20180703,21.36,21.88,21.21,21.82
20180704,21.82,21.82,21.82,21.82
20180705,21.88,22.1,21.74,22.07
20180706,22.11,22.41,22.1,22.38
20180709,22.44,22.55,22.16,22.28
20180710,22.33,22.54,22.29,22.31
20180711,22.25,22.35,22.16,22.17
20180712,22.25,22.46,22.12,22.38
20180713,22.41,22.455,22.28,22.32
20180716,22.33,22.57,22.31,22.47
20180717,22.52,22.52,22.03,22.07
20180718,22.09,22.16,21.835,21.97
20180719,21.97,22.34,21.92,22.27
20180720,22.26,22.49,22.2,22.33
20180723,22.37,22.49,22.17,22.41
20180724,22.41,22.49,22.035,22.15
20180725,20.9,21.93,20.85,21.33
20180726,21.36,21.76,21.33,21.52
20180727,21.63,21.75,21.14,21.22
20180730,21.26,21.42,21.16,21.24
20180731,21.3,21.74,21.25,21.59
20180801,21.54,21.85,21.34,21.83
20180802,21.76,22.11,21.76,22.07
20180803,22.11,22.15,21.7,21.81
20180806,21.82,21.94,21.695,21.93
20180807,21.94,21.96,21.74,21.88
20180808,21.92,21.92,21.6,21.62
20180809,21.62,21.68,21.51,21.62
20180810,21.55,21.75,21.48,21.51
20180813,21.5,21.59,21.21,21.35
20180814,21.43,21.63,21.37,21.56
20180815,21.56,21.88,21.56,21.74
20180816,21.77,22.05,21.71,21.91
20180817,21.92,22.21,21.78,22.16
20180820,21.52,22.11,21.52,22.05
20180821,22.05,22.525,22.05,22.38
20180822,22.4,22.59,22.16,22.56
20180823,22.56,22.68,22.41,22.55
20180824,22.55,22.72,22.48,22.65
20180827,22.68,22.68,22.55,22.62
20180828,22.65,23.2,22.59,23.18
20180829,23.24,23.61,23.1,23.52
20180830,23.54,23.64,23.3,23.37
20180831,23.32,23.62,23.305,23.6
20180903,23.6,23.6,23.6,23.6
20180904,23.55,23.55,23.02,23.13
20180905,23.09,23.6,22.93,23.49
20180906,23.56,23.67,23.38,23.57
20180907,23.54,24.16,23.42,23.7
20180910,23.77,23.78,23.47,23.48
20180911,23.43,23.49,23.24,23.33
20180912,23.32,23.39,23.04,23.08
20180913,23.19,23.4,23.03,23.08
20180914,23.06,23.17,22.765,23.11
20180917,23.14,23.17,22.97,23.17
20180918,23.17,23.21,23.005,23.08
20180919,23.07,23.07,22.51,22.69
20180920,22.75,22.86,22.54,22.85
20180921,22.83,23.05,22.78,22.87
20180924,22.85,23.06,22.61,23.04
20180925,23.06,23.29,22.88,22.89
20180926,22.91,22.95,22.63,22.66
20180927,22.68,22.9,22.6,22.75
20180928,22.51,22.69,22.42,22.67
20181001,22.62,22.71,22.38,22.39
20181002,22.4,22.44,22.07,22.07
20181003,22.11,22.42,22.01,22.37
20181004,22.28,22.3,21.32,21.38
20181005,21.37,21.43,20.875,20.98
20181008,20.98,21.41,20.925,21.39
20181009,21.47,21.58,21.195,21.42
20181010,21.36,21.54,21.04,21.04
20181011,21.01,21.02,20.31,20.33
20181012,20.58,20.7,19.89,19.96
20181015,19.94,20.12,19.85,19.86
20181016,19.98,20.24,19.79,20.22
20181017,20.17,20.28,19.81,20.11
20181018,20.07,20.16,19.53,19.56
20181019,19.5,19.695,19.39,19.54
20181022,19.57,19.73,19.125,19.17
20181023,19.01,19.21,18.66,18.98
20181024,18.6,18.61,17.11,17.5
20181025,17.48,17.92,17.44,17.84
20181026,17.46,17.645,17.15,17.43
20181029,17.6,17.85,17.12,17.24
20181030,17.23,17.68,17.2,17.63
20181031,17.81,17.94,17.56,17.56
20181101,17.59,17.76,17.49,17.55
20181102,17.55,17.67,17.19,17.36
20181105,17.38,17.78,17.38,17.67
20181106,17.85,17.93,17.25,17.3
20181107,17.44,17.77,17.32,17.74
20181108,17.7,18.07,17.53,17.98
20181109,17.92,18.24,17.92,18.13
20181112,18.12,18.3,17.97,18.05
20181113,18.05,18.25,18.0,18.07
20181114,18.17,18.19,17.73,17.92
20181115,17.79,18.15,17.64,18.09
20181116,17.98,18.16,17.78,17.97
20181119,18.01,18.04,17.78,17.95
20181120,17.81,18.33,17.79,18.17
20181121,18.23,18.49,18.04,18.07
20181122,18.07,18.07,18.07,18.07
20181123,17.94,18.13,17.83,17.94
20181126,18.11,18.275,18.04,18.14
20181127,18.09,18.28,18.05,18.13
20181128,18.16,18.78,17.89,18.7
20181129,18.65,19.13,18.56,18.94
20181130,18.94,19.16,18.8,19.1
20181203,19.2,19.37,18.91,19.35
20181204,19.25,19.29,18.74,18.78
20181205,18.78,18.78,18.78,18.78
20181206,18.71,18.96,18.41,18.96
20181207,19.01,19.09,18.71,18.76
20181210,18.76,18.76,18.36,18.49
20181211,18.26,18.7,18.13,18.22
20181212,18.38,18.77,18.38,18.38
20181213,18.39,18.52,18.14,18.16
20181214,18.08,18.4,18.06,18.29
20181217,18.32,18.35,17.59,17.68
20181218,17.83,18.09,17.71,17.84
20181219,17.83,17.89,16.97,17.06
20181220,17.22,17.62,16.74,16.76
20181221,16.83,17.1,16.61,16.81
20181224,16.81,17.04,16.76,16.78
20181225,16.78,16.78,16.78,16.78
20181226,16.91,17.93,16.86,17.89
20181227,17.65,17.65,16.85,17.49
20181228,17.57,18.08,17.55,17.92
20181231,18.0,18.06,17.42,17.54
20190101,17.54,17.54,17.54,17.54
20190102,17.28,17.48,16.93,17.03
20190103,16.72,16.965,16.5,16.59
20190104,16.71,17.12,16.71,16.87
20190107,16.77,17.1,16.64,17.03
20190108,16.81,17.37,16.78,17.32
20190109,17.39,17.74,17.27,17.45
20190110,17.33,17.72,17.16,17.44
20190111,17.38,17.52,17.22,17.48
20190114,17.39,17.43,17.07,17.14
20190115,17.12,17.4,17.0,17.2
20190116,17.2,17.58,17.12,17.26
20190117,17.19,17.67,17.14,17.65
20190118,17.72,17.755,17.53,17.73
20190121,17.73,17.73,17.73,17.73
20190122,17.66,17.8,17.46,17.61
20190123,17.65,17.73,17.53,17.67
20190124,17.67,17.86,17.595,17.76
20190125,17.77,18.2,17.77,18.12
20190128,18.03,18.51,17.96,18.42
20190129,18.43,18.47,18.105,18.13
20190130,18.17,18.76,18.15,18.61
20190131,18.7,18.81,18.49,18.53
20190201,18.54,18.54,18.05,18.43
20190204,18.38,18.78,18.31,18.77
20190205,18.82,18.9,18.69,18.89
20190206,18.88,18.97,18.69,18.7
20190207,18.61,18.68,18.44,18.49
20190208,18.23,18.54,18.16,18.2
20190211,18.22,18.3,18.12,18.17
20190212,18.24,18.27,17.98,18.05
20190213,18.07,18.55,18.06,18.43
20190214,18.41,18.46,18.095,18.32
20190215,18.45,18.73,18.325,18.64
20190218,18.64,18.64,18.64,18.64
20190219,18.63,18.72,18.43,18.5
20190220,18.49,19.0,18.42,18.95
20190221,18.9,19.12,18.88,19.04
20190222,19.11,19.455,19.07,19.4
20190225,19.42,19.47,19.14,19.27
20190226,19.82,20.38,19.14,19.43
20190227,19.24,19.42,18.65,18.9
20190228,19.0,19.08,18.78,18.85
20190301,18.85,18.99,18.45,18.71
20190304,18.69,18.86,18.55,18.63
20190305,18.62,18.71,18.33,18.44
20190306,18.44,18.54,18.25,18.28
20190307,18.27,18.27,17.88,17.91
20190308,17.85,17.91,17.63,17.77
20190311,17.87,18.16,17.72,18.1
20190312,18.11,18.26,18.0,18.08
20190313,18.1,18.25,18.02,18.03
20190314,18.04,18.12,17.78,17.86
20190315,17.88,17.95,17.74,17.85
20190318,17.91,18.06,17.8,17.88
20190319,17.88,17.95,17.69,17.81
20190320,17.78,18.01,17.69,17.78
20190321,17.71,18.105,17.71,18.0
20190322,17.89,17.95,17.4,17.47
20190325,17.48,17.51,17.15,17.26
20190326,17.35,17.52,17.27,17.32
20190327,17.32,17.46,17.19,17.39
20190328,17.25,17.29,16.95,17.18
20190329,17.21,17.22,16.98,17.14
20190401,17.22,17.38,17.12,17.33
20190402,17.31,17.62,17.17,17.58
20190403,17.64,17.66,17.43,17.48
20190404,17.48,17.8,17.47,17.78
20190405,17.84,18.23,17.8,18.2
20190408,18.15,18.15,17.93,18.02
20190409,18.0,18.07,17.61,17.62
20190410,17.68,18.13,17.67,18.12
20190411,18.17,18.17,17.93,18.08
20190412,18.16,18.22,17.995,18.1
20190415,18.17,18.19,17.95,18.16
20190416,18.24,18.24,17.97,18.01
20190417,18.09,18.09,17.73,17.89
20190418,17.86,17.97,17.79,17.89
20190419,17.89,17.89,17.89,17.89
20190422,17.87,17.87,17.3,17.48
20190423,17.52,17.94,17.42,17.88
20190424,17.89,18.08,17.83,17.85
20190425,17.83,17.85,17.48,17.7
20190426,17.8,18.26,17.71,18.21
20190429,18.23,18.39,18.075,18.27
20190430,18.5,18.89,18.25,18.57
20190501,18.48,18.89,18.465,18.86
20190502,18.91,19.3734,18.8716,19.32
20190503,19.35,19.58,18.95,18.96
20190506,18.96,19.21,18.95,19.01
20190507,18.98,19.04,18.55,18.7
20190508,18.76,18.79,18.58,18.59
20190509,18.52,18.76,18.48,18.66
20190510,18.53,18.71,18.35,18.65
20190513,18.39,18.5,18.18,18.31
20190514,18.39,18.61,18.31,18.5
20190515,18.37,18.69,18.32,18.54
20190516,18.54,18.69,18.45,18.5
20190517,18.34,18.5,18.14,18.14
20190520,18.04,18.05,17.68,17.74
20190521,17.81,18.13,17.79,18.07
20190522,18.06,18.06,17.8,17.88
20190523,17.75,17.8,17.52,17.75
20190524,17.81,17.89,17.7,17.87
20190527,17.87,17.87,17.87,17.87
20190528,17.91,17.97,17.7,17.7
20190529,17.55,17.6287,17.26,17.37
20190530,17.39,17.51,17.33,17.39
20190531,17.26,17.26,16.91,17.05
20190603,17.03,17.28,16.87,17.22
20190604,17.32,17.48,17.19,17.37
20190605,17.49,17.49,17.02,17.06
20190606,17.01,17.0983,16.74,16.91
20190607,16.92,17.05,16.82,16.94
20190610,17.02,17.28,16.9,17.25
20190611,17.35,17.47,17.045,17.08
20190612,17.04,17.18,16.98,17.01
20190613,17.09,17.09,16.86,17.04
20190614,17.01,17.02,16.85,16.9
20190617,16.98,17.205,16.98,17.13
20190618,17.24,17.45,17.14,17.33
20190619,17.29,17.31,17.03,17.08
20190620,17.17,17.19,17.02,17.04
20190621,17.01,17.01,16.81,16.85
20190624,16.84,16.84,16.33,16.45
20190625,16.5,16.6945,16.265,16.31
20190626,16.31,16.57,16.09,16.14
20190627,16.05,16.64,16.05,16.61
20190628,16.52,16.8,16.47,16.54
20190701,16.7,16.74,16.3089,16.43
20190702,16.36,16.585,16.23,16.56
20190703,16.6,16.76,16.6,16.69
20190704,16.69,16.69,16.69,16.69
20190705,16.68,16.98,16.48,16.88
20190708,16.9,17.1,16.8,16.92
20190709,16.81,16.97,16.6,16.67
20190710,16.71,16.71,16.55,16.67
20190711,16.7,16.7,16.26,16.32
20190712,16.33,16.67,16.26,16.56
20190715,16.64,16.65,16.19,16.28
20190716,16.25,16.335,16.12,16.3
20190717,16.3,16.37,16.2,16.35
20190718,16.33,16.4,16.19,16.32
20190719,16.26,16.57,16.26,16.43
20190722,16.4,16.4,16.13,16.25
20190723,16.29,16.57,16.26,16.49
20190724,16.53,16.71,16.43,16.66
20190725,16.65,16.71,16.31,16.4
20190726,16.34,16.61,16.31,16.5
20190729,16.57,16.78,16.57,16.7
20190730,16.72,17.01,16.61,16.99
20190731,16.57,16.7899,15.58,15.62
20190801,15.39,15.5,14.45,14.53
20190802,14.53,15.13,14.46,15.02
20190805,14.9,14.9,14.11,14.58
20190806,14.75,15.06,14.75,14.92
20190807,14.98,15.02,14.74,14.91
20190808,14.97,15.33,14.9,15.25
20190809,15.17,15.35,14.94,15.0
20190812,14.93,15.025,14.865,14.96
20190813,14.98,15.11,14.9623,15.0
20190814,14.85,14.85,14.665,14.74
20190815,14.81,14.81,14.63,14.67
20190816,14.71,14.86,14.67,14.75
20190819,14.88,14.88,14.62,14.66
20190820,14.61,14.68,14.48,14.5
20190821,14.61,14.61,14.15,14.16
20190822,14.15,14.2,13.82,13.91
20190823,13.87,13.92,13.46,13.48
20190826,13.6,13.69,13.38,13.6
20190827,13.71,13.77,13.5295,13.54
20190828,13.69,14.03,13.64,13.9
20190829,13.96,14.09,13.82,13.87
20190830,13.93,14.01,13.8,13.9
20190902,13.9,13.9,13.9,13.9
20190903,13.84,13.89,13.64,13.82
20190904,13.9,14.005,13.86,13.98
20190905,14.03,14.23,13.94,14.15
20190906,14.2,14.29,14.11,14.14
20190909,14.12,14.5,14.07,14.48
20190910,14.45,15.09,14.37,15.09
20190911,15.17,15.42,15.02,15.34
20190912,15.34,15.34,14.89,15.01
20190913,15.05,15.33,15.03,15.06
20190916,15.12,15.25,15.0,15.06
20190917,15.09,15.13,14.885,15.03
20190918,15.05,15.1774,14.89,15.05
20190919,15.13,15.27,14.96,14.99
20190920,15.02,15.3,14.98,15.08
20190923,15.0,15.12,14.86,14.99
20190924,15.02,15.0736,14.865,14.96
20190925,14.89,15.19,14.89,15.1
20190926,15.12,15.24,14.91,15.11
20190927,14.83,15.03,14.72,14.77
20190930,14.82,15.02,14.82,14.88
20191001,14.97,15.14,14.57,14.57
20191002,14.46,14.61,14.33,14.6
20191003,14.53,14.74,14.385,14.53
20191004,14.54,14.63,14.36,14.44
20191007,14.41,14.51,14.33,14.45
20191008,14.38,14.38,14.11,14.23
20191009,14.37,14.38,14.15,14.15
20191010,14.19,14.255,14.08,14.1
20191011,14.14,14.45,14.11,14.2
20191014,14.2,14.2,13.65,13.84
20191015,13.87,14.04,13.67,13.98
20191016,13.94,14.08,13.85,13.92
20191017,13.83,13.94,13.49,13.5
20191018,13.4,13.67,13.0,13.51
20191021,13.59,14.06,13.59,14.01
20191022,14.02,14.03,13.64,13.94
20191023,14.05,14.25,13.96,14.16
20191024,14.17,14.28,14.13,14.17
20191025,14.15,14.17,13.98,14.07
20191028,14.11,14.18,14.02,14.08
20191029,14.1,14.1,13.96,14.01
20191030,14.0,14.01,13.81,13.98
20191031,13.99,13.99,13.67,13.8
20191101,13.8,14.16,13.78,14.14
20191104,14.13,14.2,14.02,14.11
20191105,14.05,14.37,14.05,14.25
20191106,14.15,14.82,14.0521,14.45
20191107,14.41,14.44,14.21,14.26
20191108,14.19,14.295,14.01,14.2
20191111,14.11,14.29,14.06,14.11
20191112,14.07,14.22,14.01,14.06
20191113,14.04,14.09,13.83,13.84
20191114,14.12,14.64,14.06,14.57
20191115,14.64,14.75,14.4,14.49
20191118,14.5,14.555,14.38,14.48
20191119,14.5,14.57,14.16,14.22
20191120,14.12,14.21,14.0,14.01
20191121,13.96,14.0261,13.62,13.88
20191122,13.9,13.95,13.69,13.71
20191125,13.73,13.93,13.66,13.85
20191126,13.85,14.04,13.79,13.9
20191127,13.99,14.22,13.96,14.21
20191128,14.21,14.21,14.21,14.21
20191129,14.2,14.27,14.15,14.18
20191202,14.2,14.2725,13.98,14.04
20191203,14.0,14.02,13.76,13.94
20191204,13.9,14.05,13.77,13.81
20191205,13.89,13.97,13.76,13.85
20191206,14.11,14.15,13.96,14.08
20191209,14.1,14.2701,14.0503,14.19
20191210,14.11,14.12,13.9,14.09
20191211,14.1,14.14,13.99,14.01
20191212,14.12,14.28,13.9676,14.25
20191213,14.3,14.36,14.05,14.16
20191216,14.26,14.31,14.13,14.14
20191217,14.15,14.25,14.03,14.23
20191218,14.23,14.48,14.17,14.46
20191219,14.49,14.57,14.4377,14.55
20191220,14.61,14.73,14.52,14.69
20191223,14.64,14.72,14.435,14.57
20191224,14.57,14.64,14.51,14.54
20191225,14.54,14.54,14.54,14.54
20191226,14.54,14.62,14.52,14.62
20191227,14.65,14.81,14.65,14.72
20191230,14.69,14.77,14.58,14.67
20191231,14.65,14.72,14.51,14.55
20200101,14.55,14.55,14.55,14.55
20200102,14.26,14.312000000000001,14.015,14.07
20200103,14.04,14.1,13.95,14.01
20200106,14.0,14.02,13.73,13.74
20200107,13.69,13.71,13.35,13.52
20200108,13.52,13.7617,13.5,13.72
20200109,13.85,13.8773,13.53,13.55
20200110,13.57,13.61,13.47,13.49
20200113,13.48,13.72,13.46,13.65
20200114,13.53,13.72,13.5,13.67
20200115,13.68,13.88,13.68,13.8
20200116,13.85,13.98,13.85,13.89
20200117,13.95,13.98,13.81,13.9
20200120,13.9,13.9,13.9,13.9
20200121,13.97,14.0,13.77,13.86
20200122,13.86,13.97,13.79,13.87
20200123,13.96,13.96,13.76,13.85
20200124,13.83,13.85,13.4,13.41
20200127,13.3,13.35,12.84,12.99
20200128,13.02,13.11,12.965,13.06
20200129,13.1,13.46,13.1,13.38
20200130,13.29,13.32,13.05,13.24
20200131,13.24,13.24,12.92,12.97
20200203,13.0,13.335,12.98,13.24
20200204,13.55,13.9,13.47,13.73
20200205,13.98,14.27,13.89,14.16
20200206,14.23,14.27,13.98,14.02
20200207,13.96,14.0,13.75,13.77
20200210,13.77,13.88,13.7,13.87
20200211,13.95,14.09,13.91,14.01
20200212,14.05,14.44,14.05,14.31
20200213,14.2,14.3,14.03,14.11
20200214,14.1,14.15,13.97,14.04
20200217,14.04,14.04,14.04,14.04
20200218,14.02,14.26,14.0,14.15
20200219,14.2,14.25,13.895,14.11
20200220,14.15,14.3,14.13,14.27
20200221,14.26,14.34,14.15,14.16
20200224,13.84,13.9,13.22,13.43
20200225,13.42,13.48,11.885,11.96
20200226,12.0,12.205,11.97,12.07
20200227,11.82,12.47,11.63,11.82
20200228,11.61,11.93,11.49,11.53
20200302,11.76,11.965,11.43,11.89
20200303,11.91,12.24,11.23,11.31
20200304,11.46,11.9,11.35,11.9
20200305,11.53,11.53,10.86,10.89
20200306,10.68,10.94,10.07,10.5
20200309,10.0,10.0,8.23,8.25
20200310,8.75,8.76,7.57,8.04
20200311,7.8,8.0,7.09,7.22
20200312,6.54,6.54,5.06,5.34
20200313,5.88,5.99,5.0,5.32
20200316,4.8,4.85,4.07,4.1
20200317,4.15,4.46,3.71,3.79
20200318,3.53,3.56,2.29,2.58
20200319,2.76,3.32,2.3501,3.32
20200320,3.38,3.4,2.54,2.61
20200323,2.63,2.8,2.5,2.69
20200324,3.06,3.52,3.0,3.13
20200325,3.4,4.35,3.23,4.21
20200326,4.27,5.29,4.23,4.45
20200327,4.3,4.31,3.93,4.06
20200330,3.85,3.85,3.3,3.39
20200331,3.25,3.59,3.25,3.58
20200401,3.35,3.35,2.9701,3.09
20200402,3.09,3.31,2.95,3.0
20200403,3.07,3.07,2.7,2.84
20200406,3.01,3.7497,3.01,3.41
20200407,3.61,4.03,3.56,3.74
20200408,3.9,3.91,3.66,3.9
20200409,4.13,5.49,4.13,5.36
20200413,5.36,5.39,4.83,5.23
20200414,5.4,5.9,5.12,5.54
20200415,5.15,5.3681,4.97,5.11
20200416,5.13,5.23,4.61,4.8
20200417,5.27,5.4,5.0,5.02
20200420,4.78,5.0,4.55,4.86
20200421,4.55,5.115,4.55,4.75
20200422,4.96,4.97,4.39,4.53
20200423,4.5,4.695,4.32,4.34
20200424,4.42,4.51,4.1104,4.4
20200427,4.43,4.89,4.27,4.75
20200428,4.95,5.15,4.74,4.97
20200429,5.47,6.0481,5.37,5.6
20200430,5.61,5.63,5.11,5.23
20200501,5.02,5.25,4.68,5.11
20200504,4.84,4.98,4.57,4.64
20200505,4.87,4.99,4.7342,4.76
20200506,4.77,4.77,4.3,4.35
20200507,4.08,4.63,4.02,4.51
20200508,4.66,4.85,4.485,4.74
20200511,4.65,4.75,4.205,4.49
20200512,4.59,4.63,4.165,4.19
20200513,4.14,4.14,3.75,3.91
20200514,3.75,4.25,3.62,4.18
20200515,4.13,4.15,3.94,4.09
20200518,4.45,4.83,4.36,4.82
20200519,4.9,4.98,4.53,4.66
20200520,4.73,5.0,4.73,4.84
20200521,4.66,4.86,4.6078,4.81
20200522,4.75,4.76,4.54,4.7
20200526,4.95,5.24,4.915,5.22
20200527,5.47,5.74,5.26,5.65
20200528,5.82,5.8418,5.26,5.36
20200529,5.25,5.27,5.0,5.04
20200601,5.02,5.49,4.96,5.21
20200602,5.32,5.495,5.29,5.29
20200603,5.42,6.045,5.42,5.89
20200604,5.88,6.99,5.81,6.8
20200605,7.75,9.5,7.48,9.09
20200608,9.86,10.29,9.36,10.07
20200609,9.58,9.78,8.75,8.83
20200610,8.8,8.809,7.3101,7.96
