20120102,1.57,1.57,1.57,1.57
20120103,1.62,1.65,1.61,1.65
20120104,1.64,1.66,1.61,1.64
20120105,1.59,1.63,1.58,1.63
20120106,1.63,1.64,1.61,1.63
20120109,1.62,1.62,1.57,1.58
20120110,1.65,1.67,1.63,1.67
20120111,1.65,1.72,1.65,1.72
20120112,1.75,1.77,1.71,1.77
20120113,1.74,1.77,1.7,1.75
20120116,1.75,1.75,1.75,1.75
20120117,1.77,1.79,1.74,1.75
20120118,1.75,1.8,1.75,1.8
20120119,1.91,1.98,1.89,1.98
20120120,2.0,2.01,1.97,1.98
20120123,2.03,2.05,1.99,2.02
20120124,1.91,1.96,1.89,1.95
20120125,1.89,1.95,1.87,1.95
20120126,2.03,2.04,1.99,2.02
20120127,2.0,2.01,1.98,2.01
20120130,1.89,1.94,1.88,1.94
20120131,1.92,1.93,1.89,1.91
20120201,1.99,2.02,1.97,2.0
20120202,2.02,2.04,2.02,2.02
20120203,2.11,2.15,2.1,2.14
20120206,2.18,2.22,2.17,2.2
20120207,2.2,2.22,2.17,2.21
20120208,2.23,2.25,2.21,2.25
20120209,2.29,2.29,2.21,2.22
20120210,2.19,2.2,2.12,2.13
20120213,2.21,2.23,2.18,2.19
20120214,2.14,2.15,2.09,2.13
20120215,2.13,2.13,2.08,2.09
20120216,2.07,2.17,2.06,2.17
20120217,2.23,2.24,2.19,2.23
20120220,2.23,2.23,2.23,2.23
20120221,2.22,2.26,2.21,2.22
20120222,2.22,2.22,2.17,2.17
20120223,2.24,2.28,2.21,2.27
20120224,2.25,2.25,2.21,2.22
20120227,2.14,2.21,2.13,2.19
20120228,2.15,2.19,2.12,2.19
20120229,2.2,2.24,2.18,2.2
20120301,2.2,2.22,2.18,2.18
20120302,2.21,2.24,2.21,2.24
20120305,2.24,2.25,2.21,2.23
20120306,2.15,2.16,2.08,2.09
20120307,2.13,2.14,2.11,2.12
20120308,2.12,2.16,2.11,2.16
20120309,2.13,2.14,2.12,2.12
20120312,2.1,2.1,2.07,2.09
20120313,2.11,2.2,2.11,2.19
20120314,2.2,2.21,2.17,2.2
20120315,2.2,2.28,2.19,2.28
20120316,2.34,2.37,2.32,2.35
20120319,2.33,2.37,2.33,2.35
20120320,2.28,2.29,2.25,2.25
20120321,2.26,2.26,2.22,2.25
20120322,2.18,2.21,2.17,2.19
20120323,2.21,2.25,2.19,2.24
20120326,2.25,2.26,2.2,2.25
20120327,2.26,2.26,2.19,2.19
20120328,2.16,2.17,2.12,2.16
20120329,2.12,2.12,2.08,2.11
20120330,2.13,2.13,2.08,2.12
20120402,2.08,2.14,2.06,2.12
20120404,2.0,2.02,1.97,2.01
20120405,1.95,1.97,1.93,1.93
20120406,1.93,1.93,1.93,1.93
20120409,1.9,1.94,1.9,1.93
20120410,1.9,1.91,1.83,1.84
20120411,1.94,1.95,1.9,1.9
20120412,1.94,2.01,1.93,2.0
20120413,1.96,1.97,1.9,1.91
20120416,1.88,1.9,1.85,1.87
20120417,1.92,1.95,1.91,1.92
20120418,1.9,1.93,1.88,1.88
20120419,1.89,1.9,1.83,1.86
20120420,1.92,1.93,1.88,1.89
20120423,1.86,1.88,1.84,1.88
20120424,1.88,1.94,1.87,1.92
20120425,1.97,1.99,1.91,1.93
20120426,1.93,2.01,1.93,2.0
20120427,2.02,2.02,1.98,1.99
20120430,2.0,2.01,1.93,1.96
20120501,2.11,2.15,2.1,2.12
20120502,2.05,2.07,2.02,2.05
20120503,2.05,2.06,2.0,2.0
20120504,2.08,2.09,2.04,2.04
20120507,1.97,2.09,1.95,2.09
20120508,2.05,2.05,1.96,1.99
20120509,1.89,1.92,1.86,1.91
20120510,1.98,2.0,1.95,1.95
20120511,1.93,1.98,1.92,1.96
20120514,1.85,1.88,1.84,1.86
20120515,1.81,1.84,1.8,1.8
20120516,1.83,1.84,1.76,1.76
20120517,1.75,1.75,1.69,1.69
20120518,1.63,1.64,1.6,1.61
20120521,1.63,1.67,1.61,1.66
20120522,1.68,1.72,1.67,1.71
20120523,1.66,1.69,1.63,1.69
20120524,1.66,1.69,1.65,1.68
20120525,1.62,1.63,1.59,1.6
20120528,1.6,1.6,1.6,1.6
20120529,1.6,1.63,1.59,1.63
20120530,1.56,1.56,1.53,1.53
20120531,1.55,1.58,1.52,1.55
20120601,1.55,1.59,1.54,1.57
20120604,1.57,1.59,1.54,1.55
20120605,1.55,1.6,1.55,1.59
20120606,1.63,1.69,1.63,1.69
20120607,1.76,1.77,1.72,1.74
20120608,1.7,1.74,1.68,1.73
20120611,1.79,1.8,1.71,1.73
20120612,1.76,1.81,1.74,1.81
20120613,1.8,1.84,1.78,1.8
20120614,1.81,1.86,1.8,1.84
20120615,1.91,1.94,1.9,1.92
20120618,1.86,1.9,1.85,1.87
20120619,1.89,1.93,1.88,1.92
20120620,1.93,1.95,1.9,1.94
20120621,1.94,1.95,1.85,1.88
20120622,1.95,1.97,1.91,1.93
20120625,1.89,1.89,1.83,1.86
20120626,1.85,1.87,1.83,1.86
20120627,1.88,1.94,1.88,1.94
20120628,1.79,1.88,1.77,1.87
20120629,1.94,1.94,1.91,1.92
20120702,1.95,1.96,1.93,1.94
20120703,1.96,1.97,1.93,1.96
20120704,1.96,1.96,1.96,1.96
20120705,1.89,1.91,1.86,1.87
20120706,1.85,1.87,1.83,1.84
20120709,1.85,1.86,1.83,1.85
20120710,1.88,1.89,1.85,1.85
20120711,1.86,1.88,1.84,1.87
20120712,1.83,1.83,1.81,1.83
20120713,1.83,1.87,1.83,1.86
20120716,1.84,1.85,1.82,1.83
20120717,1.85,1.86,1.81,1.85
20120718,1.85,1.85,1.82,1.83
20120719,1.85,1.87,1.84,1.85
20120720,1.85,1.86,1.82,1.82
20120723,1.77,1.8,1.76,1.8
20120724,1.77,1.77,1.72,1.75
20120725,1.8,1.8,1.77,1.78
20120726,1.81,1.81,1.77,1.8
20120727,1.84,1.9,1.83,1.9
20120730,1.9,1.93,1.89,1.89
20120731,1.87,1.9,1.86,1.89
20120801,1.88,1.91,1.83,1.89
20120802,1.82,1.82,1.77,1.79
20120803,1.85,1.9,1.85,1.89
20120806,1.9,1.94,1.88,1.91
20120807,1.94,1.96,1.92,1.94
20120808,1.93,1.95,1.92,1.95
20120809,1.95,1.96,1.92,1.94
20120810,1.93,1.95,1.92,1.94
20120813,1.94,1.97,1.94,1.95
20120814,1.96,1.98,1.94,1.96
20120815,1.97,2.0,1.97,1.98
20120816,2.03,2.05,2.02,2.05
20120817,2.11,2.12,2.1,2.12
20120820,2.12,2.13,2.1,2.13
20120821,2.15,2.18,2.12,2.13
20120822,2.15,2.17,2.14,2.16
20120823,2.16,2.16,2.09,2.12
20120824,2.11,2.13,2.08,2.12
20120827,2.1,2.13,2.1,2.11
20120828,2.11,2.13,2.1,2.13
20120829,2.1,2.11,2.08,2.09
20120830,2.09,2.1,2.05,2.09
20120831,2.09,2.11,2.05,2.06
20120903,2.06,2.06,2.06,2.06
20120904,2.08,2.08,2.04,2.07
20120905,2.11,2.14,2.09,2.12
20120906,2.19,2.31,2.19,2.28
20120907,2.33,2.35,2.32,2.34
20120910,2.36,2.37,2.29,2.29
20120911,2.34,2.36,2.32,2.35
20120912,2.43,2.46,2.42,2.45
20120913,2.43,2.53,2.41,2.52
20120914,2.57,2.6,2.52,2.55
20120917,2.57,2.6,2.54,2.56
20120918,2.48,2.51,2.47,2.49
20120919,2.5,2.55,2.49,2.53
20120920,2.48,2.53,2.46,2.5
20120921,2.6,2.61,2.55,2.56
20120924,2.54,2.58,2.54,2.56
20120925,2.58,2.62,2.53,2.54
20120926,2.49,2.5,2.46,2.48
20120927,2.52,2.55,2.49,2.55
20120928,2.5,2.5,2.47,2.49
20121001,2.52,2.6,2.5,2.52
20121002,2.5,2.51,2.47,2.5
20121003,2.47,2.49,2.46,2.47
20121004,2.44,2.46,2.42,2.44
20121005,2.44,2.45,2.38,2.4
20121008,2.36,2.37,2.34,2.36
20121009,2.34,2.36,2.32,2.33
20121010,2.43,2.46,2.42,2.45
20121011,2.51,2.52,2.48,2.48
20121012,2.54,2.55,2.51,2.51
20121015,2.56,2.59,2.55,2.59
20121016,2.71,2.75,2.7,2.73
20121017,2.67,2.71,2.66,2.71
20121018,2.74,2.74,2.63,2.68
20121019,2.6,2.6,2.54,2.56
20121022,2.59,2.61,2.56,2.6
20121023,2.53,2.57,2.52,2.54
20121024,2.54,2.58,2.53,2.55
20121025,2.65,2.65,2.57,2.57
20121026,2.57,2.59,2.55,2.56
20121029,2.56,2.56,2.56,2.56
20121030,2.56,2.56,2.56,2.56
20121031,2.64,2.65,2.58,2.62
20121101,2.77,2.85,2.76,2.82
20121102,2.8,2.8,2.71,2.75
20121105,2.72,2.74,2.7,2.74
20121106,2.78,2.91,2.78,2.89
20121107,2.83,2.85,2.8,2.81
20121108,2.81,2.82,2.74,2.74
20121109,2.7,2.77,2.69,2.73
20121112,2.84,2.85,2.83,2.84
20121113,2.85,2.94,2.85,2.92
20121114,2.95,2.97,2.85,2.85
20121115,2.87,2.89,2.84,2.85
20121116,2.8,2.8,2.75,2.78
20121119,2.83,2.86,2.8,2.84
20121120,2.81,2.89,2.8,2.89
20121121,2.9,2.92,2.88,2.9
20121122,2.9,2.9,2.9,2.9
20121123,2.94,2.96,2.93,2.96
20121126,2.89,2.9,2.85,2.88
20121127,2.95,2.98,2.91,2.92
20121128,2.89,2.95,2.85,2.94
20121129,2.96,2.98,2.93,2.97
20121130,2.97,2.98,2.95,2.98
20121203,2.94,2.95,2.91,2.91
20121204,2.94,2.95,2.93,2.95
20121205,2.94,2.99,2.93,2.95
20121206,2.97,2.98,2.95,2.97
20121207,2.96,3.11,2.95,3.1
20121210,2.98,3.03,2.97,3.03
20121211,3.0,3.03,2.98,3.0
20121212,3.01,3.04,3.0,3.0
20121213,3.01,3.03,2.97,2.98
20121214,3.01,3.03,3.0,3.02
20121217,3.02,3.04,3.01,3.04
20121218,3.07,3.1,3.05,3.1
20121219,3.19,3.22,3.17,3.22
20121220,3.23,3.25,3.2,3.25
20121221,3.13,3.15,3.12,3.13
20121224,3.15,3.15,3.1,3.12
20121225,3.12,3.12,3.12,3.12
20121226,3.12,3.14,3.07,3.11
20121227,3.19,3.21,3.13,3.18
20121228,3.16,3.16,3.11,3.12
20121231,3.12,3.2,3.12,3.2
20130101,3.2,3.2,3.2,3.2
20130102,3.26,3.28,3.23,3.28
20130103,3.24,3.25,3.2,3.21
20130104,3.2,3.25,3.19,3.25
20130107,3.26,3.28,3.25,3.28
20130108,3.28,3.33,3.27,3.33
20130109,3.46,3.48,3.42,3.43
20130110,3.44,3.48,3.42,3.46
20130111,3.5,3.51,3.45,3.5
20130114,3.54,3.59,3.52,3.58
20130115,3.51,3.54,3.49,3.51
20130116,3.36,3.42,3.35,3.41
20130117,3.41,3.45,3.4,3.42
20130118,3.43,3.44,3.39,3.42
20130121,3.42,3.42,3.42,3.42
20130122,3.37,3.39,3.35,3.38
20130123,3.32,3.33,3.3,3.32
20130124,3.35,3.41,3.34,3.39
20130125,3.4,3.42,3.36,3.4
20130128,3.38,3.39,3.33,3.34
20130129,3.27,3.29,3.25,3.28
20130130,3.21,3.26,3.19,3.25
20130131,3.26,3.3,3.25,3.29
20130201,3.27,3.28,3.24,3.27
20130204,3.21,3.22,3.17,3.19
20130205,3.24,3.26,3.21,3.24
20130206,3.22,3.28,3.22,3.26
20130207,3.27,3.3,3.23,3.26
20130208,3.33,3.36,3.32,3.35
20130211,3.31,3.32,3.28,3.29
20130212,3.43,3.48,3.42,3.48
20130213,3.43,3.48,3.42,3.43
20130214,3.39,3.42,3.37,3.41
20130215,3.4,3.42,3.35,3.36
20130218,3.36,3.36,3.36,3.36
20130219,3.41,3.45,3.4,3.43
20130220,3.42,3.43,3.35,3.35
20130221,3.3,3.31,3.25,3.27
20130222,3.34,3.37,3.31,3.36
20130225,3.34,3.36,3.2,3.21
20130226,3.23,3.24,3.18,3.23
20130227,3.18,3.29,3.17,3.29
20130228,3.29,3.35,3.28,3.3
20130301,3.06,3.2,3.04,3.16
20130304,3.09,3.13,3.07,3.13
20130305,3.13,3.17,3.12,3.14
20130306,3.13,3.13,3.06,3.09
20130307,3.02,3.03,3.0,3.02
20130308,3.02,3.03,2.98,3.01
20130311,2.97,3.03,2.96,3.02
20130312,3.03,3.04,2.99,3.02
20130313,3.03,3.08,3.01,3.05
20130314,3.04,3.08,3.04,3.06
20130315,3.06,3.06,3.03,3.03
20130318,2.99,3.03,2.97,3.0
20130319,3.02,3.04,2.96,2.97
20130320,3.01,3.02,2.98,3.01
20130321,2.97,2.99,2.93,2.93
20130322,2.99,3.0,2.95,2.97
20130325,2.99,2.99,2.88,2.9
20130326,2.86,2.91,2.86,2.89
20130327,2.92,2.96,2.9,2.93
20130328,2.96,3.0,2.95,3.0
20130329,3.0,3.0,3.0,3.0
20130401,3.0,3.0,2.91,2.93
20130402,2.97,2.99,2.94,2.96
20130403,2.99,3.0,2.92,2.93
20130404,2.93,2.95,2.9,2.93
20130405,2.86,2.91,2.84,2.91
20130408,2.83,2.86,2.82,2.86
20130409,2.9,2.91,2.86,2.9
20130410,2.95,2.98,2.94,2.97
20130411,2.98,3.01,2.97,2.98
20130412,2.99,3.01,2.97,2.98
20130415,2.97,2.98,2.89,2.9
20130416,2.96,2.98,2.94,2.98
20130417,2.96,2.96,2.89,2.93
20130418,2.89,2.9,2.83,2.84
20130419,2.87,2.88,2.85,2.88
20130422,2.96,3.02,2.95,3.02
20130423,3.07,3.13,3.07,3.11
20130424,3.13,3.18,3.13,3.18
20130425,3.24,3.3,3.24,3.3
20130426,3.28,3.29,3.25,3.28
20130429,3.33,3.35,3.32,3.35
20130430,3.41,3.43,3.36,3.43
20130501,3.41,3.42,3.35,3.37
20130502,3.35,3.39,3.34,3.38
20130503,3.39,3.41,3.36,3.39
20130506,3.39,3.43,3.37,3.42
20130507,3.42,3.45,3.41,3.42
20130508,3.47,3.51,3.46,3.51
20130509,3.59,3.6,3.54,3.57
20130510,3.6,3.65,3.59,3.63
20130513,3.56,3.59,3.53,3.58
20130514,3.57,3.62,3.57,3.61
20130515,3.63,3.65,3.61,3.64
20130516,3.68,3.75,3.67,3.72
20130517,3.83,3.85,3.81,3.85
20130520,3.79,3.83,3.79,3.82
20130521,3.77,3.78,3.71,3.73
20130522,3.79,3.84,3.72,3.73
20130523,3.69,3.71,3.66,3.7
20130524,3.64,3.7,3.63,3.7
20130527,3.7,3.7,3.7,3.7
20130528,3.72,3.74,3.69,3.72
20130529,3.69,3.71,3.67,3.71
20130530,3.76,3.79,3.75,3.76
20130531,3.78,3.81,3.73,3.73
20130603,3.78,3.82,3.75,3.82
20130604,3.81,3.84,3.77,3.78
20130605,3.79,3.82,3.78,3.79
20130606,3.78,3.8,3.74,3.8
20130607,3.8,3.89,3.77,3.89
20130610,3.85,3.86,3.81,3.86
20130611,3.76,3.84,3.75,3.81
20130612,3.83,3.83,3.74,3.74
20130613,3.83,3.88,3.81,3.87
20130614,3.92,3.93,3.8,3.85
20130617,3.88,3.91,3.83,3.84
20130618,3.92,3.93,3.88,3.91
20130619,3.87,3.89,3.77,3.8
20130620,3.84,3.85,3.73,3.74
20130621,3.81,3.83,3.72,3.78
20130624,3.73,3.78,3.7,3.73
20130625,3.79,3.82,3.75,3.81
20130626,3.83,3.86,3.81,3.84
20130627,3.86,3.88,3.8,3.82
20130628,3.86,3.89,3.82,3.84
20130701,3.89,3.94,3.88,3.9
20130702,3.83,3.85,3.78,3.83
20130703,3.83,3.88,3.82,3.88
20130704,3.88,3.88,3.88,3.88
20130705,3.93,3.94,3.85,3.9
20130708,3.98,4.04,3.97,4.03
20130709,4.0,4.01,3.92,3.97
20130710,3.95,4.01,3.94,3.97
20130711,3.99,4.06,3.97,4.04
20130712,4.05,4.1,4.03,4.1
20130715,4.19,4.23,4.17,4.22
20130716,4.18,4.2,4.15,4.19
20130717,4.24,4.3,4.24,4.28
20130718,4.27,4.3,4.25,4.29
20130719,4.23,4.25,4.2,4.23
20130722,4.27,4.28,4.24,4.27
20130723,4.25,4.25,4.19,4.21
20130724,4.23,4.27,4.22,4.24
20130725,4.24,4.27,4.22,4.27
20130726,4.22,4.25,4.2,4.23
20130729,4.23,4.27,4.2,4.24
20130730,4.12,4.15,4.1,4.12
20130731,4.13,4.2,4.13,4.17
20130801,4.51,4.54,4.47,4.52
20130802,4.49,4.53,4.47,4.51
20130805,4.68,4.69,4.64,4.68
20130806,4.61,4.63,4.55,4.57
20130807,4.59,4.6,4.54,4.58
20130808,4.6,4.68,4.59,4.68
20130809,4.66,4.71,4.65,4.67
20130812,4.69,4.71,4.65,4.67
20130813,4.69,4.73,4.66,4.73
20130814,4.76,4.81,4.76,4.78
20130815,4.72,4.72,4.64,4.68
20130816,4.71,4.78,4.7,4.76
20130819,4.71,4.71,4.63,4.63
20130820,4.56,4.63,4.54,4.61
20130821,4.61,4.68,4.58,4.62
20130822,4.65,4.68,4.63,4.66
20130823,4.69,4.7,4.64,4.67
20130826,4.67,4.69,4.65,4.67
20130827,4.52,4.54,4.44,4.44
20130828,4.52,4.6,4.51,4.57
20130829,4.56,4.61,4.55,4.55
20130830,4.57,4.58,4.46,4.48
20130902,4.48,4.48,4.48,4.48
20130903,4.54,4.57,4.5,4.53
20130904,4.52,4.57,4.5,4.55
20130905,4.65,4.7,4.64,4.69
20130906,4.7,4.74,4.65,4.72
20130909,4.8,4.86,4.79,4.85
20130910,4.91,4.94,4.88,4.93
20130911,4.83,4.84,4.79,4.84
20130912,4.8,4.83,4.78,4.8
20130913,4.82,4.9,4.82,4.88
20130916,4.94,4.97,4.8,4.94
20130917,4.77,4.83,4.75,4.78
20130918,4.87,5.08,4.86,5.0
20130919,4.99,4.99,4.92,4.94
20130920,4.87,4.91,4.85,4.88
20130923,4.84,4.85,4.75,4.79
20130924,4.81,4.82,4.76,4.78
20130925,4.8,4.87,4.79,4.86
20130926,4.83,4.85,4.81,4.83
20130927,4.82,4.84,4.8,4.83
20130930,4.77,4.82,4.76,4.81
20131001,4.86,4.91,4.83,4.89
20131002,4.87,4.91,4.85,4.91
20131003,4.9,4.93,4.86,4.92
20131004,4.86,4.91,4.84,4.91
20131007,4.78,4.86,4.77,4.85
20131008,4.76,4.76,4.67,4.67
20131009,4.72,4.72,4.67,4.71
20131010,4.79,4.88,4.79,4.88
20131011,4.9,4.95,4.88,4.95
20131014,4.86,4.95,4.85,4.95
20131015,4.95,4.96,4.93,4.94
20131016,4.94,4.97,4.92,4.94
20131017,4.96,5.06,4.95,5.05
20131018,5.02,5.03,4.99,5.03
20131021,5.0,5.05,5.0,5.04
20131022,5.05,5.17,5.05,5.16
20131023,5.12,5.13,5.07,5.12
20131024,5.2,5.37,5.19,5.36
20131025,5.28,5.32,5.25,5.31
20131028,5.24,5.33,5.19,5.33
20131029,5.12,5.14,5.07,5.1
20131030,5.08,5.11,5.03,5.06
20131031,5.09,5.11,5.01,5.03
20131101,5.0,5.02,4.97,4.99
20131104,5.01,5.01,4.94,4.97
20131105,4.87,4.93,4.82,4.92
20131106,4.88,4.89,4.83,4.84
20131107,4.84,4.85,4.74,4.74
20131108,4.79,4.93,4.78,4.93
20131111,4.97,4.98,4.93,4.97
20131112,4.9,4.93,4.87,4.88
20131113,4.83,4.9,4.82,4.89
20131114,4.9,4.94,4.9,4.94
20131115,4.92,4.97,4.89,4.96
20131118,4.95,4.97,4.86,4.87
20131119,4.88,4.91,4.86,4.88
20131120,4.87,4.9,4.83,4.84
20131121,4.89,4.92,4.87,4.91
20131122,4.95,4.96,4.84,4.86
20131125,4.9,4.91,4.88,4.89
20131126,4.91,4.92,4.88,4.9
20131127,5.0,5.08,5.0,5.06
20131128,5.06,5.06,5.06,5.06
20131129,5.11,5.13,5.08,5.1
20131202,5.18,5.2,5.14,5.14
20131203,5.17,5.19,5.1,5.12
20131204,5.05,5.09,5.01,5.05
20131205,5.07,5.07,5.01,5.03
20131206,5.14,5.16,5.11,5.14
20131209,5.14,5.18,5.12,5.16
20131210,5.16,5.18,5.14,5.16
20131211,5.13,5.13,5.05,5.05
20131212,4.98,5.0,4.94,4.96
20131213,4.96,4.96,4.91,4.94
20131216,5.0,5.03,4.99,5.03
20131217,5.01,5.02,4.96,4.99
20131218,5.01,5.1,4.98,5.1
20131219,5.05,5.13,5.05,5.13
20131220,5.09,5.13,5.08,5.13
20131223,5.13,5.19,5.12,5.18
20131224,5.16,5.2,5.16,5.2
20131225,5.2,5.2,5.2,5.2
20131226,5.23,5.29,5.22,5.27
20131227,5.24,5.26,5.22,5.25
20131230,5.2,5.24,5.19,5.24
20131231,5.25,5.32,5.25,5.32
20140101,5.32,5.32,5.32,5.32
20140102,5.25,5.27,5.23,5.26
20140103,5.25,5.33,5.25,5.3
20140106,5.3,5.34,5.28,5.3
20140107,5.46,5.48,5.44,5.45
20140108,5.56,5.62,5.55,5.61
20140109,5.68,5.72,5.66,5.69
20140110,5.6,5.61,5.51,5.58
20140113,5.56,5.62,5.52,5.53
20140114,5.66,5.71,5.61,5.7
20140115,5.72,5.76,5.7,5.76
20140116,5.64,5.65,5.57,5.62
20140117,5.57,5.59,5.55,5.55
20140120,5.55,5.55,5.55,5.55
20140121,5.62,5.63,5.55,5.62
20140122,5.61,5.62,5.57,5.62
20140123,5.6,5.6,5.54,5.56
20140124,5.49,5.49,5.35,5.35
20140127,5.4,5.43,5.3,5.35
20140128,5.54,5.56,5.51,5.55
20140129,5.48,5.49,5.42,5.43
20140130,5.54,5.59,5.5,5.57
20140131,5.44,5.53,5.44,5.48
20140203,5.32,5.35,5.21,5.21
20140204,5.27,5.35,5.27,5.32
20140205,5.35,5.4,5.33,5.38
20140206,5.43,5.48,5.43,5.48
20140207,5.43,5.48,5.4,5.47
20140210,5.46,5.53,5.45,5.51
20140211,5.49,5.6,5.48,5.58
20140212,5.59,5.61,5.55,5.6
20140213,5.39,5.51,5.35,5.5
20140214,5.41,5.49,5.4,5.47
20140217,5.47,5.47,5.47,5.47
20140218,5.56,5.6,5.54,5.58
20140219,5.49,5.52,5.44,5.45
20140220,5.46,5.5,5.41,5.49
20140221,5.47,5.48,5.43,5.43
20140224,5.43,5.51,5.4,5.48
20140225,5.48,5.51,5.43,5.45
20140226,5.43,5.45,5.4,5.41
20140227,5.45,5.53,5.45,5.53
20140228,5.56,5.6,5.53,5.59
20140303,5.46,5.51,5.45,5.46
20140304,5.49,5.51,5.43,5.46
20140305,5.46,5.48,5.44,5.46
20140306,5.53,5.57,5.5,5.51
20140307,5.53,5.55,5.49,5.52
20140310,5.49,5.51,5.44,5.48
20140311,5.46,5.48,5.41,5.41
20140312,5.4,5.43,5.37,5.39
20140313,5.38,5.4,5.28,5.29
20140314,5.25,5.28,5.23,5.27
20140317,5.3,5.37,5.29,5.35
20140318,5.36,5.39,5.33,5.35
20140319,5.34,5.35,5.23,5.26
20140320,5.22,5.27,5.21,5.25
20140321,5.22,5.24,5.11,5.11
20140324,5.22,5.27,5.2,5.26
20140325,5.26,5.29,5.14,5.16
20140326,5.04,5.05,5.01,5.02
20140327,5.08,5.09,5.05,5.09
20140328,5.02,5.06,4.98,5.01
20140331,5.03,5.09,5.01,5.09
20140401,5.12,5.14,5.1,5.12
20140402,5.15,5.21,5.14,5.2
20140403,5.15,5.16,5.1,5.11
20140404,5.2,5.21,5.15,5.15
20140407,5.08,5.08,5.03,5.05
20140408,4.92,5.04,4.9,5.02
20140409,5.06,5.13,5.04,5.13
20140410,5.11,5.12,5.0,5.01
20140411,4.92,4.95,4.88,4.9
20140414,4.89,4.93,4.86,4.9
20140415,4.85,4.85,4.76,4.83
20140416,4.89,4.96,4.88,4.95
20140417,5.07,5.08,5.02,5.02
20140418,5.02,5.02,5.02,5.02
20140421,5.04,5.06,5.02,5.04
20140422,5.04,5.13,5.03,5.1
20140423,5.07,5.1,5.05,5.1
20140424,5.1,5.12,5.06,5.11
20140425,5.07,5.09,5.04,5.06
20140428,5.04,5.07,4.98,5.02
20140429,5.06,5.1,5.06,5.08
20140430,5.13,5.17,5.12,5.17
20140501,5.39,5.45,5.36,5.45
20140502,5.43,5.55,5.41,5.53
20140505,5.49,5.5,5.43,5.45
20140506,5.4,5.41,5.36,5.37
20140507,5.3,5.31,5.23,5.27
20140508,5.29,5.32,5.24,5.25
20140509,5.25,5.25,5.18,5.22
20140512,5.25,5.28,5.24,5.28
20140513,5.2,5.26,5.18,5.25
20140514,5.21,5.26,5.2,5.2
20140515,5.09,5.09,4.97,5.03
20140516,5.0,5.02,4.97,5.01
20140519,4.99,5.05,4.98,5.05
20140520,5.09,5.1,5.06,5.08
20140521,5.05,5.09,5.04,5.08
20140522,5.09,5.12,5.06,5.12
20140523,5.15,5.18,5.12,5.16
20140526,5.16,5.16,5.16,5.16
20140527,5.23,5.26,5.21,5.25
20140528,5.25,5.3,5.23,5.29
20140530,5.22,5.27,5.22,5.26
20140602,5.27,5.27,5.22,5.24
20140603,5.19,5.23,5.18,5.23
20140604,5.26,5.28,5.24,5.27
20140605,5.33,5.36,5.3,5.36
20140606,5.41,5.48,5.4,5.45
20140609,5.36,5.36,5.31,5.33
20140610,5.32,5.36,5.29,5.34
20140611,5.36,5.46,5.34,5.44
20140612,5.44,5.45,5.39,5.41
20140613,5.35,5.35,5.3,5.31
20140616,5.27,5.29,5.25,5.28
20140617,5.26,5.4,5.26,5.4
20140618,5.34,5.39,5.31,5.39
20140619,5.35,5.38,5.33,5.36
20140620,5.3,5.31,5.25,5.25
20140623,5.21,5.23,5.16,5.18
20140624,5.13,5.15,5.09,5.1
20140625,5.1,5.16,5.08,5.16
20140626,5.22,5.23,5.17,5.21
20140627,5.18,5.2,5.16,5.17
20140630,5.13,5.16,5.12,5.14
20140701,5.24,5.25,5.22,5.24
20140702,5.24,5.27,5.24,5.25
20140703,5.28,5.32,5.27,5.32
20140704,5.32,5.32,5.32,5.32
20140707,5.2,5.26,5.19,5.26
20140708,5.15,5.16,5.08,5.08
20140709,5.06,5.1,5.05,5.09
20140710,4.99,5.09,4.98,5.08
20140711,5.05,5.06,5.0,5.06
20140714,5.1,5.11,5.06,5.07
20140715,5.11,5.11,5.05,5.09
20140716,5.14,5.18,5.13,5.17
20140718,5.03,5.1,5.02,5.08
20140721,5.04,5.04,4.99,5.02
20140722,5.03,5.07,5.02,5.05
20140723,5.09,5.1,5.06,5.07
20140724,5.07,5.09,5.04,5.09
20140725,5.15,5.17,5.12,5.17
20140728,5.14,5.17,5.08,5.17
20140729,5.19,5.21,5.16,5.2
20140730,5.23,5.25,5.19,5.23
20140731,5.05,5.09,5.02,5.02
20140801,5.02,5.04,4.97,4.99
20140804,5.06,5.07,4.97,5.03
20140805,5.0,5.01,4.92,4.93
20140806,4.89,4.93,4.89,4.91
20140807,4.93,4.93,4.85,4.85
20140808,4.88,4.93,4.88,4.93
20140811,4.95,4.97,4.93,4.93
20140812,4.96,4.98,4.94,4.96
20140813,4.98,4.99,4.95,4.96
20140814,4.98,4.99,4.95,4.96
20140815,5.0,5.02,4.95,4.97
20140818,4.99,5.01,4.98,5.01
20140819,5.01,5.03,5.0,5.02
20140820,5.02,5.05,5.01,5.04
20140821,5.02,5.08,5.01,5.06
20140822,5.08,5.14,5.08,5.13
20140825,5.15,5.22,5.15,5.21
20140826,5.13,5.16,5.12,5.15
20140827,5.16,5.17,5.12,5.15
20140828,5.12,5.14,5.09,5.09
20140829,5.12,5.14,5.09,5.13
20140901,5.13,5.13,5.13,5.13
20140902,5.02,5.02,4.96,4.99
20140903,5.02,5.03,4.96,4.99
20140904,4.97,5.0,4.92,4.93
20140905,4.9,4.91,4.88,4.91
20140908,4.7,4.73,4.68,4.7
20140909,4.79,4.8,4.77,4.77
20140910,4.78,4.85,4.76,4.83
20140911,4.87,4.87,4.84,4.85
20140912,4.9,4.92,4.88,4.91
20140915,4.85,4.86,4.81,4.83
20140916,4.79,4.85,4.78,4.84
20140917,4.93,4.96,4.9,4.92
20140918,5.01,5.04,5.0,5.03
20140919,5.06,5.09,5.02,5.05
20140922,5.02,5.06,5.01,5.03
20140923,4.97,4.98,4.94,4.97
20140924,4.96,4.99,4.94,4.99
20140925,5.03,5.04,5.0,5.03
20140926,5.03,5.07,5.0,5.07
20140929,5.0,5.05,4.99,5.03
20140930,5.05,5.06,5.01,5.04
20141001,5.04,5.05,4.98,5.02
20141002,4.98,4.99,4.86,4.93
20141003,4.98,5.0,4.97,4.98
20141006,4.98,5.0,4.94,4.98
20141007,4.94,4.94,4.84,4.84
20141008,4.86,4.94,4.81,4.94
20141009,4.88,4.92,4.74,4.75
20141010,4.8,4.83,4.72,4.72
20141013,4.79,4.82,4.73,4.74
20141014,4.77,4.81,4.75,4.78
20141015,4.75,4.76,4.58,4.7
20141016,4.53,4.65,4.52,4.64
20141017,4.75,4.8,4.73,4.77
20141020,4.79,4.85,4.79,4.85
20141021,4.86,4.93,4.86,4.93
20141022,4.87,4.89,4.83,4.83
20141023,4.88,4.91,4.86,4.87
20141024,4.9,4.95,4.89,4.94
20141027,4.78,4.85,4.77,4.83
20141028,4.74,4.79,4.71,4.76
20141029,4.76,4.81,4.72,4.76
20141030,4.75,4.82,4.74,4.79
20141031,4.85,4.93,4.85,4.92
20141103,4.89,4.9,4.86,4.86
20141104,4.87,4.89,4.84,4.89
20141105,4.91,4.93,4.89,4.91
20141106,4.86,4.88,4.8,4.82
20141107,4.8,4.82,4.78,4.82
20141110,4.82,4.85,4.81,4.83
20141111,4.84,4.84,4.81,4.84
20141112,4.78,4.79,4.75,4.76
20141113,4.76,4.81,4.76,4.79
20141114,4.77,4.8,4.77,4.78
20141117,4.78,4.84,4.78,4.8
20141118,4.85,4.88,4.83,4.83
20141119,4.89,4.92,4.87,4.9
20141120,4.87,4.9,4.84,4.86
20141121,4.91,4.92,4.86,4.87
20141124,4.92,4.94,4.92,4.94
20141125,4.95,5.0,4.95,4.95
20141126,4.99,5.01,4.97,4.99
20141127,4.99,4.99,4.99,4.99
20141128,5.01,5.03,4.99,4.99
20141201,4.97,4.99,4.95,4.98
20141202,5.01,5.03,4.98,4.99
20141204,4.96,5.0,4.94,4.98
20141205,5.01,5.04,5.0,5.01
20141208,5.02,5.04,4.96,4.97
20141209,4.93,4.93,4.88,4.92
20141210,4.93,4.93,4.85,4.85
20141211,4.87,4.91,4.82,4.83
20141212,4.84,4.86,4.68,4.68
20141215,4.72,4.74,4.59,4.62
20141216,4.68,4.84,4.66,4.74
20141217,4.77,4.79,4.65,4.71
20141218,4.68,4.74,4.67,4.73
20141219,4.73,4.77,4.69,4.74
20141222,4.78,4.78,4.74,4.75
20141223,4.73,4.76,4.72,4.72
20141224,4.74,4.77,4.73,4.73
20141225,4.73,4.73,4.73,4.73
20141226,4.73,4.77,4.73,4.74
20141229,4.68,4.73,4.68,4.69
20141230,4.7,4.7,4.65,4.67
20141231,4.69,4.7,4.63,4.64
20150101,4.64,4.64,4.64,4.64
20150102,4.69,4.7,4.63,4.65
20150105,4.56,4.57,4.49,4.52
20150106,4.45,4.47,4.35,4.38
20150107,4.41,4.42,4.36,4.39
20150108,4.41,4.47,4.41,4.44
20150109,4.43,4.45,4.4,4.43
20150112,4.42,4.45,4.4,4.41
20150113,4.46,4.48,4.37,4.41
20150114,4.41,4.43,4.37,4.42
20150115,4.44,4.48,4.42,4.44
20150116,4.46,4.51,4.46,4.51
20150119,4.51,4.51,4.51,4.51
20150120,4.58,4.61,4.55,4.6
20150121,4.51,4.55,4.49,4.54
20150122,4.54,4.58,4.51,4.57
20150123,4.51,4.53,4.49,4.49
20150126,4.53,4.61,4.51,4.58
20150127,4.54,4.58,4.53,4.55
20150128,4.53,4.54,4.44,4.44
20150129,4.48,4.51,4.46,4.51
20150130,4.46,4.47,4.39,4.39
20150202,4.37,4.43,4.37,4.42
20150203,4.48,4.6,4.47,4.57
20150204,4.5,4.54,4.48,4.48
20150205,4.56,4.62,4.55,4.61
20150206,4.6,4.63,4.56,4.58
20150209,4.53,4.56,4.52,4.53
20150210,4.55,4.57,4.52,4.55
20150211,4.51,4.53,4.49,4.53
20150212,4.57,4.58,4.54,4.56
20150213,4.61,4.66,4.6,4.6
20150216,4.6,4.6,4.6,4.6
20150217,4.7,4.74,4.67,4.73
20150218,4.76,4.78,4.74,4.74
20150219,4.74,4.76,4.71,4.73
20150220,4.76,4.83,4.73,4.83
20150223,4.85,4.91,4.84,4.91
20150224,4.87,4.92,4.86,4.89
20150225,4.9,4.92,4.87,4.89
20150226,4.88,4.88,4.82,4.84
20150227,4.89,4.91,4.84,4.84
20150302,4.9,4.96,4.89,4.95
20150303,4.91,4.92,4.89,4.92
20150304,4.88,4.9,4.84,4.88
20150305,4.9,4.96,4.89,4.96
20150306,4.9,4.93,4.88,4.88
20150309,4.88,4.91,4.84,4.88
20150310,4.8,4.82,4.73,4.74
20150311,4.73,4.74,4.66,4.68
20150312,4.75,4.78,4.71,4.74
20150313,4.71,4.73,4.65,4.72
20150316,4.72,4.78,4.71,4.75
20150317,4.7,4.75,4.7,4.75
20150318,4.68,4.8,4.67,4.78
20150319,4.76,4.77,4.69,4.71
20150320,4.8,4.85,4.78,4.85
20150323,4.84,4.89,4.82,4.89
20150324,4.85,4.87,4.83,4.86
20150325,4.85,4.86,4.8,4.81
20150326,4.79,4.8,4.75,4.79
20150327,4.74,4.76,4.73,4.74
20150330,4.72,4.76,4.71,4.74
20150331,4.67,4.72,4.67,4.67
20150401,4.76,4.78,4.72,4.73
20150402,4.72,4.74,4.71,4.73
20150403,4.73,4.73,4.73,4.73
20150406,4.71,4.8,4.71,4.79
20150407,4.79,4.82,4.78,4.78
20150408,4.82,4.83,4.77,4.78
20150409,4.74,4.75,4.71,4.74
20150410,4.67,4.69,4.65,4.67
20150413,4.67,4.7,4.65,4.65
20150414,4.73,4.78,4.73,4.76
20150415,4.79,4.83,4.76,4.81
20150416,4.8,4.85,4.79,4.84
20150417,4.77,4.78,4.73,4.77
20150420,4.72,4.76,4.7,4.76
20150421,4.76,4.8,4.74,4.78
20150422,4.75,4.77,4.72,4.75
20150423,4.74,4.84,4.73,4.81
20150424,4.83,4.88,4.81,4.88
20150427,4.81,4.84,4.8,4.8
20150428,4.79,4.85,4.76,4.85
20150429,4.83,4.87,4.8,4.82
20150430,4.76,4.81,4.75,4.77
20150504,5.08,5.13,5.08,5.12
20150505,5.09,5.11,5.05,5.11
20150506,5.11,5.12,5.07,5.08
20150507,5.06,5.08,5.02,5.06
20150508,5.43,5.44,5.36,5.41
20150511,5.42,5.46,5.42,5.42
20150512,5.48,5.5,5.47,5.5
20150513,5.55,5.62,5.55,5.61
20150514,5.63,5.65,5.6,5.64
20150515,5.62,5.65,5.6,5.63
20150518,5.55,5.57,5.53,5.53
20150519,5.49,5.51,5.47,5.47
20150520,5.47,5.5,5.46,5.49
20150521,5.52,5.55,5.51,5.53
20150522,5.51,5.51,5.47,5.48
20150525,5.48,5.48,5.48,5.48
20150526,5.41,5.42,5.36,5.39
20150527,5.38,5.42,5.37,5.4
20150528,5.38,5.41,5.36,5.41
20150529,5.42,5.45,5.37,5.42
20150601,5.44,5.46,5.4,5.44
20150602,5.46,5.5,5.46,5.48
20150603,5.47,5.52,5.46,5.49
20150604,5.44,5.45,5.38,5.4
20150605,5.33,5.37,5.31,5.37
20150608,5.36,5.36,5.31,5.33
20150609,5.33,5.38,5.3,5.37
20150610,5.39,5.48,5.38,5.45
20150611,5.45,5.48,5.4,5.47
20150612,5.42,5.49,5.4,5.45
20150615,5.4,5.45,5.38,5.44
20150616,5.4,5.44,5.39,5.42
20150617,5.48,5.5,5.44,5.48
20150618,5.48,5.51,5.48,5.5
20150619,5.52,5.55,5.5,5.51
20150622,5.55,5.56,5.52,5.53
20150623,5.52,5.54,5.5,5.52
20150624,5.53,5.54,5.49,5.51
20150625,5.56,5.57,5.53,5.55
20150626,5.53,5.55,5.5,5.52
20150629,5.45,5.48,5.37,5.38
20150630,5.45,5.47,5.37,5.43
20150701,5.45,5.49,5.42,5.46
20150702,5.43,5.43,5.4,5.41
20150703,5.41,5.41,5.41,5.41
20150706,5.28,5.3,5.26,5.3
20150707,5.28,5.31,5.2,5.29
20150708,5.14,5.14,5.05,5.06
20150709,5.18,5.2,5.15,5.16
20150710,5.27,5.28,5.24,5.28
20150713,5.33,5.35,5.3,5.32
20150714,5.35,5.4,5.34,5.39
20150715,5.37,5.4,5.36,5.38
20150716,5.4,5.45,5.4,5.45
20150717,5.46,5.51,5.46,5.5
20150720,5.49,5.54,5.47,5.53
20150721,5.52,5.52,5.46,5.47
20150722,5.46,5.5,5.45,5.49
20150723,5.45,5.46,5.34,5.36
20150724,5.35,5.37,5.29,5.3
20150727,5.32,5.35,5.31,5.33
20150728,5.36,5.38,5.35,5.38
20150729,5.4,5.42,5.39,5.4
20150730,5.43,5.43,5.39,5.41
20150731,5.29,5.3,5.24,5.26
20150803,5.27,5.28,5.19,5.23
20150804,5.2,5.2,5.16,5.18
20150805,5.21,5.24,5.17,5.2
20150806,5.21,5.27,5.2,5.25
20150807,5.14,5.15,5.1,5.14
20150810,5.06,5.15,5.06,5.13
20150811,5.11,5.12,5.08,5.1
20150812,5.01,5.05,4.97,5.04
20150813,5.01,5.04,4.98,5.02
20150814,5.04,5.08,5.04,5.08
20150817,5.04,5.05,5.02,5.03
20150818,5.08,5.09,5.05,5.06
20150819,5.02,5.03,4.96,5.0
20150820,4.97,4.98,4.92,4.96
20150821,4.86,4.88,4.76,4.76
20150824,4.65,4.75,4.58,4.64
20150826,4.84,4.85,4.72,4.84
20150827,4.84,4.88,4.81,4.86
20150828,4.79,4.82,4.77,4.82
20150831,4.8,4.83,4.77,4.78
20150901,4.68,4.69,4.61,4.64
20150902,4.73,4.74,4.66,4.73
20150903,4.73,4.76,4.71,4.72
20150904,4.64,4.66,4.62,4.64
20150907,4.64,4.64,4.64,4.64
20150908,4.74,4.75,4.7,4.75
20150909,4.79,4.8,4.73,4.73
20150910,4.72,4.78,4.72,4.76
20150911,4.71,4.74,4.7,4.74
20150914,4.65,4.68,4.61,4.68
20150915,4.68,4.72,4.67,4.72
20150916,4.72,4.76,4.71,4.76
20150917,4.66,4.74,4.64,4.67
20150918,4.58,4.61,4.56,4.58
20150921,4.63,4.66,4.61,4.63
20150922,4.54,4.55,4.47,4.5
20150923,4.53,4.54,4.46,4.47
20150924,4.55,4.6,4.54,4.58
20150925,4.62,4.65,4.58,4.6
20150928,4.57,4.57,4.49,4.52
20150929,4.5,4.51,4.47,4.5
20150930,4.59,4.6,4.55,4.6
20151001,4.63,4.65,4.57,4.61
20151002,4.69,4.76,4.66,4.76
20151005,4.74,4.78,4.72,4.77
20151006,4.71,4.77,4.7,4.77
20151007,4.77,4.79,4.73,4.78
20151008,4.7,4.79,4.67,4.77
20151009,4.79,4.8,4.77,4.8
20151012,4.73,4.73,4.7,4.72
20151013,4.6,4.63,4.58,4.59
20151014,4.6,4.65,4.6,4.61
20151015,4.63,4.73,4.63,4.71
20151016,4.7,4.75,4.68,4.74
20151019,4.72,4.77,4.71,4.76
20151020,4.73,4.75,4.71,4.73
20151021,4.75,4.78,4.73,4.75
20151022,4.74,4.81,4.74,4.81
20151023,4.81,4.85,4.81,4.83
20151026,4.82,4.83,4.8,4.83
20151027,4.8,4.8,4.76,4.78
20151028,4.58,4.61,4.56,4.58
20151029,4.56,4.6,4.56,4.58
20151030,4.58,4.61,4.54,4.58
20151102,4.66,4.7,4.66,4.69
20151103,4.61,4.69,4.6,4.68
20151104,4.66,4.67,4.56,4.63
20151105,4.52,4.53,4.46,4.47
20151106,4.48,4.52,4.47,4.49
20151109,4.49,4.5,4.45,4.47
20151110,4.47,4.47,4.42,4.44
20151111,4.51,4.52,4.47,4.5
20151112,4.45,4.47,4.42,4.42
20151113,4.47,4.47,4.41,4.42
20151116,4.45,4.53,4.43,4.52
20151117,4.52,4.55,4.5,4.53
20151118,4.53,4.57,4.52,4.56
20151119,4.56,4.56,4.51,4.54
20151120,4.45,4.46,4.4,4.4
20151123,4.39,4.41,4.34,4.36
20151124,4.35,4.37,4.34,4.37
20151125,4.39,4.42,4.38,4.41
20151126,4.41,4.41,4.41,4.41
20151127,4.46,4.47,4.44,4.45
20151130,4.4,4.44,4.4,4.43
20151201,4.55,4.58,4.54,4.57
20151202,4.54,4.55,4.45,4.47
20151203,4.5,4.51,4.44,4.47
20151204,4.46,4.55,4.46,4.54
20151207,4.46,4.47,4.42,4.43
20151208,4.36,4.38,4.32,4.33
20151209,4.34,4.39,4.31,4.35
20151210,4.43,4.46,4.4,4.41
20151211,4.35,4.36,4.27,4.3
20151214,4.29,4.31,4.2,4.25
20151215,4.33,4.36,4.26,4.28
20151216,4.29,4.34,4.25,4.34
20151217,4.34,4.35,4.28,4.29
20151218,4.32,4.33,4.26,4.26
20151221,4.33,4.35,4.27,4.29
20151222,4.3,4.31,4.27,4.3
20151223,4.4,4.46,4.4,4.46
20151224,4.46,4.49,4.45,4.47
20151225,4.47,4.47,4.47,4.47
20151228,4.45,4.46,4.41,4.44
20151229,4.41,4.47,4.41,4.46
20151230,4.4,4.44,4.4,4.42
20151231,4.41,4.41,4.36,4.36
20160101,4.36,4.36,4.36,4.36
20160104,4.28,4.32,4.24,4.32
20160105,4.28,4.32,4.25,4.3
20160106,4.21,4.23,4.17,4.18
20160107,4.1,4.15,4.07,4.08
20160108,4.14,4.15,4.07,4.08
20160111,4.11,4.12,4.06,4.12
20160112,4.1,4.11,4.03,4.08
20160113,3.98,4.0,3.87,3.89
20160114,3.87,3.94,3.82,3.92
20160115,3.79,3.8,3.71,3.78
20160118,3.78,3.78,3.78,3.78
20160119,3.82,3.83,3.74,3.76
20160120,3.68,3.7,3.63,3.67
20160121,3.69,3.75,3.65,3.72
20160122,3.87,3.9,3.84,3.88
20160125,3.7,3.71,3.65,3.66
20160126,3.73,3.85,3.72,3.82
20160127,3.72,3.8,3.7,3.71
20160128,3.76,3.77,3.71,3.75
20160129,3.75,3.82,3.72,3.81
20160201,3.73,3.78,3.7,3.78
20160202,3.63,3.63,3.57,3.59
20160203,3.64,3.64,3.54,3.62
20160204,3.62,3.74,3.62,3.72
20160205,3.66,3.67,3.6,3.62
20160208,3.51,3.53,3.44,3.47
20160209,3.33,3.43,3.33,3.42
20160210,3.42,3.45,3.39,3.41
20160211,3.32,3.35,3.27,3.32
20160212,3.36,3.45,3.34,3.45
20160215,3.45,3.45,3.45,3.45
20160216,3.51,3.54,3.48,3.52
20160217,3.62,3.66,3.6,3.63
20160218,3.66,3.66,3.59,3.6
20160219,3.57,3.59,3.52,3.59
20160222,3.6,3.64,3.6,3.62
20160223,3.6,3.61,3.57,3.58
20160224,3.53,3.55,3.49,3.53
20160225,3.95,4.03,3.86,4.02
20160226,4.07,4.09,4.02,4.03
20160229,4.05,4.1,4.03,4.05
20160301,4.09,4.17,4.08,4.17
20160302,4.13,4.2,4.12,4.2
20160303,4.15,4.21,4.12,4.21
20160304,4.18,4.24,4.17,4.24
20160307,4.14,4.23,4.13,4.22
20160308,4.1,4.1,4.04,4.08
20160309,4.07,4.09,4.01,4.02
20160310,4.03,4.06,3.98,4.01
20160311,4.08,4.13,4.07,4.13
20160314,4.08,4.1,4.06,4.09
20160315,3.99,4.01,3.95,3.99
20160316,3.92,4.0,3.92,3.99
20160317,4.03,4.08,4.01,4.06
20160318,4.13,4.15,4.09,4.09
20160321,4.07,4.09,4.05,4.07
20160322,3.96,4.01,3.96,3.96
20160323,3.96,3.96,3.9,3.9
20160324,3.9,3.91,3.87,3.91
20160325,3.91,3.91,3.91,3.91
20160328,3.93,3.95,3.91,3.93
20160329,3.92,3.96,3.89,3.96
20160330,3.96,3.97,3.93,3.95
20160331,3.94,3.97,3.94,3.95
20160401,3.89,3.97,3.87,3.96
20160404,3.96,4.0,3.94,3.98
20160405,3.88,3.88,3.85,3.86
20160406,3.77,3.82,3.74,3.82
20160407,3.74,3.75,3.67,3.69
20160408,3.76,3.79,3.73,3.75
20160411,3.8,3.83,3.79,3.82
20160412,3.83,3.9,3.79,3.89
20160413,4.0,4.02,3.97,4.02
20160414,3.99,3.99,3.93,3.95
20160415,3.94,3.96,3.92,3.93
20160418,3.92,3.99,3.91,3.98
20160419,4.0,4.02,3.95,3.98
20160420,3.95,3.98,3.94,3.95
20160421,3.98,4.02,3.97,4.02
20160422,3.98,4.03,3.97,4.01
20160425,4.0,4.02,3.97,4.01
20160426,4.13,4.17,4.11,4.16
20160427,4.11,4.14,4.07,4.13
20160428,4.01,4.07,4.01,4.02
20160429,3.98,4.02,3.97,3.99
20160502,4.02,4.04,3.99,4.04
20160503,3.93,3.94,3.88,3.9
20160504,3.84,3.87,3.8,3.84
20160505,3.79,3.8,3.73,3.74
20160506,3.76,3.84,3.76,3.83
20160509,3.79,3.81,3.76,3.76
20160510,3.81,3.86,3.8,3.85
20160511,3.83,3.87,3.81,3.83
20160512,3.86,3.88,3.79,3.82
20160513,3.84,3.87,3.83,3.83
20160516,3.86,3.91,3.86,3.9
20160517,3.94,3.96,3.92,3.94
20160518,4.06,4.13,4.05,4.13
20160519,4.14,4.15,4.08,4.12
20160520,4.12,4.14,4.11,4.11
20160523,4.12,4.15,4.11,4.12
20160524,4.25,4.31,4.24,4.31
20160525,4.35,4.42,4.35,4.4
20160526,4.35,4.37,4.3,4.33
20160527,4.31,4.33,4.28,4.31
20160530,4.31,4.31,4.31,4.31
20160531,4.32,4.34,4.22,4.25
20160601,4.14,4.2,4.14,4.19
20160602,4.16,4.18,4.14,4.16
20160603,4.15,4.17,4.1,4.16
20160606,4.08,4.12,4.07,4.11
20160607,4.14,4.17,4.14,4.15
20160608,4.14,4.14,4.11,4.11
20160609,4.08,4.09,4.05,4.09
20160610,3.94,3.95,3.86,3.86
20160613,3.72,3.76,3.7,3.7
20160614,3.63,3.67,3.57,3.67
20160615,3.64,3.67,3.61,3.61
20160616,3.54,3.6,3.5,3.59
20160617,3.73,3.82,3.71,3.81
20160620,4.13,4.17,4.11,4.12
20160621,4.15,4.21,4.12,4.18
20160622,4.18,4.24,4.17,4.18
20160623,4.28,4.35,4.24,4.34
20160624,3.2,3.4,3.17,3.33
20160627,2.83,2.86,2.73,2.78
20160628,2.99,3.11,2.95,3.07
20160629,3.05,3.07,3.02,3.04
20160630,2.94,2.99,2.89,2.97
20160701,2.97,2.98,2.93,2.97
20160704,2.97,2.97,2.97,2.97
20160705,2.75,2.77,2.71,2.74
20160706,2.57,2.59,2.47,2.55
20160707,2.64,2.67,2.56,2.6
20160708,2.73,2.77,2.71,2.74
20160711,2.87,2.89,2.84,2.87
20160712,3.04,3.06,2.99,3.02
20160713,3.02,3.02,2.96,2.99
20160714,3.04,3.07,3.02,3.05
20160715,3.06,3.06,3.0,3.02
20160718,2.98,3.02,2.96,3.0
20160719,2.95,2.98,2.94,2.94
20160720,3.03,3.05,3.01,3.04
20160721,3.04,3.06,2.99,3.01
20160722,2.95,2.95,2.9,2.92
20160725,2.89,2.9,2.85,2.86
20160726,2.92,2.94,2.89,2.91
20160727,2.97,3.01,2.97,2.98
20160728,2.87,2.87,2.79,2.82
20160729,2.88,2.89,2.85,2.86
20160801,2.86,2.88,2.84,2.84
20160802,2.86,2.87,2.84,2.86
20160803,2.87,2.9,2.87,2.88
20160804,2.85,2.85,2.79,2.81
20160805,2.78,2.9,2.76,2.89
20160808,2.89,2.94,2.89,2.91
20160809,2.9,2.94,2.9,2.94
20160810,2.93,2.93,2.89,2.9
20160811,2.91,2.95,2.9,2.92
20160812,2.94,2.95,2.91,2.93
20160815,2.9,2.9,2.86,2.88
20160816,2.88,2.9,2.86,2.87
20160817,2.85,2.87,2.83,2.87
20160818,2.88,2.91,2.88,2.9
20160819,2.9,2.97,2.88,2.95
20160822,2.96,3.0,2.95,3.0
20160823,3.05,3.11,3.05,3.09
20160824,3.18,3.21,3.16,3.16
20160825,3.15,3.16,3.11,3.12
20160826,3.13,3.16,3.06,3.09
20160829,3.06,3.13,3.06,3.1
20160830,3.14,3.16,3.13,3.16
20160831,3.19,3.23,3.16,3.21
20160901,3.29,3.32,3.25,3.3
20160902,3.32,3.32,3.28,3.31
20160905,3.31,3.31,3.31,3.31
20160906,3.22,3.23,3.16,3.17
20160907,3.14,3.15,3.12,3.13
20160908,3.14,3.2,3.14,3.17
20160909,3.19,3.21,3.16,3.17
20160912,3.07,3.13,3.06,3.11
20160913,3.07,3.07,3.01,3.04
20160914,3.05,3.07,3.04,3.04
20160915,3.03,3.06,3.01,3.05
20160916,3.02,3.03,2.99,3.0
20160919,3.03,3.04,3.0,3.01
20160920,3.0,3.01,2.98,2.98
20160921,3.04,3.05,3.01,3.05
20160922,3.04,3.06,3.02,3.03
20160923,2.96,2.97,2.95,2.95
20160926,2.85,2.9,2.84,2.88
20160927,2.86,2.94,2.85,2.92
20160928,2.94,2.98,2.92,2.98
20160929,2.96,2.98,2.86,2.87
20160930,2.87,2.9,2.84,2.87
20161003,2.85,2.87,2.81,2.82
20161004,2.84,2.86,2.79,2.81
20161005,2.82,2.85,2.81,2.84
20161006,2.84,2.84,2.81,2.82
20161007,2.65,2.68,2.62,2.66
20161010,2.64,2.66,2.63,2.64
20161011,2.66,2.69,2.64,2.65
20161012,2.64,2.66,2.62,2.63
20161013,2.59,2.62,2.56,2.62
20161014,2.63,2.64,2.6,2.62
20161017,2.62,2.63,2.61,2.61
20161018,2.69,2.72,2.68,2.71
20161019,2.72,2.76,2.71,2.73
20161020,2.74,2.78,2.74,2.76
20161021,2.74,2.75,2.72,2.73
20161024,2.74,2.74,2.71,2.73
20161025,2.71,2.73,2.71,2.73
20161026,2.73,2.78,2.73,2.75
20161027,2.82,2.85,2.81,2.83
20161028,2.83,2.86,2.82,2.83
20161031,2.83,2.84,2.82,2.82
20161101,2.82,2.83,2.76,2.79
20161102,2.79,2.8,2.73,2.75
20161103,2.86,2.87,2.8,2.8
20161104,2.83,2.84,2.77,2.78
20161107,2.81,2.83,2.79,2.82
20161108,2.81,2.85,2.8,2.84
20161109,2.8,2.92,2.8,2.91
20161110,3.03,3.06,2.99,3.03
20161111,3.01,3.04,3.0,3.03
20161114,3.03,3.06,3.02,3.05
20161115,3.09,3.12,3.06,3.12
20161116,3.04,3.05,3.0,3.02
20161117,3.01,3.03,2.99,3.01
20161118,2.97,2.98,2.93,2.96
20161121,2.97,2.99,2.95,2.99
20161122,3.0,3.01,2.96,3.0
20161123,2.96,3.0,2.95,2.99
20161124,2.99,2.99,2.99,2.99
20161125,2.95,2.97,2.93,2.95
20161128,2.91,2.92,2.86,2.87
20161129,2.88,2.91,2.87,2.89
20161130,2.9,2.94,2.89,2.92
20161201,2.92,2.93,2.88,2.91
20161202,2.92,2.95,2.91,2.94
20161205,2.97,3.0,2.96,2.98
20161206,3.02,3.07,3.0,3.07
20161207,3.12,3.19,3.11,3.19
20161208,3.19,3.21,3.17,3.19
20161209,3.15,3.17,3.12,3.14
20161212,3.14,3.16,3.13,3.16
20161213,3.21,3.22,3.16,3.18
20161214,3.21,3.23,3.14,3.15
20161215,3.18,3.22,3.16,3.2
20161216,3.2,3.2,3.17,3.19
20161219,3.13,3.14,3.09,3.11
20161220,3.17,3.2,3.16,3.19
20161221,3.19,3.22,3.18,3.21
20161222,3.19,3.2,3.13,3.13
20161223,3.15,3.15,3.1,3.13
20161226,3.13,3.13,3.13,3.13
20161227,3.12,3.16,3.1,3.13
20161228,3.1,3.13,3.09,3.09
20161229,3.08,3.09,3.06,3.09
20161230,3.08,3.12,3.07,3.1
20170102,3.1,3.1,3.1,3.1
20170103,3.17,3.23,3.17,3.22
20170104,3.2,3.24,3.19,3.22
20170105,3.22,3.3,3.21,3.29
20170106,3.27,3.3,3.26,3.27
20170109,3.19,3.24,3.17,3.21
20170110,3.26,3.29,3.25,3.27
20170111,3.26,3.3,3.24,3.29
20170112,3.32,3.34,3.26,3.31
20170113,3.26,3.29,3.24,3.26
20170116,3.26,3.26,3.26,3.26
20170117,3.31,3.33,3.29,3.31
20170118,3.26,3.27,3.22,3.25
20170119,3.26,3.27,3.19,3.22
20170120,3.24,3.27,3.22,3.27
20170123,3.24,3.28,3.23,3.27
20170124,3.26,3.27,3.23,3.26
20170125,3.31,3.37,3.31,3.34
20170126,3.36,3.39,3.35,3.38
20170127,3.34,3.35,3.31,3.32
20170130,3.3,3.31,3.27,3.29
20170131,3.31,3.33,3.3,3.32
20170201,3.37,3.38,3.33,3.36
20170202,3.3,3.31,3.28,3.3
20170203,3.33,3.35,3.32,3.34
20170206,3.34,3.34,3.32,3.33
20170207,3.32,3.36,3.31,3.35
20170208,3.31,3.35,3.29,3.34
20170209,3.33,3.39,3.32,3.37
20170210,3.32,3.36,3.31,3.34
20170213,3.33,3.38,3.33,3.37
20170214,3.37,3.4,3.35,3.38
20170215,3.4,3.44,3.4,3.44
20170216,3.44,3.44,3.4,3.42
20170217,3.37,3.39,3.34,3.36
20170220,3.36,3.36,3.36,3.36
20170221,3.39,3.4,3.36,3.39
20170222,3.52,3.54,3.51,3.54
20170223,3.57,3.58,3.53,3.54
20170224,3.49,3.52,3.47,3.5
20170227,3.49,3.53,3.48,3.53
20170228,3.47,3.48,3.45,3.46
20170301,3.44,3.46,3.43,3.44
20170302,3.45,3.46,3.41,3.41
20170303,3.4,3.42,3.38,3.42
20170306,3.38,3.38,3.35,3.36
20170307,3.33,3.35,3.32,3.35
20170308,3.38,3.41,3.36,3.38
20170309,3.41,3.41,3.38,3.39
20170310,3.42,3.43,3.39,3.42
20170313,3.41,3.43,3.4,3.43
20170314,3.3,3.4,3.29,3.4
20170315,3.4,3.45,3.38,3.42
20170316,3.46,3.53,3.46,3.52
20170317,3.52,3.52,3.47,3.49
20170320,3.48,3.51,3.47,3.48
20170321,3.53,3.54,3.46,3.48
20170322,3.43,3.45,3.41,3.44
20170323,3.44,3.5,3.43,3.47
20170324,3.47,3.47,3.43,3.46
20170327,3.41,3.43,3.4,3.43
20170328,3.39,3.41,3.38,3.39
20170329,3.37,3.39,3.35,3.39
20170330,3.39,3.42,3.39,3.4
20170331,3.38,3.41,3.36,3.4
20170403,3.38,3.39,3.35,3.38
20170404,3.35,3.35,3.31,3.32
20170405,3.23,3.26,3.21,3.21
20170406,3.23,3.26,3.21,3.22
20170407,3.19,3.19,3.15,3.17
20170410,3.19,3.2,3.18,3.18
20170411,3.2,3.23,3.18,3.23
20170412,3.2,3.2,3.19,3.2
20170413,3.2,3.21,3.17,3.17
20170414,3.17,3.17,3.17,3.17
20170417,3.18,3.23,3.17,3.23
20170418,3.22,3.26,3.2,3.25
20170419,3.33,3.35,3.28,3.28
20170420,3.35,3.36,3.32,3.33
20170421,3.34,3.35,3.29,3.32
20170424,3.42,3.47,3.42,3.44
20170425,3.48,3.5,3.47,3.5
20170426,3.49,3.54,3.48,3.53
20170427,3.59,3.63,3.56,3.62
20170428,3.62,3.67,3.61,3.66
20170501,3.68,3.71,3.67,3.68
20170502,3.64,3.67,3.63,3.67
20170503,3.65,3.66,3.62,3.64
20170504,3.66,3.74,3.64,3.73
20170505,3.69,3.74,3.67,3.73
20170508,3.68,3.7,3.67,3.69
20170509,3.65,3.68,3.64,3.66
20170510,3.69,3.72,3.69,3.7
20170511,3.66,3.69,3.65,3.67
20170512,3.59,3.64,3.59,3.62
20170515,3.66,3.68,3.66,3.68
20170516,3.72,3.77,3.71,3.74
20170517,3.81,3.82,3.74,3.76
20170518,3.8,3.81,3.76,3.79
20170519,3.81,3.84,3.8,3.82
20170522,3.84,3.84,3.79,3.8
20170523,3.82,3.85,3.81,3.83
20170524,3.85,3.87,3.82,3.84
20170525,3.87,3.87,3.84,3.86
20170526,3.77,3.78,3.75,3.76
20170529,3.76,3.76,3.76,3.76
20170530,3.73,3.76,3.73,3.75
20170531,3.74,3.74,3.68,3.7
20170601,3.69,3.71,3.68,3.71
20170602,3.66,3.67,3.63,3.66
20170605,3.65,3.68,3.64,3.66
20170606,3.64,3.64,3.59,3.61
20170607,3.67,3.71,3.66,3.71
20170608,3.68,3.74,3.68,3.71
20170609,3.63,3.65,3.61,3.62
20170612,3.59,3.6,3.55,3.57
20170613,3.57,3.59,3.55,3.58
20170614,3.54,3.56,3.53,3.55
20170615,3.49,3.54,3.48,3.54
20170616,3.55,3.58,3.54,3.57
20170619,3.58,3.59,3.55,3.56
20170620,3.49,3.49,3.42,3.43
20170621,3.5,3.5,3.45,3.47
20170622,3.46,3.48,3.45,3.48
20170623,3.46,3.48,3.44,3.46
20170626,3.47,3.48,3.44,3.46
20170627,3.48,3.49,3.47,3.48
20170628,3.48,3.55,3.47,3.53
20170629,3.57,3.59,3.54,3.55
20170630,3.53,3.53,3.5,3.53
20170703,3.53,3.54,3.51,3.52
20170704,3.52,3.52,3.52,3.52
20170705,3.46,3.49,3.44,3.48
20170706,3.5,3.54,3.49,3.51
20170707,3.51,3.52,3.49,3.51
20170710,3.47,3.52,3.46,3.51
20170711,3.48,3.48,3.43,3.46
20170712,3.48,3.5,3.46,3.48
20170713,3.56,3.58,3.54,3.57
20170714,3.56,3.6,3.55,3.59
20170717,3.55,3.59,3.54,3.56
20170718,3.56,3.57,3.54,3.56
20170719,3.58,3.61,3.57,3.6
20170720,3.62,3.65,3.61,3.63
20170721,3.61,3.61,3.58,3.6
20170724,3.6,3.635,3.58,3.62
20170725,3.65,3.67,3.63,3.64
20170726,3.67,3.68,3.64,3.65
20170727,3.59,3.61,3.56,3.58
20170728,3.56,3.57,3.54,3.56
20170731,3.51,3.54,3.49,3.52
20170801,3.53,3.54,3.51,3.52
20170802,3.51,3.55,3.5,3.53
20170803,3.55,3.57,3.525,3.54
20170804,3.56,3.56,3.53,3.53
20170807,3.54,3.54,3.5,3.52
20170808,3.53,3.545,3.51,3.51
20170809,3.45,3.48,3.44,3.48
20170810,3.44,3.44,3.39,3.39
20170811,3.39,3.42,3.38,3.4
20170814,3.42,3.44,3.39,3.4
20170815,3.42,3.43,3.39,3.42
20170816,3.42,3.44,3.41,3.42
20170817,3.38,3.4,3.34,3.36
20170818,3.36,3.36,3.32,3.34
20170821,3.36,3.39,3.36,3.38
20170822,3.38,3.39,3.37,3.37
20170823,3.38,3.39,3.37,3.37
20170824,3.37,3.38,3.31,3.34
20170825,3.35,3.38,3.35,3.36
20170828,3.39,3.39,3.345,3.35
20170829,3.31,3.33,3.3,3.33
20170830,3.31,3.31,3.3,3.3
20170831,3.3,3.32,3.29,3.32
20170901,3.31,3.34,3.31,3.32
20170904,3.32,3.32,3.32,3.32
20170905,3.3,3.31,3.26,3.27
20170906,3.3,3.31,3.29,3.29
20170907,3.31,3.32,3.29,3.29
20170908,3.37,3.38,3.36,3.36
20170911,3.34,3.37,3.33,3.37
20170912,3.42,3.46,3.42,3.45
20170913,3.45,3.45,3.42,3.43
20170914,3.53,3.57,3.52,3.56
20170915,3.57,3.57,3.54,3.54
20170918,3.57,3.58,3.52,3.53
20170919,3.56,3.58,3.55,3.58
20170920,3.55,3.58,3.54,3.57
20170921,3.63,3.67,3.62,3.65
20170922,3.65,3.65,3.62,3.64
20170925,3.59,3.6,3.55,3.56
20170926,3.53,3.54,3.5,3.53
20170927,3.59,3.64,3.59,3.63
20170928,3.6,3.665,3.6,3.66
20170929,3.65,3.67,3.64,3.66
20171002,3.6,3.63,3.58,3.62
20171003,3.62,3.63,3.61,3.61
20171004,3.62,3.66,3.615,3.64
20171005,3.59,3.63,3.58,3.61
20171006,3.55,3.595,3.53,3.57
20171009,3.57,3.59,3.56,3.58
20171010,3.62,3.66,3.61,3.65
20171011,3.59,3.625,3.56,3.61
20171012,3.56,3.595,3.54,3.57
20171013,3.59,3.6,3.57,3.58
20171016,3.56,3.57,3.54,3.56
20171017,3.58,3.6,3.56,3.57
20171018,3.58,3.6,3.58,3.6
20171019,3.58,3.61,3.57,3.59
20171020,3.61,3.63,3.6,3.62
20171023,3.6,3.61,3.59,3.6
20171024,3.6,3.63,3.59,3.61
20171025,3.65,3.68,3.64,3.66
20171026,3.68,3.71,3.67,3.68
20171027,3.68,3.7,3.67,3.69
20171030,3.67,3.68,3.66,3.68
20171031,3.66,3.7,3.66,3.69
20171101,3.71,3.73,3.69,3.7
20171102,3.6,3.63,3.59,3.63
20171103,3.6,3.6,3.58,3.6
20171106,3.6,3.64,3.6,3.62
20171107,3.61,3.62,3.58,3.59
20171108,3.55,3.58,3.54,3.58
20171109,3.55,3.57,3.54,3.57
20171110,3.57,3.59,3.55,3.55
20171113,3.53,3.55,3.51,3.53
20171114,3.53,3.55,3.52,3.54
20171115,3.52,3.55,3.52,3.55
20171116,3.53,3.55,3.53,3.54
20171117,3.53,3.57,3.52,3.56
20171120,3.56,3.57,3.54,3.55
20171121,3.55,3.56,3.52,3.54
20171122,3.55,3.56,3.52,3.53
20171123,3.53,3.53,3.53,3.53
20171124,3.55,3.58,3.55,3.57
20171127,3.56,3.56,3.52,3.53
20171128,3.48,3.54,3.47,3.52
20171129,3.62,3.67,3.585,3.62
20171130,3.63,3.65,3.59,3.61
20171201,3.55,3.6,3.53,3.55
20171204,3.58,3.6,3.55,3.56
20171205,3.54,3.57,3.52,3.54
20171206,3.53,3.53,3.49,3.5
20171207,3.51,3.52,3.49,3.52
20171208,3.65,3.66,3.62,3.63
20171211,3.64,3.64,3.605,3.62
20171212,3.61,3.66,3.61,3.64
20171213,3.66,3.67,3.64,3.66
20171214,3.65,3.66,3.61,3.62
20171215,3.61,3.62,3.59,3.6
20171218,3.63,3.72,3.63,3.65
20171219,3.65,3.67,3.64,3.65
20171220,3.65,3.65,3.62,3.63
20171221,3.65,3.68,3.64,3.67
20171222,3.65,3.68,3.65,3.66
20171225,3.66,3.66,3.66,3.66
20171226,3.64,3.68,3.64,3.67
20171227,3.69,3.71,3.68,3.69
20171228,3.7,3.72,3.69,3.72
20171229,3.73,3.77,3.73,3.75
20180101,3.75,3.75,3.75,3.75
20180102,3.73,3.79,3.72,3.78
20180103,3.73,3.74,3.7,3.73
20180104,3.76,3.77,3.75,3.77
20180105,3.75,3.78,3.74,3.78
20180108,3.76,3.79,3.75,3.78
20180109,3.77,3.8,3.76,3.79
20180110,3.81,3.82,3.8,3.81
20180111,3.84,3.87,3.84,3.87
20180112,3.92,3.96,3.92,3.96
20180115,3.96,3.96,3.96,3.96
20180116,3.94,4.02,3.93,4.02
20180117,3.96,4.0,3.95,3.98
20180118,4.0,4.05,3.99,4.03
20180119,4.04,4.09,4.03,4.08
20180122,4.07,4.11,4.06,4.11
20180123,4.12,4.13,4.11,4.13
20180124,4.17,4.19,4.16,4.19
20180125,4.2,4.21,4.13,4.14
20180126,4.13,4.15,4.11,4.13
20180129,4.1,4.135,4.09,4.12
20180130,4.06,4.07,4.04,4.05
20180131,4.04,4.05,4.01,4.03
20180201,4.04,4.06,4.0,4.04
20180202,4.0,4.0,3.93,3.94
20180205,3.89,3.92,3.76,3.77
20180206,3.73,3.86,3.73,3.84
20180207,3.82,3.84,3.8,3.8
20180208,3.92,3.925,3.77,3.78
20180209,3.77,3.81,3.68,3.79
20180212,3.76,3.78,3.73,3.76
20180213,3.77,3.8,3.75,3.8
20180214,3.73,3.85,3.73,3.85
20180215,3.86,3.88,3.82,3.88
20180216,3.86,3.91,3.85,3.89
20180219,3.89,3.89,3.89,3.89
20180220,3.88,3.89,3.85,3.86
20180221,3.98,4.015,3.945,3.95
20180222,3.93,3.96,3.91,3.92
20180223,3.92,3.94,3.89,3.94
20180226,3.91,3.95,3.89,3.93
20180227,3.92,3.93,3.89,3.89
20180228,3.89,3.905,3.835,3.84
20180301,3.84,3.86,3.78,3.84
20180302,3.79,3.82,3.76,3.8
20180305,3.76,3.81,3.745,3.8
20180306,3.8,3.81,3.77,3.79
20180307,3.81,3.83,3.78,3.82
20180308,3.83,3.84,3.805,3.83
20180309,3.81,3.82,3.79,3.82
20180312,3.82,3.85,3.81,3.83
20180313,3.83,3.83,3.79,3.8
20180314,3.82,3.83,3.79,3.8
20180315,3.79,3.81,3.76,3.77
20180316,3.8,3.82,3.785,3.81
20180319,3.85,3.86,3.79,3.83
20180320,3.86,3.88,3.84,3.86
20180321,3.87,3.87,3.83,3.85
20180322,3.81,3.81,3.74,3.74
20180323,3.75,3.75,3.68,3.68
20180326,3.76,3.78,3.715,3.78
20180327,3.78,3.78,3.67,3.68
20180328,3.71,3.75,3.69,3.72
20180329,3.73,3.74,3.69,3.72
20180330,3.72,3.72,3.72,3.72
20180402,3.73,3.73,3.66,3.69
20180403,3.72,3.74,3.69,3.74
20180404,3.7,3.77,3.69,3.77
20180405,3.77,3.79,3.76,3.78
20180406,3.8,3.82,3.77,3.79
20180409,3.83,3.86,3.82,3.84
20180410,3.86,3.89,3.85,3.88
20180411,3.89,3.9,3.87,3.88
20180412,3.92,3.97,3.91,3.96
20180413,3.97,3.98,3.94,3.94
20180416,3.95,3.96,3.93,3.95
20180417,3.96,3.965,3.905,3.93
20180418,3.91,3.92,3.84,3.86
20180419,3.79,3.83,3.78,3.8
20180420,3.74,3.76,3.72,3.74
20180423,3.75,3.765,3.7,3.72
20180424,3.73,3.74,3.68,3.7
20180425,3.65,3.66,3.62,3.63
20180426,3.63,3.64,3.6,3.61
20180427,3.57,3.6,3.56,3.58
20180430,3.59,3.59,3.55,3.57
20180501,3.55,3.55,3.51,3.53
20180502,3.51,3.53,3.49,3.49
20180503,3.53,3.54,3.5,3.52
20180504,3.51,3.56,3.5,3.55
20180507,3.56,3.59,3.54,3.58
20180508,3.56,3.58,3.55,3.56
20180509,3.61,3.64,3.61,3.63
20180510,3.62,3.63,3.59,3.63
20180511,3.64,3.66,3.64,3.65
20180514,3.65,3.66,3.62,3.62
20180515,3.6,3.63,3.59,3.6
20180516,3.58,3.58,3.55,3.55
20180517,3.56,3.59,3.56,3.58
20180518,3.56,3.57,3.55,3.55
20180521,3.58,3.59,3.56,3.57
20180522,3.62,3.63,3.6,3.61
20180523,3.57,3.58,3.54,3.55
20180524,3.56,3.565,3.53,3.53
20180525,3.5,3.52,3.48,3.51
20180528,3.51,3.51,3.51,3.51
20180529,3.45,3.45,3.34,3.37
20180530,3.39,3.44,3.39,3.41
20180531,3.38,3.39,3.33,3.36
20180601,3.39,3.41,3.37,3.38
20180604,3.39,3.4,3.38,3.39
20180605,3.36,3.36,3.33,3.35
20180606,3.38,3.45,3.38,3.44
20180607,3.42,3.43,3.41,3.43
20180608,3.39,3.4,3.37,3.39
20180611,3.39,3.41,3.38,3.4
20180612,3.4,3.42,3.38,3.4
20180613,3.39,3.41,3.37,3.38
20180614,3.39,3.4,3.35,3.35
20180615,3.32,3.33,3.3,3.32
20180618,3.28,3.29,3.25,3.28
20180619,3.25,3.28,3.23,3.28
20180620,3.29,3.29,3.26,3.28
20180621,3.28,3.3,3.25,3.28
20180622,3.31,3.33,3.3,3.32
20180625,3.29,3.31,3.26,3.27
20180626,3.29,3.31,3.26,3.31
20180627,3.26,3.29,3.24,3.24
20180628,3.27,3.31,3.27,3.31
20180629,3.34,3.37,3.32,3.33
20180702,3.3,3.34,3.29,3.31
20180703,3.3,3.31,3.27,3.28
20180704,3.28,3.28,3.28,3.28
20180705,3.32,3.34,3.305,3.34
20180706,3.32,3.35,3.31,3.34
20180709,3.38,3.4,3.35,3.36
20180710,3.36,3.36,3.34,3.35
20180711,3.32,3.345,3.31,3.32
20180712,3.33,3.34,3.32,3.32
20180713,3.32,3.33,3.29,3.33
20180716,3.32,3.35,3.31,3.34
20180717,3.31,3.32,3.29,3.29
20180718,3.29,3.29,3.26,3.27
20180719,3.26,3.295,3.25,3.28
20180720,3.29,3.31,3.28,3.3
20180723,3.29,3.3,3.27,3.28
20180724,3.32,3.35,3.32,3.34
20180725,3.3,3.34,3.28,3.33
20180726,3.29,3.33,3.29,3.3
20180727,3.3,3.31,3.29,3.31
20180730,3.3,3.31,3.29,3.31
20180731,3.32,3.33,3.3,3.32
20180801,3.36,3.37,3.34,3.36
20180802,3.32,3.33,3.28,3.31
20180803,3.29,3.31,3.28,3.29
20180806,3.26,3.27,3.24,3.26
20180807,3.27,3.27,3.25,3.26
20180808,3.23,3.26,3.22,3.24
20180809,3.23,3.25,3.22,3.24
20180810,3.18,3.2,3.14,3.14
20180813,3.16,3.17,3.12,3.13
20180814,3.12,3.13,3.09,3.1
20180815,3.07,3.08,3.05,3.06
20180816,3.06,3.08,3.02,3.04
20180817,3.04,3.07,3.03,3.07
20180820,3.06,3.1,3.06,3.08
20180821,3.12,3.15,3.12,3.12
20180822,3.17,3.18,3.16,3.16
20180823,3.13,3.145,3.08,3.11
20180824,3.14,3.15,3.12,3.13
20180827,3.14,3.18,3.14,3.17
20180828,3.17,3.17,3.13,3.13
20180829,3.11,3.16,3.1,3.15
20180830,3.14,3.14,3.1,3.12
20180831,3.1,3.1,3.08,3.09
20180903,3.09,3.09,3.09,3.09
20180904,3.09,3.12,3.07,3.1
20180905,3.17,3.18,3.125,3.15
20180906,3.14,3.15,3.09,3.1
20180907,3.07,3.07,3.04,3.04
20180910,3.1,3.11,3.09,3.09
20180911,3.07,3.09,3.07,3.09
20180912,3.07,3.09,3.06,3.08
20180913,3.12,3.13,3.1,3.1
20180914,3.1,3.1,3.05,3.06
20180917,3.1,3.14,3.1,3.12
20180918,3.12,3.15,3.12,3.15
20180919,3.18,3.22,3.18,3.21
20180920,3.28,3.31,3.26,3.3
20180921,3.24,3.25,3.22,3.23
20180924,3.27,3.275,3.23,3.24
20180925,3.23,3.235,3.17,3.19
20180926,3.19,3.2,3.14,3.14
20180927,3.16,3.19,3.16,3.16
20180928,3.08,3.08,3.04,3.04
20181001,3.05,3.06,3.01,3.02
20181002,2.98,2.98,2.93,2.95
20181003,3.0,3.02,2.99,3.0
20181004,3.03,3.05,3.0,3.01
20181005,3.05,3.07,3.01,3.03
20181008,3.02,3.03,2.99,3.03
20181009,2.97,3.01,2.95,2.99
20181010,3.07,3.09,3.04,3.05
20181011,3.06,3.06,2.98,2.99
20181012,3.06,3.07,2.99,3.02
20181015,3.0,3.06,2.98,3.02
20181016,2.99,3.02,2.98,3.01
20181017,2.99,3.02,2.97,3.01
20181018,2.98,2.98,2.91,2.91
20181019,2.92,2.94,2.88,2.89
20181022,2.93,2.94,2.87,2.89
20181023,2.89,2.92,2.86,2.9
20181024,2.91,2.91,2.81,2.83
20181025,2.94,2.95,2.89,2.92
20181026,2.87,2.89,2.85,2.87
20181029,2.92,2.93,2.85,2.86
20181030,2.86,2.88,2.84,2.87
20181031,2.88,2.91,2.87,2.87
20181101,3.0,3.04,2.995,3.03
20181102,3.07,3.07,3.02,3.05
20181105,3.03,3.05,3.0,3.04
20181106,3.0,3.01,2.96,3.0
20181107,3.05,3.06,3.01,3.05
20181108,3.08,3.11,3.06,3.07
20181109,3.07,3.1,3.04,3.07
20181112,2.99,2.99,2.93,2.95
20181113,2.98,3.09,2.98,3.07
20181114,3.05,3.09,2.97,3.02
20181115,2.81,2.85,2.8,2.83
20181116,2.8,2.82,2.77,2.79
20181119,2.85,2.89,2.82,2.86
20181120,2.82,2.83,2.79,2.8
20181121,2.84,2.88,2.82,2.84
20181122,2.84,2.84,2.84,2.84
20181123,2.9,2.93,2.885,2.91
20181126,2.94,2.97,2.92,2.95
20181127,2.88,2.95,2.86,2.9
20181128,2.89,2.945,2.86,2.92
20181129,2.88,2.91,2.86,2.88
20181130,2.82,2.84,2.81,2.83
20181203,2.85,2.88,2.83,2.86
20181204,2.85,2.86,2.73,2.75
20181205,2.75,2.75,2.75,2.75
20181206,2.79,2.81,2.75,2.8
20181207,2.78,2.8,2.68,2.72
20181210,2.67,2.7,2.6,2.64
20181211,2.63,2.64,2.51,2.53
20181212,2.63,2.68,2.59,2.6
20181213,2.64,2.655,2.57,2.6
20181214,2.6,2.62,2.57,2.58
20181217,2.58,2.6,2.52,2.53
20181218,2.6,2.61,2.535,2.56
20181219,2.59,2.61,2.51,2.54
20181220,2.53,2.55,2.49,2.52
20181221,2.54,2.58,2.48,2.48
20181224,2.47,2.51,2.45,2.48
20181225,2.48,2.48,2.48,2.48
20181226,2.49,2.52,2.44,2.51
20181227,2.49,2.51,2.43,2.5
20181228,2.53,2.57,2.5,2.55
20181231,2.57,2.6,2.52,2.56
20190101,2.56,2.56,2.56,2.56
20190102,2.5,2.59,2.5,2.56
20190103,2.55,2.57,2.53,2.55
20190104,2.62,2.7,2.61,2.67
20190107,2.69,2.73,2.68,2.7
20190108,2.71,2.725,2.67,2.71
20190109,2.73,2.745,2.7,2.71
20190110,2.73,2.77,2.73,2.76
20190111,2.76,2.82,2.74,2.81
20190114,2.77,2.9,2.76,2.86
20190115,2.83,2.84,2.76,2.83
20190116,2.85,2.9,2.85,2.87
20190117,2.87,2.91,2.86,2.89
20190118,2.96,2.99,2.94,2.97
20190121,2.97,2.97,2.97,2.97
20190122,2.94,2.96,2.925,2.95
20190123,2.96,2.975,2.93,2.97
20190124,2.98,3.01,2.96,3.0
20190125,3.02,3.075,3.02,3.07
20190128,3.0,3.015,2.945,3.0
20190129,2.98,3.0,2.93,2.95
20190130,3.0,3.04,2.98,3.0
20190131,3.0,3.055,2.975,3.03
20190201,3.0,3.03,2.99,3.02
20190204,2.99,3.01,2.97,2.98
20190205,2.98,3.0,2.96,3.0
20190206,3.0,3.015,2.98,3.0
20190207,2.98,3.0,2.94,2.95
20190208,2.94,2.95,2.91,2.94
20190211,2.95,2.96,2.9,2.91
20190212,2.95,2.965,2.94,2.95
20190213,2.95,2.96,2.93,2.95
20190214,2.91,2.935,2.89,2.9
20190215,2.95,2.97,2.95,2.96
20190218,2.96,2.96,2.96,2.96
20190219,2.97,3.0,2.95,2.96
20190220,3.15,3.18,3.15,3.16
20190221,3.1,3.11,3.08,3.1
20190222,3.1,3.1,3.08,3.09
20190225,3.11,3.14,3.1,3.12
20190226,3.21,3.25,3.19,3.23
20190227,3.31,3.33,3.29,3.3
20190228,3.3,3.34,3.295,3.32
20190301,3.31,3.33,3.255,3.27
20190304,3.28,3.3,3.25,3.27
20190305,3.26,3.28,3.25,3.28
20190306,3.26,3.27,3.24,3.26
20190307,3.22,3.23,3.17,3.21
20190308,3.17,3.2,3.17,3.19
20190311,3.19,3.24,3.19,3.21
20190312,3.24,3.27,3.22,3.23
20190313,3.26,3.3,3.25,3.29
20190314,3.36,3.36,3.32,3.34
20190315,3.38,3.42,3.38,3.41
20190318,3.45,3.45,3.41,3.43
20190319,3.45,3.465,3.41,3.42
20190320,3.38,3.42,3.3601,3.38
20190321,3.26,3.29,3.25,3.27
20190322,3.25,3.26,3.22,3.22
20190325,3.24,3.26,3.2,3.22
20190326,3.22,3.24,3.21,3.24
20190327,3.26,3.3,3.24,3.29
20190328,3.25,3.255,3.2,3.22
20190329,3.22,3.22,3.15,3.21
20190401,3.26,3.3,3.25,3.28
20190402,3.28,3.34,3.27,3.32
20190403,3.39,3.41,3.37,3.38
20190404,3.26,3.27,3.22,3.23
20190405,3.21,3.23,3.2,3.21
20190408,3.22,3.25,3.22,3.25
20190409,3.24,3.26,3.23,3.24
20190410,3.25,3.29,3.24,3.28
20190411,3.3,3.3357,3.2929,3.32
20190412,3.36,3.39,3.35,3.38
20190415,3.38,3.42,3.37,3.41
20190416,3.41,3.43,3.4,3.4
20190417,3.43,3.46,3.42,3.46
20190418,3.39,3.41,3.37,3.38
20190419,3.38,3.38,3.38,3.38
20190422,3.4,3.4,3.36,3.37
20190423,3.36,3.39,3.34,3.37
20190424,3.33,3.35,3.3,3.32
20190425,3.25,3.28,3.24,3.26
20190426,3.23,3.26,3.21,3.24
20190429,3.25,3.29,3.25,3.28
20190430,3.26,3.26,3.23,3.25
20190501,3.29,3.31,3.23,3.25
20190502,3.23,3.26,3.22,3.24
20190503,3.24,3.29,3.23,3.28
20190506,3.21,3.255,3.19,3.23
20190507,3.2,3.21,3.18,3.2
20190508,3.18,3.2,3.16,3.19
20190509,3.15,3.175,3.13,3.16
20190510,3.16,3.19,3.14,3.18
20190513,3.11,3.12,3.06,3.08
20190514,3.1,3.13,3.09,3.11
20190515,3.08,3.12,3.07,3.11
20190516,3.11,3.13,3.1,3.1
20190517,3.06,3.08,3.04,3.05
20190520,3.01,3.02,2.99,3.0
20190521,3.05,3.08,3.04,3.04
20190522,2.99,3.01,2.97,2.97
20190523,2.9,2.93,2.89,2.91
20190524,2.95,2.97,2.93,2.96
20190527,2.96,2.96,2.96,2.96
20190528,2.91,2.92,2.88,2.88
20190529,2.88,2.9,2.86,2.9
20190530,2.9,2.91,2.82,2.84
20190531,2.85,2.87,2.83,2.84
20190603,2.82,2.86,2.82,2.84
20190604,2.9,2.91,2.88,2.91
20190605,2.87,2.91,2.86,2.9
20190606,2.89,2.9,2.85,2.89
20190607,2.9,2.92,2.88,2.9
20190610,2.91,2.93,2.9,2.9
20190611,2.92,2.93,2.905,2.91
20190612,2.92,2.93,2.87,2.88
20190613,2.89,2.91,2.89,2.89
20190614,2.88,2.88,2.84,2.86
20190617,2.86,2.88,2.85,2.85
20190618,2.85,2.89,2.85,2.87
20190619,2.92,2.95,2.92,2.93
20190620,2.93,2.94,2.91,2.93
20190621,2.91,2.96,2.89,2.92
20190624,2.88,2.9,2.86,2.87
20190625,2.86,2.86,2.83,2.83
20190626,2.84,2.85,2.84,2.84
20190627,2.85,2.885,2.84,2.88
20190628,2.85,2.865,2.84,2.84
20190701,2.87,2.88,2.86,2.88
20190702,2.88,2.88,2.8699,2.88
20190703,2.9,2.91,2.89,2.89
20190704,2.89,2.89,2.89,2.89
20190705,2.9,2.91,2.86,2.89
20190708,2.86,2.89,2.84,2.86
20190709,2.85,2.87,2.84,2.85
20190710,2.9,2.91,2.86,2.87
20190711,2.89,2.89,2.86,2.88
20190712,2.87,2.88,2.86,2.87
20190715,2.87,2.88,2.84,2.86
20190716,2.84,2.87,2.83,2.83
20190717,2.84,2.85,2.83,2.83
20190718,2.84,2.855,2.83,2.84
20190719,2.82,2.83,2.8,2.8
20190722,2.81,2.8119,2.79,2.81
20190723,2.81,2.82,2.79,2.8
20190724,2.81,2.84,2.81,2.82
20190725,2.82,2.83,2.79,2.79
20190726,2.77,2.77,2.74,2.74
20190729,2.73,2.75,2.71,2.71
20190730,2.67,2.67,2.64,2.65
20190731,2.57,2.6,2.55,2.57
20190801,2.53,2.55,2.49,2.5
20190802,2.49,2.49,2.45,2.45
20190805,2.42,2.42,2.38,2.41
20190806,2.45,2.45,2.4,2.44
20190807,2.41,2.42,2.39,2.42
20190808,2.43,2.45,2.41,2.43
20190809,2.35,2.4,2.34,2.37
20190812,2.34,2.34,2.3,2.31
20190813,2.31,2.35,2.31,2.32
20190814,2.33,2.34,2.3,2.33
20190815,2.34,2.35,2.3,2.31
20190816,2.35,2.38,2.35,2.37
20190819,2.38,2.4,2.37,2.39
20190820,2.37,2.4,2.36,2.36
20190821,2.38,2.385,2.34,2.34
20190822,2.39,2.4,2.38,2.39
20190823,2.4,2.43,2.37,2.38
20190826,2.39,2.41,2.35,2.39
20190827,2.41,2.42,2.38,2.4
20190828,2.37,2.38,2.36,2.36
20190829,2.38,2.39,2.37,2.38
20190830,2.39,2.41,2.37,2.39
20190902,2.39,2.39,2.39,2.39
20190903,2.35,2.37,2.33,2.37
20190904,2.39,2.41,2.37,2.4
20190905,2.44,2.46,2.41,2.44
20190906,2.43,2.44,2.42,2.44
20190909,2.43,2.46,2.41,2.45
20190910,2.54,2.59,2.53,2.59
20190911,2.59,2.59,2.54,2.58
20190912,2.51,2.59,2.49,2.55
20190913,2.66,2.7,2.65,2.68
20190916,2.66,2.68,2.65,2.67
20190917,2.62,2.64,2.61,2.64
20190918,2.61,2.635,2.6,2.62
20190919,2.66,2.69,2.66,2.66
20190920,2.73,2.74,2.69,2.7
20190923,2.65,2.68,2.6398,2.67
20190924,2.65,2.66,2.62,2.63
20190925,2.6,2.62,2.57,2.61
20190926,2.61,2.63,2.59,2.62
20190927,2.65,2.6667,2.63,2.66
20190930,2.66,2.66,2.62,2.64
20191001,2.61,2.61,2.56,2.58
20191002,2.53,2.53,2.49,2.5
20191003,2.52,2.54,2.49,2.52
20191004,2.51,2.55,2.5,2.55
20191007,2.53,2.53,2.5,2.5
20191008,2.47,2.48,2.44,2.46
20191009,2.45,2.45,2.43,2.44
20191010,2.47,2.61,2.455,2.61
20191011,2.94,2.98,2.9002,2.93
20191014,2.83,2.9,2.825,2.89
20191015,2.94,3.13,2.9365,3.07
20191016,3.09,3.11,3.07,3.08
20191017,3.13,3.1621,3.055,3.07
20191018,3.07,3.1,3.05,3.08
20191021,3.15,3.16,3.12,3.13
20191022,3.1,3.115,2.985,3.04
20191023,3.07,3.08,3.05,3.05
20191024,3.07,3.07,3.0,3.05
20191025,3.0,3.08,2.99,3.05
20191028,2.99,3.01,2.98,3.0
20191029,2.96,2.995,2.95,2.96
20191030,2.92,2.97,2.91,2.95
20191031,2.92,2.925,2.88,2.9
20191101,2.93,2.94,2.91,2.92
20191104,2.97,2.99,2.9422,2.96
20191105,2.97,2.97,2.95,2.96
20191106,2.9,2.94,2.9,2.92
20191107,2.91,2.92,2.89,2.9
20191108,2.85,2.88,2.84,2.84
20191111,2.97,3.01,2.95,2.97
20191112,3.0,3.03,2.99,3.01
20191113,2.99,3.03,2.99,3.02
20191114,3.0,3.005,2.975,2.99
20191115,3.02,3.04,3.0,3.01
20191118,3.03,3.06,3.03,3.06
20191119,3.07,3.0806,3.03,3.06
20191120,3.0,3.035,2.99,3.0
20191121,3.0,3.01,2.98,3.0
20191122,3.02,3.06,3.0142,3.05
20191125,3.09,3.12,3.065,3.09
20191126,3.1,3.13,3.09,3.12
20191127,3.13,3.15,3.105,3.13
20191128,3.13,3.13,3.13,3.13
20191129,3.13,3.13,3.1,3.1
20191202,3.09,3.09,3.05,3.06
20191203,3.03,3.05,3.02,3.04
20191204,3.1,3.15,3.1,3.14
20191205,3.16,3.17,3.12,3.13
20191206,3.17,3.19,3.17,3.18
20191209,3.25,3.26,3.22,3.22
20191210,3.19,3.22,3.19,3.19
20191211,3.16,3.17,3.14,3.14
20191212,3.17,3.2,3.11,3.2
20191213,3.44,3.47,3.39,3.42
20191216,3.54,3.58,3.52,3.57
20191217,3.3,3.32,3.27,3.31
20191218,3.27,3.29,3.24,3.27
20191219,3.31,3.31,3.26,3.29
20191220,3.25,3.25,3.19,3.21
20191223,3.2,3.21,3.17,3.21
20191224,3.23,3.29,3.23,3.28
20191225,3.28,3.28,3.28,3.28
20191226,3.26,3.31,3.26,3.3
20191227,3.3,3.31,3.28,3.29
20191230,3.28,3.31,3.28,3.3
20191231,3.26,3.32,3.26,3.31
20200101,3.31,3.31,3.31,3.31
20200102,3.32,3.36,3.31,3.34
20200103,3.26,3.3,3.25,3.3
20200106,3.28,3.33,3.27,3.33
20200107,3.31,3.32,3.28,3.3
20200108,3.27,3.3,3.25,3.29
20200109,3.23,3.23,3.2,3.23
20200110,3.14,3.15,3.115,3.13
20200113,3.06,3.07,3.03,3.06
20200114,3.05,3.06,3.03,3.03
20200115,3.01,3.02,2.98,3.0
20200116,2.99,3.045,2.97,3.03
20200117,3.03,3.06,3.02,3.03
20200120,3.03,3.03,3.03,3.03
20200121,3.03,3.04,3.02,3.04
20200122,3.04,3.05,3.02,3.03
20200123,3.02,3.03,2.99,3.01
20200124,3.07,3.075,3.0,3.0
20200127,2.95,2.97,2.93,2.95
20200128,2.97,2.99,2.96,2.98
20200129,2.97,2.98,2.96,2.96
20200130,2.98,3.04,2.97,3.03
20200131,2.96,2.975,2.94,2.96
20200203,2.92,2.94,2.91,2.92
20200204,2.96,3.0,2.96,2.98
20200205,2.98,2.98,2.94,2.97
20200206,2.96,2.96,2.92,2.93
20200207,2.91,2.94,2.9,2.91
20200210,2.92,2.94,2.91,2.93
20200211,2.91,2.94,2.9,2.91
20200212,2.96,2.98,2.95,2.97
20200213,2.98,3.02,2.98,3.01
20200214,2.97,2.97,2.91,2.92
20200217,2.92,2.92,2.92,2.92
20200218,2.92,2.92,2.89,2.9
20200219,2.88,2.885,2.86,2.87
20200220,2.93,2.94,2.85,2.88
20200221,2.86,2.86,2.82,2.83
20200224,2.68,2.735,2.67,2.69
20200225,2.71,2.71,2.62,2.64
20200226,2.65,2.66,2.59,2.62
20200227,2.56,2.6,2.51,2.51
20200228,2.5,2.57,2.47,2.55
20200302,2.52,2.55,2.47,2.54
20200303,2.55,2.5565,2.38,2.38
20200304,2.47,2.48,2.4,2.47
20200305,2.37,2.4,2.33,2.34
20200306,2.34,2.39,2.28,2.3
20200309,2.12,2.18,2.05,2.06
20200310,2.24,2.26,2.13,2.18
20200311,2.18,2.2,2.05,2.08
20200312,1.9,1.946,1.75,1.83
20200313,1.92,1.94,1.81,1.93
20200316,1.56,1.72,1.56,1.63
20200317,1.6,1.67,1.55,1.62
20200318,1.52,1.5762,1.45,1.49
20200319,1.41,1.54,1.39,1.47
20200320,1.47,1.49,1.385,1.39
20200323,1.4,1.44,1.33,1.34
20200324,1.49,1.54,1.445,1.52
20200325,1.63,1.72,1.55,1.67
20200326,1.71,1.8,1.7,1.78
20200327,1.66,1.71,1.6,1.67
20200330,1.62,1.63,1.58,1.62
20200331,1.57,1.58,1.48,1.51
20200401,1.43,1.45,1.29,1.31
20200402,1.34,1.4196,1.34,1.37
20200403,1.34,1.34,1.28,1.29
20200406,1.39,1.435,1.38,1.42
20200407,1.53,1.54,1.45,1.45
20200408,1.52,1.54,1.48,1.51
20200409,1.61,1.64,1.58,1.6
20200413,1.62,1.63,1.53,1.57
20200414,1.6,1.6,1.54,1.57
20200415,1.48,1.48,1.43,1.43
20200416,1.43,1.44,1.4,1.41
20200417,1.46,1.49,1.44,1.48
20200420,1.44,1.4685,1.41,1.42
20200421,1.4,1.42,1.37,1.39
20200422,1.4,1.43,1.4,1.41
20200423,1.41,1.46,1.41,1.44
20200424,1.43,1.45,1.41,1.44
20200427,1.44,1.48,1.44,1.47
20200428,1.59,1.62,1.56,1.6
20200429,1.66,1.7,1.63,1.7
20200430,1.55,1.6,1.53,1.57
20200501,1.51,1.54,1.49,1.52
20200504,1.48,1.505,1.45,1.5
20200505,1.49,1.5,1.45,1.45
20200506,1.45,1.46,1.43,1.44
20200507,1.47,1.495,1.46,1.46
20200508,1.49,1.525,1.49,1.51
20200511,1.46,1.46,1.44,1.46
20200512,1.45,1.46,1.4,1.4
20200513,1.4,1.4,1.35,1.36
20200514,1.31,1.37,1.27,1.36
20200515,1.35,1.36,1.32,1.33
20200518,1.36,1.43,1.35,1.42
20200519,1.42,1.42,1.37,1.37
20200520,1.4,1.43,1.4,1.41
20200521,1.37,1.39,1.34,1.35
20200522,1.35,1.35,1.31,1.35
20200526,1.44,1.45,1.42,1.45
20200527,1.53,1.53,1.49,1.52
20200528,1.51,1.52,1.48,1.49
20200529,1.45,1.4679,1.41,1.41
20200601,1.45,1.5,1.45,1.5
20200602,1.57,1.58,1.54,1.55
20200603,1.61,1.67,1.61,1.65
20200604,1.64,1.68,1.615,1.66
20200605,1.77,1.78,1.74,1.75
20200608,1.85,1.88,1.81,1.85
20200609,1.74,1.78,1.72,1.76
20200610,1.77,1.77,1.72,1.72
