20120102,6.15,6.15,6.15,6.15
20120103,6.2,6.43,5.89,6.0
20120104,6.02,6.19,5.95,6.07
20120105,5.96,6.04,5.93,6.0
20120106,6.0,6.06,5.81,5.96
20120109,5.92,6.05,5.88,5.97
20120110,6.13,6.2,6.0,6.16
20120111,6.08,6.16,6.0,6.16
20120112,6.09,6.55,5.98,6.1
20120113,5.94,6.12,5.75,5.9
20120116,5.9,5.9,5.9,5.9
20120117,6.0,6.1,5.95,6.02
20120118,6.02,6.1,5.98,6.05
20120119,6.0,6.12,5.8,5.83
20120120,5.82,6.7,5.82,6.52
20120123,6.67,6.98,6.6,6.85
20120124,6.85,6.85,6.53,6.58
20120125,6.44,6.62,6.23,6.5
20120126,6.5,6.71,6.5,6.61
20120127,6.65,6.68,6.38,6.53
20120130,6.6,6.76,6.48,6.52
20120131,6.55,6.59,6.33,6.42
20120201,6.45,6.45,6.18,6.34
20120202,6.44,6.75,6.37,6.61
20120203,6.74,7.03,6.74,6.91
20120206,6.91,7.05,6.77,6.92
20120207,6.87,6.94,6.47,6.49
20120208,6.61,6.74,6.4,6.56
20120209,6.61,6.94,6.61,6.8
20120210,6.6,6.6,6.42,6.54
20120213,6.61,6.83,6.6,6.7
20120214,6.75,6.87,6.6,6.81
20120215,6.92,6.93,6.35,6.41
20120216,6.49,6.49,6.15,6.18
20120217,6.18,6.24,6.11,6.17
20120220,6.17,6.17,6.17,6.17
20120221,6.2,6.46,6.11,6.14
20120222,6.4,7.99,6.15,7.96
20120223,8.05,8.05,7.38,7.84
20120224,7.97,8.15,7.81,8.0
20120227,7.94,8.44,7.62,8.31
20120228,8.5,8.87,7.86,8.0
20120229,7.8,8.28,7.5,8.01
20120301,8.1,8.3,7.78,7.94
20120302,7.88,8.1,7.7,8.09
20120305,8.02,8.02,7.7,7.85
20120306,7.69,7.7,7.27,7.39
20120307,7.39,8.17,7.35,8.0
20120308,8.0,8.48,7.84,8.4
20120309,8.4,8.84,8.27,8.54
20120312,8.61,8.61,8.11,8.2
20120313,8.18,8.53,8.1,8.49
20120314,8.42,8.59,8.25,8.36
20120315,8.34,8.57,8.19,8.51
20120316,8.46,8.57,8.36,8.48
20120319,8.49,8.51,7.93,8.06
20120320,8.01,8.39,8.0,8.32
20120321,8.16,8.47,8.03,8.16
20120322,8.0,8.2,8.0,8.01
20120323,8.0,8.21,8.0,8.16
20120326,8.35,8.35,8.08,8.15
20120327,8.15,8.31,8.11,8.25
20120328,8.19,8.3,8.0,8.02
20120329,8.05,8.09,7.86,7.96
20120330,8.0,8.03,7.8,7.98
20120402,8.02,8.8,8.0,8.7
20120404,8.11,8.27,8.0,8.05
20120405,8.14,8.14,7.81,7.95
20120406,7.95,7.95,7.95,7.95
20120409,7.98,8.03,7.82,7.92
20120410,7.84,8.25,7.84,8.06
20120411,8.02,8.34,7.83,7.95
20120412,8.0,8.2,7.83,7.91
20120413,7.95,7.95,7.78,7.78
20120416,7.78,7.78,7.5,7.56
20120417,7.5,7.68,7.34,7.57
20120418,7.47,7.53,7.34,7.43
20120419,7.37,7.52,7.23,7.26
20120420,7.22,7.26,7.1,7.17
20120423,7.18,7.28,7.1,7.11
20120424,7.15,7.15,6.86,6.99
20120425,6.91,7.25,6.91,7.18
20120426,7.24,7.36,7.01,7.03
20120427,7.01,7.11,7.01,7.02
20120430,7.0,7.13,7.0,7.13
20120501,7.09,7.22,7.05,7.21
20120502,7.11,7.15,6.8,6.89
20120503,6.96,7.08,6.58,6.64
20120504,6.61,6.9,6.46,6.73
20120507,6.79,6.82,6.58,6.73
20120508,6.61,6.86,6.5,6.74
20120509,6.8,6.83,6.57,6.83
20120510,6.42,6.69,6.42,6.55
20120511,6.42,6.6,6.19,6.19
20120514,6.26,6.35,5.83,5.88
20120515,5.81,5.93,5.31,5.59
20120516,5.51,5.71,5.45,5.5
20120517,5.58,5.58,5.13,5.2
20120518,5.14,5.2,4.96,4.96
20120521,4.92,4.92,4.63,4.75
20120522,5.5,5.5,4.79,4.94
20120523,4.97,5.54,4.85,5.42
20120524,5.42,5.53,5.21,5.45
20120525,5.49,5.55,5.1,5.17
20120528,5.17,5.17,5.17,5.17
20120529,5.28,5.31,5.01,5.18
20120530,5.25,5.26,4.88,5.0
20120531,5.2,5.2,4.88,5.01
20120601,4.9,4.99,4.8,4.91
20120604,4.86,5.1,4.68,5.1
20120605,5.02,5.08,4.87,5.01
20120606,5.09,5.25,4.95,5.17
20120607,5.09,5.45,5.01,5.13
20120608,5.12,5.19,5.1,5.19
20120611,5.26,5.26,4.81,5.02
20120612,5.04,5.2,4.99,5.16
20120613,5.04,5.15,4.97,5.07
20120614,5.08,5.15,4.92,5.14
20120615,5.15,5.16,4.96,5.01
20120618,5.05,5.12,4.94,5.01
20120619,5.0,5.1,4.92,5.0
20120620,4.94,5.1,4.94,5.1
20120621,5.06,5.1,4.95,4.97
20120622,5.04,5.04,4.93,4.99
20120625,5.0,5.1,4.78,4.83
20120626,4.8,5.0,4.79,4.9
20120627,4.94,4.95,4.7,4.73
20120628,4.7,5.0,4.67,4.99
20120629,5.03,5.03,4.83,4.92
20120702,5.0,5.02,4.83,4.88
20120703,4.88,5.0,4.8,4.88
20120704,4.88,4.88,4.88,4.88
20120705,4.83,4.99,4.83,4.87
20120706,4.87,4.9,4.85,4.9
20120709,4.93,5.05,4.92,5.02
20120710,5.01,5.04,4.92,5.02
20120711,4.99,5.02,4.88,4.98
20120712,4.95,4.95,4.8,4.87
20120713,4.89,5.04,4.8,4.91
20120716,4.82,4.92,4.77,4.77
20120717,4.1,4.71,4.1,4.6
20120718,4.54,4.76,4.38,4.72
20120719,4.68,4.93,4.48,4.82
20120720,4.73,4.98,4.59,4.75
20120723,4.7,4.99,4.38,4.88
20120724,4.94,5.35,4.91,5.3
20120725,5.22,5.22,5.04,5.06
20120726,5.06,5.06,4.76,4.95
20120727,4.93,5.05,4.87,5.01
20120730,5.0,5.06,4.96,5.01
20120731,5.07,5.07,4.93,5.03
20120801,4.99,5.06,4.99,5.02
20120802,5.04,5.13,5.04,5.06
20120803,5.08,5.18,5.08,5.17
20120806,5.1,5.25,5.0,5.25
20120807,5.23,5.28,5.04,5.21
20120808,5.24,5.3,5.07,5.22
20120809,5.21,5.3,5.05,5.24
20120810,5.26,5.3,5.08,5.25
20120813,5.21,5.3,4.99,5.19
20120814,5.07,5.17,4.95,5.05
20120815,5.0,5.1,4.99,5.06
20120816,4.95,5.21,4.9,5.18
20120817,5.01,5.17,5.01,5.06
20120820,5.06,5.11,5.04,5.04
20120821,5.06,5.1,4.97,4.97
20120822,4.93,5.0,4.85,4.85
20120823,4.88,4.88,4.71,4.74
20120824,4.73,4.87,4.61,4.84
20120827,4.91,4.91,4.73,4.76
20120828,4.81,4.81,4.71,4.8
20120829,4.76,4.8,4.6,4.79
20120830,4.74,4.89,4.6,4.86
20120831,4.82,4.98,4.82,4.95
20120903,4.95,4.95,4.95,4.95
20120904,4.94,4.94,4.72,4.81
20120905,4.81,4.92,4.69,4.82
20120906,4.81,4.81,4.72,4.79
20120907,4.9,5.0,4.9,4.98
20120910,4.94,5.07,4.75,4.98
20120911,4.98,5.0,4.71,5.0
20120912,4.97,4.97,4.7,4.78
20120913,4.78,4.81,4.56,4.7
20120914,4.68,4.78,4.65,4.74
20120917,4.7,4.7,4.56,4.65
20120918,4.63,4.63,4.56,4.6
20120919,4.56,4.61,4.44,4.47
20120920,4.46,4.53,4.25,4.42
20120921,4.45,4.6,4.42,4.53
20120924,4.53,4.64,4.5,4.6
20120925,4.61,4.72,4.59,4.61
20120926,4.6,4.6,4.43,4.45
20120927,4.46,4.49,4.25,4.4
20120928,4.36,4.44,4.32,4.32
20121001,4.34,4.36,4.31,4.32
20121002,4.35,4.42,4.3,4.42
20121003,4.4,4.83,4.4,4.77
20121004,4.8,4.83,4.65,4.76
20121005,4.72,4.84,4.72,4.76
20121008,4.71,4.84,4.7,4.76
20121009,4.73,4.81,4.71,4.71
20121010,4.68,4.95,4.68,4.89
20121011,4.84,4.84,4.7,4.7
20121012,4.69,4.84,4.65,4.77
20121015,4.74,4.87,4.7,4.72
20121016,4.68,4.83,4.68,4.7
20121017,4.74,4.9,4.67,4.78
20121018,4.73,4.96,4.73,4.84
20121019,4.84,5.0,4.83,4.95
20121022,4.86,5.08,4.86,4.88
20121023,4.88,5.1,4.88,5.1
20121024,5.1,5.1,4.87,4.87
20121025,4.94,5.07,4.88,5.07
20121026,5.09,5.09,4.95,5.0
20121029,5.0,5.0,5.0,5.0
20121030,5.0,5.0,5.0,5.0
20121031,4.98,5.0,4.87,5.0
20121101,4.96,4.99,4.86,4.92
20121102,4.89,4.96,4.86,4.86
20121105,4.86,4.92,4.72,4.8
20121106,4.74,5.0,4.74,4.9
20121107,4.81,5.06,4.8,4.9
20121108,4.89,5.09,4.85,4.9
20121109,4.95,5.02,4.91,4.95
20121112,4.97,5.03,4.91,4.92
20121113,4.98,5.04,4.87,4.95
20121114,4.99,5.03,4.81,5.03
20121115,5.04,5.39,5.04,5.31
20121116,5.38,5.88,5.38,5.82
20121119,5.93,5.96,5.28,5.51
20121120,5.46,5.46,5.16,5.25
20121121,5.25,5.34,5.17,5.34
20121122,5.34,5.34,5.34,5.34
20121123,5.26,5.37,5.26,5.3
20121126,5.27,5.28,5.12,5.19
20121127,5.15,5.3,5.05,5.18
20121128,5.2,5.37,5.19,5.27
20121129,5.26,5.68,5.26,5.48
20121130,5.42,5.5,5.22,5.3
20121203,5.2,5.59,5.12,5.44
20121204,5.42,5.58,5.34,5.35
20121205,5.45,5.49,5.32,5.32
20121206,5.37,5.51,5.22,5.33
20121207,5.24,5.48,5.11,5.48
20121210,5.45,5.63,5.28,5.52
20121211,5.48,5.48,5.17,5.2
20121212,5.2,5.2,4.9,5.11
20121213,5.06,5.09,4.9,5.01
20121214,5.01,5.44,4.95,5.32
20121217,5.32,5.48,5.27,5.42
20121218,5.45,5.49,5.3,5.37
20121219,5.41,5.47,5.38,5.41
20121220,5.45,5.46,5.36,5.36
20121221,5.38,5.5,5.38,5.41
20121224,5.42,5.76,5.4,5.69
20121225,5.69,5.69,5.69,5.69
20121226,5.66,5.71,5.5,5.59
20121227,5.54,5.55,5.35,5.4
20121228,5.3,5.62,5.3,5.55
20121231,5.5,5.83,5.5,5.83
20130101,5.83,5.83,5.83,5.83
20130102,5.83,6.06,5.64,5.96
20130103,6.0,6.17,6.0,6.01
20130104,6.1,6.92,6.01,6.51
20130107,6.51,6.59,6.22,6.34
20130108,6.34,6.34,6.11,6.13
20130109,6.04,6.24,6.0,6.15
20130110,6.15,6.15,5.88,5.9
20130111,5.9,6.16,5.88,6.04
20130114,6.1,6.21,6.01,6.07
20130115,6.12,6.34,6.12,6.18
20130116,6.24,6.28,6.1,6.1
20130117,6.17,6.32,6.12,6.16
20130118,6.23,6.34,6.17,6.26
20130121,6.26,6.26,6.26,6.26
20130122,6.23,6.26,6.11,6.2
20130123,6.2,6.2,6.11,6.15
20130124,6.15,6.48,6.06,6.38
20130125,6.34,6.6,6.28,6.4
20130128,6.46,6.7,6.46,6.51
20130129,6.53,6.78,6.28,6.35
20130130,6.56,6.58,5.73,6.15
20130131,6.21,6.59,6.1,6.35
20130201,6.11,6.29,6.02,6.21
20130204,6.22,6.63,6.13,6.58
20130205,6.51,6.58,6.4,6.49
20130206,6.47,6.47,6.3,6.41
20130207,6.39,6.39,6.25,6.3
20130208,6.36,6.98,6.36,6.87
20130211,6.79,7.32,6.67,7.21
20130212,7.1,7.63,7.1,7.21
20130213,7.26,7.28,6.96,6.98
20130214,6.92,7.8,6.91,7.75
20130215,7.78,7.81,7.45,7.45
20130218,7.45,7.45,7.45,7.45
20130219,7.6,7.72,7.5,7.61
20130220,7.62,7.73,7.34,7.37
20130221,7.3,7.63,6.93,6.98
20130222,7.1,7.8,7.1,7.8
20130225,7.76,7.84,7.65,7.65
20130226,7.85,8.98,7.76,8.32
20130227,8.32,8.32,7.87,8.0
20130228,7.94,8.1,7.91,8.04
20130301,7.94,8.0,7.72,7.92
20130304,7.86,7.9,7.72,7.86
20130305,7.9,8.18,7.88,7.96
20130306,7.94,8.3,7.89,7.99
20130307,8.04,8.18,7.81,7.84
20130308,7.91,8.37,7.78,8.28
20130311,8.39,8.39,8.0,8.01
20130312,7.98,8.01,7.78,7.9
20130313,7.85,7.96,7.81,7.91
20130314,7.94,7.95,7.63,7.66
20130315,7.62,7.7,7.54,7.7
20130318,7.57,7.72,7.41,7.48
20130319,7.42,7.6,7.22,7.38
20130320,7.33,7.35,7.23,7.25
20130321,7.2,7.25,6.96,7.02
20130322,6.97,7.02,6.68,6.68
20130325,6.56,6.75,6.41,6.49
20130326,6.46,7.59,6.46,6.9
20130327,6.85,7.08,6.85,7.01
20130328,6.92,7.5,6.91,7.27
20130329,7.27,7.27,7.27,7.27
20130401,7.3,7.66,7.09,7.28
20130402,7.51,7.57,7.28,7.46
20130403,7.44,7.66,7.42,7.44
20130404,7.53,7.53,7.26,7.31
20130405,7.33,7.38,6.99,7.05
20130408,7.22,7.29,7.15,7.2
20130409,7.11,7.32,7.1,7.22
20130410,7.29,7.51,7.2,7.39
20130411,7.43,7.55,7.28,7.31
20130412,7.33,7.44,7.25,7.39
20130415,7.39,7.46,7.02,7.03
20130416,7.16,7.31,7.12,7.28
20130417,7.25,7.38,7.1,7.36
20130418,7.19,7.28,7.05,7.14
20130419,7.19,7.23,7.01,7.01
20130422,7.1,7.15,7.03,7.15
20130423,7.14,7.14,7.06,7.1
20130424,7.1,7.13,7.06,7.08
20130425,7.15,7.35,7.15,7.32
20130426,7.38,7.47,7.34,7.45
20130429,7.41,7.61,7.33,7.57
20130430,7.48,7.75,7.33,7.63
20130501,7.62,7.66,7.61,7.61
20130502,7.36,7.8,7.36,7.63
20130503,7.75,7.88,7.65,7.88
20130506,7.94,8.12,7.9,7.9
20130507,8.0,9.12,8.0,9.0
20130508,8.79,8.81,8.51,8.67
20130509,8.67,8.67,8.5,8.62
20130510,8.51,9.5,8.5,9.38
20130513,9.28,11.65,9.28,11.17
20130514,10.69,11.24,10.5,10.87
20130515,10.96,11.51,10.8,10.85
20130516,10.92,11.45,10.8,11.45
20130517,11.5,12.0,11.24,11.59
20130520,11.47,14.18,11.35,12.74
20130521,12.86,13.13,12.75,13.0
20130522,13.0,14.5,12.3,12.94
20130523,12.65,12.65,11.7,12.29
20130524,12.01,12.04,11.36,11.99
20130527,11.99,11.99,11.99,11.99
20130528,13.1,14.64,11.87,14.62
20130529,14.25,14.33,13.38,13.5
20130530,12.62,13.5,12.59,12.9
20130531,12.74,12.81,12.13,12.34
20130603,12.17,12.5,11.64,12.38
20130604,12.38,12.96,12.21,12.46
20130605,12.31,12.87,11.66,12.85
20130606,12.85,12.96,12.1,12.42
20130607,12.47,12.98,12.43,12.8
20130610,12.58,12.75,12.4,12.56
20130611,12.5,12.58,12.24,12.5
20130612,12.6,12.6,11.92,12.44
20130613,12.14,12.27,11.72,12.18
20130614,12.06,12.62,11.96,12.56
20130617,12.53,12.77,12.36,12.44
20130618,12.4,12.49,12.1,12.19
20130619,12.1,12.1,11.4,11.63
20130620,11.45,11.46,9.72,9.9
20130621,10.07,10.24,9.78,9.93
20130624,9.63,9.69,7.84,7.91
20130625,8.4,9.19,8.3,8.82
20130626,9.17,9.18,8.62,8.66
20130627,8.69,9.2,8.61,9.07
20130628,9.0,9.5,8.81,8.87
20130701,9.1,9.38,8.82,9.2
20130702,9.5,10.88,9.25,10.64
20130703,10.65,10.74,10.05,10.15
20130704,10.15,10.15,10.15,10.15
20130705,10.2,10.67,10.2,10.3
20130708,10.5,10.84,10.32,10.71
20130709,10.8,11.5,10.74,11.27
20130710,11.4,11.52,10.81,11.05
20130711,11.2,11.45,11.03,11.13
20130712,11.25,11.7,11.05,11.27
20130715,11.54,11.59,11.3,11.42
20130716,11.5,11.5,11.1,11.18
20130717,11.2,11.3,10.64,11.29
20130718,11.4,11.44,11.3,11.31
20130719,11.29,11.29,10.85,11.05
20130722,11.01,11.01,10.61,10.73
20130723,10.81,11.21,10.69,11.03
20130724,11.0,11.21,10.9,10.98
20130725,11.06,11.36,10.79,11.24
20130726,11.2,11.3,11.0,11.29
20130729,11.31,11.58,11.13,11.42
20130730,11.5,11.62,11.4,11.58
20130731,11.66,11.67,11.4,11.46
20130801,11.67,11.8,11.55,11.73
20130802,11.8,12.98,11.72,12.64
20130805,12.84,13.17,12.7,13.11
20130806,13.11,13.12,12.25,13.01
20130807,12.85,12.85,12.34,12.44
20130808,12.6,13.14,12.6,13.0
20130809,14.53,16.87,14.35,16.1
20130812,16.34,18.68,16.32,18.42
20130813,18.24,18.48,17.27,18.06
20130814,18.0,18.6,17.5,18.17
20130815,17.93,18.0,17.35,17.59
20130816,17.3,18.65,17.3,18.37
20130819,18.2,18.29,17.65,17.71
20130820,17.6,18.45,17.35,17.97
20130821,18.01,18.38,17.63,17.83
20130822,18.3,18.5,15.7,16.44
20130823,16.57,17.0,16.32,16.5
20130826,15.95,16.06,13.6,13.69
20130827,13.7,13.72,12.73,12.73
20130828,12.64,13.04,12.02,12.24
20130829,12.65,13.53,12.42,12.62
20130830,12.36,12.79,12.07,12.2
20130902,12.2,12.2,12.2,12.2
20130903,12.47,12.94,12.36,12.94
20130904,12.75,14.25,12.15,13.94
20130905,14.03,15.29,14.02,15.24
20130906,15.24,15.28,14.64,14.76
20130909,15.12,16.24,15.12,16.18
20130910,16.5,17.18,15.35,16.0
20130911,15.93,16.83,15.93,16.16
20130912,16.2,16.36,15.9,15.93
20130913,15.85,16.1,15.23,15.57
20130916,15.59,16.42,15.5,15.79
20130917,15.86,15.95,15.41,15.81
20130918,15.81,16.78,15.78,16.64
20130919,17.01,17.09,16.05,16.2
20130920,16.0,16.61,15.79,16.61
20130923,16.98,17.15,16.02,17.07
20130924,17.25,17.69,16.95,17.16
20130925,17.25,17.5,16.92,17.31
20130926,17.7,17.7,16.81,17.09
20130927,16.88,17.28,16.85,16.92
20130930,16.78,17.39,16.78,17.05
20131001,16.95,17.45,16.82,17.33
20131002,17.25,18.33,17.25,17.8
20131003,17.81,18.1,16.24,16.69
20131004,16.84,17.21,16.53,16.82
20131007,17.5,17.8,17.07,17.41
20131008,17.42,17.96,16.0,16.14
20131009,16.25,16.8,16.0,16.25
20131010,16.32,17.32,16.32,16.75
20131011,17.34,17.34,16.75,17.05
20131014,17.05,17.55,16.9,17.52
20131015,17.73,20.34,17.63,19.79
20131016,20.48,22.21,20.06,21.55
20131017,21.68,22.8,21.0,22.59
20131018,22.99,22.99,20.55,21.06
20131021,21.4,21.5,19.01,20.22
20131022,20.05,20.48,19.01,19.37
20131023,19.42,20.55,19.11,19.64
20131024,19.79,19.99,18.52,18.81
20131025,18.56,19.12,17.81,17.93
20131028,17.63,18.0,16.67,17.4
20131029,17.53,19.19,17.33,19.12
20131030,18.64,19.91,18.64,19.42
20131031,19.36,20.53,18.82,19.29
20131101,19.49,20.14,19.38,19.84
20131104,20.48,21.35,20.14,21.0
20131105,21.0,21.21,20.4,20.78
20131106,21.0,21.5,20.35,20.54
20131107,20.88,20.88,18.68,18.78
20131108,19.31,20.23,18.4,19.98
20131111,20.19,21.88,20.0,21.86
20131112,21.71,21.9,20.88,21.83
20131113,21.5,22.88,21.12,21.88
20131114,21.61,22.57,21.61,22.41
20131115,22.97,25.0,22.67,24.23
20131118,25.08,25.51,21.16,22.56
20131119,20.34,21.98,19.23,20.78
20131120,20.57,21.35,19.86,19.96
20131121,19.99,20.95,19.91,20.21
20131122,19.87,20.69,19.75,20.38
20131125,20.67,20.9,19.0,19.2
20131126,19.2,20.28,19.0,20.02
20131127,19.9,20.58,19.71,20.29
20131128,20.29,20.29,20.29,20.29
20131129,20.08,20.5,20.03,20.09
20131202,20.05,20.86,20.02,20.78
20131203,20.67,21.04,20.1,20.57
20131204,20.22,20.95,20.0,20.2
20131205,20.15,20.38,19.84,20.14
20131206,20.13,20.49,19.95,20.09
20131209,20.2,20.8,20.05,20.25
20131210,20.12,20.3,19.68,19.76
20131211,19.8,19.98,19.02,19.05
20131212,19.04,19.45,18.52,19.08
20131213,19.1,19.9,19.1,19.82
20131216,19.75,20.09,19.52,19.55
20131217,19.64,19.97,19.5,19.69
20131218,19.6,19.93,19.4,19.88
20131219,19.89,19.93,19.47,19.82
20131220,19.75,19.88,19.45,19.81
20131223,19.97,19.97,19.33,19.52
20131224,19.43,19.65,19.4,19.52
20131225,19.52,19.52,19.52,19.52
20131226,19.46,19.71,19.23,19.55
20131227,19.39,19.58,19.25,19.42
20131230,19.15,19.15,16.22,16.63
20131231,16.95,18.46,16.94,18.0
20140101,18.0,18.0,18.0,18.0
20140102,17.97,18.24,17.26,17.29
20140103,17.27,17.73,16.63,17.68
20140106,17.34,17.34,16.69,16.99
20140107,17.08,17.08,15.43,15.98
20140108,16.1,16.19,15.44,15.62
20140109,15.77,15.91,15.51,15.71
20140110,15.75,15.85,14.58,15.07
20140113,14.92,15.35,14.7,14.83
20140114,14.85,15.2,14.51,15.12
20140115,15.08,15.97,15.08,15.9
20140116,16.0,16.09,15.51,15.6
20140117,15.6,15.76,15.03,15.04
20140120,15.04,15.04,15.04,15.04
20140121,15.0,15.66,15.0,15.35
20140122,15.6,15.92,15.39,15.74
20140123,15.53,15.61,14.56,14.67
20140124,14.41,14.61,13.0,13.18
20140127,13.72,13.99,13.2,13.51
20140128,13.46,14.5,13.44,14.42
20140129,13.74,14.18,13.53,13.63
20140130,13.9,14.12,13.75,13.82
20140131,13.06,13.75,13.06,13.52
20140203,13.48,13.58,12.88,13.0
20140204,13.02,13.29,12.93,13.07
20140205,13.09,13.62,12.73,13.54
20140206,13.72,14.17,13.5,13.72
20140207,14.02,14.35,13.75,14.22
20140210,14.15,14.79,14.11,14.36
20140211,14.38,14.52,14.08,14.29
20140212,14.37,14.83,14.31,14.61
20140213,14.45,14.94,14.3,14.8
20140214,14.66,14.98,14.24,14.53
20140217,14.53,14.53,14.53,14.53
20140218,14.91,15.44,14.82,15.36
20140219,15.18,16.08,15.08,15.58
20140220,15.78,16.09,15.35,16.01
20140221,15.99,16.08,15.84,15.86
20140224,15.77,15.79,14.91,14.92
20140225,14.75,15.2,14.5,15.04
20140226,15.21,15.47,14.77,14.9
20140227,15.98,17.47,15.5,17.31
20140228,17.5,18.44,16.73,16.89
20140303,16.75,17.86,16.38,17.18
20140304,17.79,17.79,17.29,17.48
20140305,17.51,17.61,16.84,17.0
20140306,17.0,17.17,16.87,16.94
20140307,16.95,17.11,16.0,16.09
20140310,15.81,16.12,15.37,15.66
20140311,15.69,16.28,15.32,15.36
20140312,15.3,15.46,15.16,15.22
20140313,15.34,15.58,14.69,14.84
20140314,14.68,15.1,14.5,14.93
20140317,15.03,15.55,14.96,15.2
20140318,15.4,15.74,15.23,15.72
20140319,15.76,16.72,15.76,16.6
20140320,16.6,16.6,15.84,16.14
20140321,16.45,16.45,15.84,16.13
20140324,16.26,16.26,14.8,15.2
20140325,15.43,15.61,14.76,14.86
20140326,14.97,15.03,14.1,14.13
20140327,14.32,14.35,13.6,14.1
20140328,14.15,14.66,14.02,14.24
20140331,14.43,14.78,14.3,14.42
20140401,14.45,14.71,14.14,14.6
20140402,14.67,14.78,14.32,14.53
20140403,14.58,14.58,14.05,14.3
20140404,14.43,14.55,13.9,14.06
20140407,13.91,14.06,13.01,13.34
20140408,13.48,13.83,13.36,13.65
20140409,13.78,14.28,13.78,14.27
20140410,14.25,14.31,13.95,14.14
20140411,14.0,14.14,13.63,13.95
20140414,14.15,14.2,13.55,13.92
20140415,13.86,14.02,12.57,13.29
20140416,13.63,14.09,13.49,13.57
20140417,13.54,14.16,13.42,14.07
20140418,14.07,14.07,14.07,14.07
20140421,13.7,14.12,13.7,14.04
20140422,14.07,14.81,14.07,14.77
20140423,14.82,14.82,14.25,14.56
20140424,14.71,14.74,14.18,14.3
20140425,14.11,14.12,13.32,13.55
20140428,13.46,13.88,12.66,13.08
20140429,13.28,13.43,12.91,13.27
20140430,13.4,13.49,13.11,13.46
20140501,13.38,13.93,13.3,13.44
20140502,13.31,13.82,13.04,13.55
20140505,13.35,14.11,13.35,13.83
20140506,13.65,14.01,13.5,13.52
20140507,13.5,13.71,12.8,12.81
20140508,12.85,13.22,12.6,12.61
20140509,12.71,12.93,12.42,12.6
20140512,12.69,14.14,12.69,13.99
20140513,14.54,14.62,13.28,13.48
20140514,13.55,14.0,13.43,13.53
20140515,13.7,13.7,12.6,12.89
20140516,12.78,12.78,12.53,12.76
20140519,12.6,12.87,12.56,12.84
20140520,12.77,12.86,12.5,12.58
20140521,12.63,12.84,12.35,12.53
20140522,12.6,13.47,12.6,13.37
20140523,13.48,13.81,13.25,13.78
20140526,13.78,13.78,13.78,13.78
20140527,13.87,13.98,13.1,13.2
20140528,13.33,13.64,13.23,13.46
20140530,13.74,13.98,13.62,13.66
20140602,13.59,13.68,12.91,13.07
20140603,13.0,13.21,12.8,12.89
20140604,12.89,13.39,12.89,13.32
20140605,13.4,13.64,13.3,13.49
20140606,13.6,13.78,13.46,13.76
20140609,13.48,13.69,13.33,13.63
20140610,13.67,13.86,13.55,13.82
20140611,13.69,14.68,13.64,14.39
20140612,14.44,14.64,14.25,14.62
20140613,14.64,14.81,14.41,14.67
20140616,14.75,14.75,14.14,14.2
20140617,14.12,14.68,14.12,14.55
20140618,14.5,14.69,14.42,14.65
20140619,14.46,14.75,14.46,14.65
20140620,14.63,14.63,13.71,13.73
20140623,13.68,14.14,13.52,13.99
20140624,13.93,14.08,13.41,13.44
20140625,13.41,13.68,13.26,13.64
20140626,13.74,13.92,13.62,13.73
20140627,13.74,13.85,13.59,13.62
20140630,13.52,14.23,13.46,14.14
20140701,14.18,14.47,14.07,14.16
20140702,14.34,15.13,14.27,15.04
20140703,15.2,15.47,15.08,15.16
20140704,15.16,15.16,15.16,15.16
20140707,15.16,15.25,14.46,14.5
20140708,14.37,14.45,13.81,13.98
20140709,14.08,14.15,13.81,14.0
20140710,13.72,14.12,13.64,13.86
20140711,13.78,13.85,13.55,13.74
20140714,13.83,14.75,13.83,14.67
20140715,14.61,14.83,14.13,14.22
20140716,14.26,14.53,14.17,14.22
20140718,14.3,14.73,14.23,14.71
20140721,14.81,14.88,14.21,14.36
20140722,14.56,15.39,14.51,15.19
20140723,15.31,15.83,15.08,15.46
20140724,15.69,16.12,15.14,15.21
20140725,15.15,15.47,15.11,15.32
20140728,15.49,16.25,15.43,16.13
20140729,16.28,16.8,16.11,16.75
20140730,16.8,16.94,16.64,16.83
20140731,16.66,16.66,15.56,16.06
20140801,16.08,16.2,15.4,15.74
20140804,15.82,16.15,15.57,16.01
20140805,15.82,16.31,15.66,15.87
20140806,15.68,16.05,15.66,15.82
20140807,15.85,16.0,15.72,15.73
20140808,15.75,15.89,15.71,15.77
20140811,15.78,16.84,15.78,16.6
20140812,17.12,17.7,16.42,17.7
20140813,17.6,17.67,16.83,17.17
20140814,17.1,17.2,16.42,16.85
20140815,16.85,17.15,16.38,17.1
20140818,16.7,17.04,16.12,16.75
20140819,16.7,16.86,16.2,16.28
20140820,16.1,16.1,14.3,14.44
20140821,14.6,15.26,13.72,14.72
20140822,14.86,15.44,14.34,15.3
20140825,15.29,15.8,14.91,14.92
20140826,14.92,15.78,14.8,15.76
20140827,15.78,15.78,15.52,15.77
20140828,15.55,15.68,15.18,15.2
20140829,15.26,15.49,15.2,15.27
20140901,15.27,15.27,15.27,15.27
20140902,15.4,15.56,14.91,15.04
20140903,15.31,15.32,14.98,15.01
20140904,15.25,15.88,15.06,15.81
20140905,15.69,15.98,15.41,15.73
20140908,15.75,15.88,15.47,15.56
20140909,15.51,15.65,15.07,15.11
20140910,15.15,15.18,14.8,15.16
20140911,15.13,15.37,14.9,15.26
20140912,15.25,15.25,14.71,14.89
20140915,14.87,14.87,14.41,14.63
20140916,14.48,14.69,14.45,14.55
20140917,14.59,14.84,14.53,14.62
20140918,14.78,14.92,14.63,14.81
20140919,14.92,14.96,14.61,14.89
20140922,14.75,14.88,13.92,14.2
20140923,14.19,14.19,13.95,13.97
20140924,14.1,14.1,13.82,13.82
20140925,13.82,13.85,13.55,13.7
20140926,13.72,13.75,13.47,13.49
20140929,13.38,13.73,13.32,13.39
20140930,13.44,13.73,13.36,13.42
20141001,13.33,13.42,12.89,12.95
20141002,13.06,14.42,13.0,14.2
20141003,14.38,14.86,14.01,14.01
20141006,14.25,14.26,13.64,13.66
20141007,13.6,13.89,13.53,13.63
20141008,13.62,13.87,13.35,13.77
20141009,13.73,13.73,13.42,13.46
20141010,13.4,14.06,13.3,13.7
20141013,13.86,14.24,13.54,13.62
20141014,13.73,13.97,13.53,13.68
20141015,13.41,14.01,13.38,13.8
20141016,13.65,14.01,13.45,13.9
20141017,14.05,14.16,13.75,13.88
20141020,14.0,14.15,13.91,14.09
20141021,14.2,14.47,14.06,14.34
20141022,14.4,15.1,14.25,14.47
20141023,14.76,14.92,14.57,14.85
20141024,14.98,14.98,14.69,14.95
20141027,14.82,15.38,14.6,15.13
20141028,15.2,16.2,15.18,16.2
20141029,16.28,16.28,15.74,15.76
20141030,15.7,16.2,15.51,16.13
20141031,16.2,16.65,16.07,16.4
20141103,16.35,16.85,16.09,16.62
20141104,16.6,16.75,16.3,16.53
20141105,16.52,16.53,15.85,16.11
20141106,16.0,16.35,15.98,16.31
20141107,16.23,16.84,16.18,16.77
20141110,16.8,16.98,16.47,16.77
20141111,16.92,17.26,16.72,17.01
20141112,16.07,17.1,16.07,16.94
20141113,16.91,17.08,16.77,16.97
20141114,16.89,17.27,16.88,17.17
20141117,17.01,17.28,16.53,16.53
20141118,16.51,17.23,16.49,17.05
20141119,17.0,17.12,16.51,16.88
20141120,16.84,17.15,16.78,17.06
20141121,17.32,18.55,17.31,18.24
20141124,18.42,19.45,18.37,19.34
20141125,19.43,19.5,18.84,18.9
20141126,18.91,19.72,18.9,19.63
20141127,19.63,19.63,19.63,19.63
20141128,19.74,19.9,19.2,19.33
20141201,19.38,19.41,18.21,19.02
20141202,19.36,20.28,19.2,20.12
20141204,20.5,23.75,20.5,21.63
20141205,22.73,23.99,22.01,23.84
20141208,24.97,25.6,22.5,22.69
20141209,21.26,22.0,20.12,21.9
20141210,22.31,22.46,20.13,20.49
20141211,20.97,21.07,19.22,19.28
20141212,19.2,19.88,18.81,19.67
20141215,19.66,20.02,18.6,18.75
20141216,18.79,19.24,18.05,19.02
20141217,19.33,20.02,19.05,19.83
20141218,19.99,20.16,18.58,18.95
20141219,19.32,19.92,18.92,19.69
20141222,19.76,20.79,19.46,20.32
20141223,20.35,21.8,19.84,21.44
20141224,21.45,21.46,20.12,20.44
20141225,20.44,20.44,20.44,20.44
20141226,20.68,21.48,20.44,21.13
20141229,21.13,21.4,20.71,20.77
20141230,20.77,21.22,20.28,21.08
20141231,21.1,21.2,20.59,20.9
20150101,20.9,20.9,20.9,20.9
20150102,21.12,22.06,20.6,21.91
20150105,21.91,22.23,20.92,21.18
20150106,21.2,21.37,20.1,20.59
20150107,20.73,20.86,19.81,20.69
20150108,20.97,21.85,20.51,21.83
20150109,21.71,21.71,19.86,20.0
20150112,20.03,20.57,19.51,19.71
20150113,20.0,20.0,18.2,18.43
20150114,18.3,18.95,18.25,18.51
20150115,18.54,18.73,18.06,18.06
20150116,18.1,18.33,16.9,18.03
20150119,18.03,18.03,18.03,18.03
20150120,17.99,18.84,17.42,18.73
20150121,18.63,18.65,17.93,18.02
20150122,18.02,18.54,17.8,18.4
20150123,18.4,19.19,18.4,18.98
20150126,19.01,19.3,19.0,19.13
20150127,18.85,19.1,18.72,19.04
20150128,18.74,18.74,17.31,18.46
20150129,18.46,19.02,18.28,19.0
20150130,18.87,19.07,18.51,18.67
20150202,18.58,18.81,18.12,18.74
20150203,18.74,19.67,18.53,19.64
20150204,19.88,21.18,19.85,21.04
20150205,20.49,20.74,19.77,20.7
20150206,20.63,20.63,20.03,20.24
20150209,20.24,21.15,20.06,21.13
20150210,21.29,21.31,20.5,20.76
20150211,20.76,20.92,20.54,20.74
20150212,20.79,21.06,20.66,20.87
20150213,20.93,21.97,20.93,21.59
20150216,21.59,21.59,21.59,21.59
20150217,21.79,21.98,21.45,21.9
20150218,21.98,22.75,21.92,22.6
20150219,22.48,22.63,22.34,22.55
20150220,22.5,22.58,22.1,22.56
20150223,22.46,22.75,22.45,22.54
20150224,22.56,22.75,22.56,22.73
20150225,22.72,23.08,22.5,22.78
20150226,23.01,23.08,22.33,23.03
20150227,23.03,23.29,22.61,23.06
20150302,23.23,23.38,23.07,23.25
20150303,23.11,23.12,20.78,20.84
20150304,20.79,21.24,20.5,20.83
20150305,20.82,21.41,20.68,21.2
20150306,21.11,21.55,21.0,21.08
20150309,21.06,21.14,20.3,20.38
20150310,20.21,20.52,20.0,20.02
20150311,20.06,20.15,19.92,19.95
20150312,20.15,21.6,20.11,21.42
20150313,21.53,21.68,20.78,20.79
20150316,20.91,21.51,20.85,21.47
20150317,20.61,22.75,19.01,22.71
20150318,22.68,22.75,21.3,22.48
20150319,22.36,23.2,22.12,22.94
20150320,23.07,23.07,21.51,22.07
20150323,21.89,23.15,21.68,23.03
20150324,22.96,23.35,22.81,23.07
20150325,22.88,22.88,22.0,22.54
20150326,22.53,23.22,22.52,23.22
20150327,23.19,23.93,22.82,23.16
20150330,23.46,24.2,23.01,23.21
20150331,23.08,23.47,22.8,23.38
20150401,23.45,23.98,23.37,23.72
20150402,23.7,24.2,23.51,23.93
20150403,23.93,23.93,23.93,23.93
20150406,23.86,24.54,23.66,24.51
20150407,24.51,25.2,24.43,25.18
20150408,25.38,28.19,25.31,28.03
20150409,28.21,29.61,27.15,29.43
20150410,29.5,29.94,28.83,29.5
20150413,29.63,30.62,29.53,30.0
20150414,29.89,30.0,27.29,28.22
20150415,28.36,29.43,27.89,29.35
20150416,29.36,30.31,29.02,30.21
20150417,29.2,29.57,28.71,29.41
20150420,29.41,30.34,29.22,30.22
20150421,30.7,32.19,30.62,31.48
20150422,32.04,32.27,31.5,32.18
20150423,32.05,33.55,31.88,33.16
20150424,33.41,34.19,33.07,33.79
20150427,34.0,35.48,33.4,33.76
20150428,33.6,34.24,32.15,33.88
20150429,33.59,34.39,33.41,34.16
20150430,34.0,34.3,33.34,33.89
20150504,33.5,35.68,33.38,35.52
20150505,34.78,35.34,33.18,33.76
20150506,33.77,34.63,33.21,33.89
20150507,33.48,33.79,31.89,33.13
20150508,33.67,34.66,33.06,34.3
20150511,34.63,36.32,34.63,35.91
20150512,35.77,36.67,35.32,35.53
20150513,35.56,36.56,35.48,35.61
20150514,35.73,37.36,35.35,37.32
20150515,37.37,37.37,36.03,36.22
20150518,36.3,37.05,35.8,36.71
20150519,36.41,37.96,34.01,34.81
20150520,34.82,35.48,34.11,34.62
20150521,34.52,34.77,31.67,33.19
20150522,33.17,34.35,33.09,33.7
20150525,33.7,33.7,33.7,33.7
20150526,33.92,33.98,31.9,32.73
20150527,32.8,32.95,31.69,32.29
20150528,31.68,32.65,30.96,32.51
20150529,32.64,32.84,31.5,31.7
20150601,32.01,32.6,31.42,32.33
20150602,32.18,32.65,31.83,32.56
20150603,32.19,34.4,32.19,34.09
20150604,33.99,34.75,33.7,34.18
20150605,34.22,35.58,33.91,34.94
20150608,35.16,35.41,33.44,33.67
20150609,33.66,33.88,32.58,32.77
20150610,32.8,34.86,32.8,34.66
20150611,34.92,36.33,34.69,35.62
20150612,35.44,36.12,35.34,35.4
20150615,34.76,36.03,34.52,35.9
20150616,35.81,36.24,34.53,35.06
20150617,35.5,35.89,34.7,35.05
20150618,35.05,35.05,32.41,33.22
20150619,32.87,32.93,31.46,32.77
20150622,33.37,33.43,31.89,32.24
20150623,32.34,32.96,32.3,32.43
20150624,32.51,32.68,31.75,31.77
20150625,31.66,31.67,29.95,30.67
20150626,29.8,30.23,28.16,28.5
20150629,27.57,28.12,26.9,27.59
20150630,28.46,30.52,28.41,30.23
20150701,30.06,30.06,28.41,28.52
20150702,28.07,28.22,27.44,27.8
20150703,27.8,27.8,27.8,27.8
20150706,26.71,26.71,24.9,25.5
20150707,24.01,24.01,21.0,22.98
20150708,21.76,22.22,21.0,21.57
20150709,25.9,27.55,24.7,25.55
20150710,26.5,26.5,24.89,25.16
20150713,25.72,26.49,25.3,25.98
20150714,26.01,26.58,25.2,25.98
20150715,25.65,25.65,24.22,24.45
20150716,24.86,25.62,24.56,25.38
20150717,26.02,26.67,25.54,25.56
20150720,25.3,25.3,24.03,24.08
20150721,24.32,25.01,24.26,24.97
20150722,24.53,25.3,24.53,25.0
20150723,25.2,26.3,25.13,26.25
20150724,26.02,26.04,23.19,23.4
20150727,21.61,22.35,20.0,22.16
20150728,22.12,23.25,21.62,22.94
20150729,22.95,23.68,22.88,23.35
20150730,22.89,23.08,22.37,22.87
20150731,22.75,23.01,22.43,22.85
20150803,23.31,23.56,22.48,23.42
20150804,24.0,24.7,23.45,24.19
20150805,24.58,24.92,23.72,23.95
20150806,24.0,25.24,23.93,25.12
20150807,25.18,25.76,23.99,24.23
20150810,24.72,26.2,24.65,26.0
20150811,25.1,25.7,23.93,24.28
20150812,23.85,25.47,23.65,24.25
20150813,24.5,25.7,24.05,24.37
20150814,24.35,25.18,24.16,24.83
20150817,24.76,24.98,23.91,24.45
20150818,23.64,24.0,23.64,23.86
20150819,23.84,23.86,23.4,23.52
20150820,23.1,23.78,22.75,23.04
20150821,22.61,22.98,21.43,22.29
20150824,19.94,21.2,19.8,19.96
20150826,20.56,20.82,19.33,20.15
20150827,20.99,22.73,20.83,22.23
20150828,22.1,22.14,21.11,21.35
20150831,21.2,21.2,20.03,20.09
20150901,19.53,20.1,18.66,19.13
20150902,19.02,19.92,18.66,19.92
20150903,20.23,20.3,19.55,19.88
20150904,19.6,19.75,18.97,19.17
20150907,19.17,19.17,19.17,19.17
20150908,20.33,20.7,19.72,20.54
20150909,21.1,21.45,20.51,20.6
20150910,20.5,20.81,20.27,20.73
20150911,20.71,20.78,20.48,20.74
20150914,20.42,21.21,20.41,20.84
20150915,20.68,21.3,20.57,21.08
20150916,21.52,23.1,21.37,23.07
20150917,22.27,23.04,22.27,22.93
20150918,22.52,22.89,21.41,21.48
20150921,22.86,23.05,21.8,22.24
20150922,21.9,22.62,21.2,22.13
20150923,21.82,22.11,21.3,21.43
20150924,21.21,21.81,20.9,21.8
20150925,21.98,22.16,21.54,21.7
20150928,21.36,21.9,21.13,21.58
20150929,21.5,21.89,20.88,21.77
20150930,22.27,23.98,22.27,23.49
20151001,23.6,23.6,22.11,22.66
20151002,22.64,23.85,22.38,23.85
20151005,24.1,24.48,23.76,24.2
20151006,24.2,25.59,24.12,25.03
20151007,25.6,27.53,25.6,26.4
20151008,26.31,27.1,25.87,27.1
20151009,26.99,27.89,26.79,27.66
20151012,27.96,28.47,27.36,28.11
20151013,28.02,28.02,26.57,27.0
20151014,26.94,26.94,25.6,25.97
20151015,26.55,27.95,26.3,27.64
20151016,27.85,28.91,27.64,28.03
20151019,27.91,28.41,27.46,27.92
20151020,27.9,28.13,27.47,27.68
20151021,27.54,27.54,25.86,26.06
20151022,26.32,26.98,26.31,26.88
20151023,27.57,28.24,27.41,27.74
20151026,27.56,28.47,27.56,28.46
20151027,28.44,28.5,27.34,27.71
20151028,27.34,28.17,27.13,28.11
20151029,27.91,28.0,27.38,27.42
20151030,27.59,28.26,27.2,28.02
20151102,28.0,28.44,27.52,28.25
20151103,28.17,31.75,28.01,31.03
20151104,31.07,32.02,29.8,29.97
20151105,30.17,31.65,30.15,31.18
20151106,31.5,33.0,31.37,32.11
20151109,32.23,32.47,31.57,31.7
20151110,31.58,31.93,30.29,30.31
20151111,30.53,30.59,29.04,30.01
20151112,29.94,30.99,29.49,29.59
20151113,29.48,29.48,26.94,27.32
20151116,27.33,29.89,27.33,29.55
20151117,29.72,32.2,28.4,30.7
20151118,30.84,31.35,30.05,30.61
20151119,30.74,31.58,30.05,31.19
20151120,31.4,33.5,31.2,32.79
20151123,32.79,33.03,32.6,32.75
20151124,32.19,32.87,32.07,32.8
20151125,32.75,33.55,31.85,32.28
20151126,32.28,32.28,32.28,32.28
20151127,31.64,31.99,30.53,31.39
20151130,31.55,32.95,31.42,32.92
20151201,32.9,32.9,31.71,32.07
20151202,32.06,32.52,31.67,31.73
20151203,32.0,32.0,30.08,30.24
20151204,30.34,31.41,30.15,31.21
20151207,31.17,31.45,30.56,30.82
20151208,30.36,30.66,29.32,30.19
20151209,30.22,30.6,29.08,29.23
20151210,29.45,29.66,28.41,29.26
20151211,28.75,29.16,28.36,28.87
20151214,29.0,29.58,28.1,28.55
20151215,29.0,29.85,28.86,29.58
20151216,29.65,30.0,28.44,28.94
20151217,29.03,30.71,29.03,30.64
20151218,30.49,31.15,29.54,29.56
20151221,30.06,30.42,29.83,30.18
20151222,30.17,30.99,30.0,30.54
20151223,30.55,30.84,29.79,30.31
20151224,30.16,30.6,30.16,30.39
20151225,30.39,30.39,30.39,30.39
20151228,30.24,30.4,29.32,29.71
20151229,29.86,30.08,27.92,27.96
20151230,27.97,29.34,27.83,27.83
20151231,28.0,28.38,27.55,27.93
20160101,27.93,27.93,27.93,27.93
20160104,26.5,26.5,25.68,26.14
20160105,25.99,27.1,25.83,26.34
20160106,26.0,27.8,25.9,26.35
20160107,25.2,26.42,24.7,26.13
20160108,26.64,26.75,24.34,24.51
20160111,24.27,25.44,24.15,24.38
20160112,24.71,25.19,24.59,25.05
20160113,25.07,25.7,24.14,24.26
20160114,24.93,25.63,24.22,25.41
20160115,24.85,25.87,23.35,23.93
20160118,23.93,23.93,23.93,23.93
20160119,24.74,25.42,24.53,24.69
20160120,23.96,24.76,23.03,24.64
20160121,24.52,24.78,23.55,23.8
20160122,24.8,25.0,23.5,24.07
20160125,24.03,24.48,23.12,23.34
20160126,23.31,24.21,22.85,24.01
20160127,23.8,25.17,23.76,24.62
20160128,25.01,25.01,24.1,24.6
20160129,24.51,25.69,24.51,25.61
20160201,25.62,26.73,24.5,24.95
20160202,24.4,24.76,24.09,24.28
20160203,24.58,24.87,22.5,22.7
20160204,22.65,23.75,22.54,23.35
20160205,23.33,23.55,22.22,22.32
20160208,21.72,22.28,20.91,21.78
20160209,21.31,22.0,21.02,21.55
20160210,21.77,22.03,21.37,21.48
20160211,20.99,21.36,20.3,20.38
20160212,20.85,21.79,20.54,21.58
20160215,21.58,21.58,21.58,21.58
20160216,22.05,23.5,22.02,23.43
20160217,23.85,24.85,23.71,24.31
20160218,24.63,24.63,23.12,23.52
20160219,23.54,24.1,23.02,23.9
20160222,25.0,25.23,24.22,24.84
20160223,24.59,24.8,24.08,24.27
20160224,24.09,24.66,23.7,24.57
20160225,24.15,24.2,23.47,23.7
20160226,23.91,24.26,23.84,24.15
20160229,24.07,24.11,23.55,23.7
20160301,24.04,24.69,23.78,24.4
20160302,24.75,25.64,24.51,25.56
20160303,25.04,25.5,23.5,23.77
20160304,23.99,24.33,23.67,24.02
20160307,24.36,24.41,23.0,23.23
20160308,23.19,24.74,22.55,23.75
20160309,24.2,24.2,23.36,23.7
20160310,23.7,24.25,23.51,24.08
20160311,24.68,28.49,24.52,28.43
20160314,27.61,27.76,26.58,26.84
20160315,26.96,26.96,25.4,25.6
20160316,25.76,26.61,25.1,26.29
20160317,26.06,26.06,24.25,25.36
20160318,25.49,25.93,25.09,25.38
20160321,25.05,27.45,25.05,27.03
20160322,26.76,27.15,25.97,25.97
20160323,25.67,25.83,25.07,25.07
20160324,24.7,25.51,24.14,25.18
20160325,25.18,25.18,25.18,25.18
20160328,25.06,25.47,24.76,25.24
20160329,25.24,25.75,24.83,25.59
20160330,25.41,25.73,24.42,25.46
20160331,25.57,25.57,24.61,24.88
20160401,24.42,24.74,24.07,24.36
20160404,24.14,24.31,23.08,23.73
20160405,23.7,24.25,23.47,23.64
20160406,23.6,24.16,23.54,24.13
20160407,24.0,24.23,23.8,24.02
20160408,24.22,25.38,23.89,24.82
20160411,25.19,26.1,25.12,25.33
20160412,25.29,25.45,24.47,24.75
20160413,25.47,27.0,25.18,26.97
20160414,26.92,26.96,25.86,26.63
20160415,26.5,26.8,25.7,25.89
20160418,25.68,26.77,25.35,26.43
20160419,26.28,26.69,26.14,26.3
20160420,26.11,26.41,25.37,25.65
20160421,25.6,25.83,25.0,25.35
20160422,25.44,25.75,24.8,24.96
20160425,24.8,25.07,24.46,24.77
20160426,24.77,25.7,24.77,25.48
20160427,25.48,25.99,25.37,25.77
20160428,25.72,26.23,25.04,25.06
20160429,25.28,25.44,24.55,24.58
20160502,24.62,25.76,24.62,25.33
20160503,24.84,25.55,24.76,25.13
20160504,24.97,25.2,24.58,25.15
20160505,25.2,26.73,25.03,26.14
20160506,25.89,26.45,25.66,26.08
20160509,26.17,26.17,24.2,24.78
20160510,25.22,25.69,24.88,25.52
20160511,25.35,26.34,25.09,25.24
20160512,25.32,25.59,23.7,23.92
20160513,24.34,24.34,23.5,23.93
20160516,24.23,24.71,23.93,24.16
20160517,24.13,24.6,24.12,24.28
20160518,24.2,24.35,23.78,24.05
20160519,24.07,24.1,23.34,23.46
20160520,24.03,24.06,22.33,22.7
20160523,22.83,23.11,21.9,22.26
20160524,22.98,25.43,22.98,24.95
20160525,24.95,25.5,24.47,24.59
20160526,24.56,24.81,24.19,24.33
20160527,24.5,25.3,24.21,24.6
20160530,24.6,24.6,24.6,24.6
20160531,24.85,25.39,24.67,25.34
20160601,24.89,26.0,24.73,26.0
20160602,25.87,26.04,25.64,26.0
20160603,25.8,25.8,25.06,25.55
20160606,25.4,25.8,25.2,25.48
20160607,25.34,25.74,25.12,25.24
20160608,25.15,25.46,24.82,25.42
20160609,25.06,25.6,24.9,25.3
20160610,24.91,25.02,23.18,24.05
20160613,23.8,24.37,23.52,23.66
20160614,23.52,23.92,23.23,23.49
20160615,23.55,24.38,23.5,23.55
20160616,23.27,23.84,22.75,23.32
20160617,23.27,23.75,22.95,23.11
20160620,23.61,24.27,23.16,24.11
20160621,24.28,24.28,23.46,23.48
20160622,24.01,24.28,23.2,23.49
20160623,23.96,24.24,23.59,24.22
20160624,22.89,23.56,22.5,22.9
20160627,22.87,23.33,22.75,22.99
20160628,23.53,23.62,23.0,23.1
20160629,23.89,24.83,23.79,23.92
20160630,24.1,24.37,23.67,24.11
20160701,23.82,24.42,23.82,23.98
20160704,23.98,23.98,23.98,23.98
20160705,23.79,25.6,23.51,25.3
20160706,24.99,25.05,24.31,24.38
20160707,24.6,24.7,23.9,24.38
20160708,24.46,24.98,24.38,24.92
20160711,24.95,25.18,24.76,24.91
20160712,25.11,25.23,24.7,24.94
20160713,25.05,25.07,24.61,24.95
20160714,25.2,25.62,24.89,25.09
20160715,25.11,25.37,25.0,25.16
20160718,25.01,25.68,24.94,25.27
20160719,25.11,25.6,24.91,24.94
20160720,25.19,25.24,24.92,25.11
20160721,25.28,25.57,25.08,25.51
20160722,25.44,25.56,25.14,25.5
20160725,25.38,26.12,25.38,25.57
20160726,25.49,25.49,24.52,24.87
20160727,24.95,25.16,24.69,25.09
20160728,24.88,25.24,24.84,25.18
20160729,25.06,26.17,25.06,25.65
20160801,25.8,25.91,25.44,25.75
20160802,25.48,26.03,25.36,25.61
20160803,25.6,25.93,25.35,25.68
20160804,25.65,26.44,25.65,26.3
20160805,26.39,27.19,26.35,26.57
20160808,26.63,27.24,26.52,26.76
20160809,27.0,27.18,26.31,26.93
20160810,27.09,27.18,26.78,26.9
20160811,27.0,27.35,26.71,27.22
20160812,27.17,27.79,27.07,27.71
20160815,27.88,29.35,27.88,28.85
20160816,28.75,28.75,26.54,26.98
20160817,27.05,27.4,26.85,26.98
20160818,27.28,27.47,26.55,26.68
20160819,26.7,26.85,26.22,26.49
20160822,26.58,26.93,26.48,26.77
20160823,26.97,27.3,26.7,26.71
20160824,26.66,27.14,26.66,26.76
20160825,26.7,26.99,26.01,26.25
20160826,26.5,26.53,26.03,26.39
20160829,26.22,26.7,26.15,26.37
20160830,26.7,26.7,26.2,26.43
20160831,26.3,26.66,26.04,26.3
20160901,26.56,26.56,25.96,26.18
20160902,26.21,26.4,25.88,26.28
20160905,26.28,26.28,26.28,26.28
20160906,26.29,26.46,26.11,26.15
20160907,26.37,27.0,26.13,27.0
20160908,27.15,27.15,26.75,26.95
20160909,26.76,26.97,26.34,26.34
20160912,26.02,26.44,25.29,26.37
20160913,26.18,26.61,26.16,26.53
20160914,26.84,27.12,26.45,26.54
20160915,26.62,27.27,26.62,27.03
20160916,27.14,27.24,26.53,26.53
20160919,27.4,27.4,26.53,26.63
20160920,26.63,26.87,26.36,26.36
20160921,26.52,27.1,26.52,26.99
20160922,27.2,27.22,26.54,27.05
20160923,27.0,27.19,26.3,27.15
20160926,27.13,27.17,26.81,26.96
20160927,26.88,27.14,26.58,26.89
20160928,27.08,27.08,26.51,26.7
20160929,26.8,26.99,26.17,26.28
20160930,26.3,26.43,26.02,26.11
20161003,26.1,26.71,26.1,26.24
20161004,26.37,26.68,26.18,26.62
20161005,26.82,27.08,26.69,27.03
20161006,27.08,27.43,26.75,27.21
20161007,27.06,27.27,26.52,26.69
20161010,26.9,27.18,26.4,26.44
20161011,26.3,26.35,25.46,25.53
20161012,25.9,25.95,25.51,25.62
20161013,25.44,25.52,24.9,24.99
20161014,26.0,26.0,24.83,25.02
20161017,24.92,25.22,24.6,24.67
20161018,25.1,25.17,24.52,24.69
20161019,24.7,25.01,24.59,24.84
20161020,24.67,25.11,24.67,24.93
20161021,24.72,25.16,24.65,24.82
20161024,25.08,25.73,24.76,25.66
20161025,25.85,25.88,25.3,25.36
20161026,25.29,25.57,25.0,25.0
20161027,25.11,25.33,24.84,25.14
20161028,25.24,25.33,24.6,24.61
20161031,24.71,24.71,23.41,23.56
20161101,23.71,24.02,22.76,23.05
20161102,23.05,23.17,22.43,22.52
20161103,22.7,22.78,22.2,22.48
20161104,22.23,22.62,22.22,22.24
20161107,22.68,23.37,22.36,22.93
20161108,22.84,23.58,22.71,23.36
20161109,23.25,24.99,23.01,23.71
20161110,23.91,24.97,23.91,24.55
20161111,24.44,25.25,24.32,25.16
20161114,25.16,25.28,24.68,25.28
20161115,25.28,25.45,23.53,24.1
20161116,23.93,24.05,23.62,23.78
20161117,23.66,24.22,23.66,24.06
20161118,24.05,24.64,24.05,24.53
20161121,24.75,24.92,24.43,24.68
20161122,24.64,24.81,24.27,24.57
20161123,24.56,24.76,24.31,24.68
20161124,24.68,24.68,24.68,24.68
20161125,24.61,24.86,24.36,24.69
20161128,24.71,24.99,24.41,24.73
20161129,24.58,25.09,24.29,24.69
20161130,24.57,24.69,24.08,24.59
20161201,24.72,24.72,23.58,23.77
20161202,23.87,24.29,23.74,23.89
20161205,24.05,24.26,23.82,24.0
20161206,24.0,24.03,23.63,24.02
20161207,24.0,24.12,23.6,24.02
20161208,24.0,24.08,23.76,24.04
20161209,24.0,24.0,22.83,23.21
20161212,23.05,23.05,22.02,22.11
20161213,22.38,23.65,22.08,22.45
20161214,22.5,23.37,22.33,22.53
20161215,22.39,22.62,21.37,21.77
20161216,21.81,21.95,21.33,21.74
20161219,21.87,22.16,21.7,21.9
20161220,22.12,22.34,21.63,21.97
20161221,21.82,22.44,21.76,22.2
20161222,22.27,22.53,21.78,22.05
20161223,21.83,22.07,21.56,21.93
20161226,21.93,21.93,21.93,21.93
20161227,22.04,22.8,22.01,22.28
20161228,22.25,22.35,21.93,21.99
20161229,22.0,22.37,21.87,21.95
20161230,21.88,22.3,21.85,21.93
20170102,21.93,21.93,21.93,21.93
20170103,22.01,22.48,21.84,22.07
20170104,22.24,22.38,22.1,22.1
20170105,22.22,22.38,21.94,21.96
20170106,21.92,22.25,21.77,21.98
20170109,22.04,22.23,21.64,21.89
20170110,22.32,22.42,21.81,21.93
20170111,22.0,22.78,21.87,22.77
20170112,22.4,23.63,22.38,23.54
20170113,23.45,23.8,23.3,23.45
20170116,23.45,23.45,23.45,23.45
20170117,23.21,23.25,22.58,22.97
20170118,23.05,23.24,22.82,23.03
20170119,23.03,23.41,22.77,22.88
20170120,22.78,23.09,22.76,22.85
20170123,22.99,23.14,22.67,22.67
20170124,22.87,23.3,22.76,23.17
20170125,23.17,23.56,22.95,23.18
20170126,23.25,23.55,23.0,23.2
20170127,23.2,23.2,22.93,22.93
20170130,23.0,23.0,22.56,22.73
20170131,22.73,23.28,22.63,23.15
20170201,23.15,23.7,23.15,23.51
20170202,23.5,23.55,23.01,23.06
20170203,23.3,23.94,23.14,23.44
20170206,23.49,23.76,23.03,23.18
20170207,23.28,23.79,22.94,23.63
20170208,23.74,23.88,23.35,23.76
20170209,23.97,24.84,23.65,24.59
20170210,24.82,24.94,24.3,24.71
20170213,24.41,25.77,24.35,25.53
20170214,25.29,25.63,24.42,24.5
20170215,24.58,25.31,24.57,24.7
20170216,24.7,25.29,24.5,24.75
20170217,24.86,25.31,24.55,24.93
20170220,24.93,24.93,24.93,24.93
20170221,24.9,25.44,24.9,25.25
20170222,25.4,25.56,25.23,25.46
20170223,25.49,25.9,25.37,25.78
20170224,25.73,25.98,25.29,25.65
20170227,25.51,26.3,25.41,25.81
20170228,25.29,26.25,25.29,26.19
20170301,26.34,27.47,26.3,27.0
20170302,26.97,28.76,26.97,28.2
20170303,28.38,29.73,27.79,27.85
20170306,27.85,27.85,26.62,26.95
20170307,26.69,28.0,26.42,27.79
20170308,27.83,28.79,27.81,28.79
20170309,28.5,28.77,28.11,28.36
20170310,28.4,28.4,28.02,28.07
20170313,28.0,28.4,27.79,27.98
20170314,28.08,28.08,27.4,27.52
20170315,27.35,27.88,27.28,27.71
20170316,27.87,28.23,27.2,27.47
20170317,27.48,27.53,27.06,27.29
20170320,27.42,28.5,27.4,28.24
20170321,28.05,28.72,27.43,27.83
20170322,28.0,28.39,27.5,28.2
20170323,28.17,28.48,27.0,27.12
20170324,27.0,27.75,26.82,27.44
20170327,26.99,27.35,25.49,26.03
20170328,26.03,26.92,26.03,26.36
20170329,26.09,26.37,25.63,26.13
20170330,25.96,26.14,25.4,25.9
20170331,25.99,25.99,25.31,25.38
20170403,25.69,26.11,25.63,25.97
20170404,26.13,26.13,25.2,25.34
20170405,25.52,25.64,25.1,25.45
20170406,25.65,26.09,25.39,26.06
20170407,25.84,27.23,25.68,26.65
20170410,26.84,26.84,26.07,26.36
20170411,26.13,26.91,26.04,26.49
20170412,26.6,26.99,26.57,26.75
20170413,26.81,27.27,25.76,25.92
20170414,25.92,25.92,25.92,25.92
20170417,25.72,26.32,25.69,26.21
20170418,26.16,26.44,25.45,25.88
20170419,26.0,26.25,25.79,25.89
20170420,26.18,26.73,25.82,25.89
20170421,26.03,26.43,25.51,25.83
20170424,26.05,26.21,25.6,25.69
20170425,26.33,26.33,25.75,25.83
20170426,26.0,26.0,25.56,25.61
20170427,25.72,25.79,25.28,25.38
20170428,25.32,25.42,25.0,25.22
20170501,25.24,25.31,24.9,25.06
20170502,25.0,25.36,24.63,25.2
20170503,25.28,25.42,24.79,25.07
20170504,25.03,25.44,24.98,25.08
20170505,25.1,25.73,25.05,25.63
20170508,25.64,25.84,25.59,25.77
20170509,25.97,26.18,25.52,26.1
20170510,26.22,26.22,25.72,26.08
20170511,26.1,26.12,25.7,25.89
20170512,26.05,26.05,25.7,25.83
20170515,25.98,26.53,25.82,26.09
20170516,26.09,27.3,26.09,26.79
20170517,26.81,26.92,26.02,26.63
20170518,26.63,27.22,26.3,27.21
20170519,26.96,27.99,26.84,27.46
20170522,27.87,28.84,27.52,28.67
20170523,28.85,28.88,28.09,28.64
20170524,27.98,28.42,27.01,27.55
20170525,27.94,27.94,27.51,27.69
20170526,27.88,28.0,27.65,27.82
20170529,27.82,27.82,27.82,27.82
20170530,27.91,27.91,26.96,27.21
20170531,27.39,27.81,27.19,27.42
20170601,27.42,27.77,27.34,27.6
20170602,27.68,27.82,27.38,27.68
20170605,27.82,27.82,27.15,27.3
20170606,27.18,27.99,27.18,27.82
20170607,27.8,27.97,27.11,27.36
20170608,27.37,27.37,26.56,26.84
20170609,27.07,27.43,26.18,26.76
20170612,26.7,26.78,25.98,26.11
20170613,26.39,26.84,26.34,26.7
20170614,26.73,26.93,26.23,26.69
20170615,26.36,26.81,26.23,26.67
20170616,26.69,26.88,26.49,26.73
20170619,26.99,27.8,26.98,27.7
20170620,27.75,27.75,26.74,26.85
20170621,26.73,26.99,26.52,26.59
20170622,26.61,26.86,26.54,26.6
20170623,26.55,26.87,26.33,26.44
20170626,26.41,26.82,26.08,26.18
20170627,26.45,26.98,26.19,26.56
20170628,26.69,27.9,26.44,27.69
20170629,27.37,27.95,27.37,27.84
20170630,27.98,28.75,27.9,28.65
20170703,28.7,28.73,27.9,28.07
20170704,28.07,28.07,28.07,28.07
20170705,27.79,29.63,27.76,29.54
20170706,29.42,30.18,29.17,30.03
20170707,30.28,30.69,29.95,30.52
20170710,30.5,30.84,30.06,30.54
20170711,30.25,30.7,30.23,30.7
20170712,30.88,31.805,30.64,31.7
20170713,31.84,31.92,31.33,31.7
20170714,31.6,32.5,31.59,32.21
20170717,32.21,32.21,31.3,31.4
20170718,31.39,31.71,31.08,31.63
20170719,31.71,32.39,31.71,32.3
20170720,32.4,32.5,32.175,32.25
20170721,32.17,32.45,32.055,32.29
20170724,32.39,32.87,32.38,32.84
20170725,32.85,33.05,31.89,31.89
20170726,32.4,33.02,31.81,32.51
20170727,32.65,32.68,31.84,32.08
20170728,32.12,32.3,31.35,32.12
20170731,32.25,32.34,31.64,31.98
20170801,32.12,32.68,31.5,32.07
20170802,32.37,32.37,30.47,30.9
20170803,30.89,31.63,30.81,31.5
20170804,31.58,31.66,30.91,31.36
20170807,31.7,31.85,30.59,31.24
20170808,31.2,31.7,31.01,31.12
20170809,31.11,31.2,30.25,31.2
20170810,31.03,31.31,30.5,30.66
20170811,30.47,30.89,30.11,30.65
20170814,30.84,31.74,30.66,31.35
20170815,31.42,31.45,29.81,30.31
20170816,30.42,30.94,30.4,30.93
20170817,30.84,31.1,30.375,30.6
20170818,30.6,30.68,29.89,30.67
20170821,30.64,30.99,30.36,30.78
20170822,30.9,30.96,30.275,30.49
20170823,30.46,31.65,30.39,31.33
20170824,31.39,31.4,30.44,30.46
20170825,30.9,30.92,30.05,30.05
20170828,30.29,30.89,30.255,30.6
20170829,30.42,30.42,28.85,29.63
20170830,29.75,29.97,29.41,29.51
20170831,29.3,29.67,29.11,29.29
20170901,29.15,29.78,29.15,29.55
20170904,29.55,29.55,29.55,29.55
20170905,29.4,29.43,28.92,29.0
20170906,28.98,29.235,28.51,28.8
20170907,28.8,28.8,28.01,28.1
20170908,28.06,28.31,26.53,26.91
20170911,27.19,27.56,27.14,27.54
20170912,27.61,28.15,27.35,27.92
20170913,27.9,28.4,27.9,28.23
20170914,28.18,29.29,28.18,29.0
20170915,28.99,29.69,28.71,28.9
20170918,30.32,30.32,28.02,28.77
20170919,28.88,29.29,28.35,29.18
20170920,29.23,29.99,29.085,29.96
20170921,29.95,30.58,29.9,30.38
20170922,30.56,30.56,30.01,30.03
20170925,30.0,30.56,29.93,30.53
20170926,30.55,31.27,30.48,30.62
20170927,30.78,31.325,30.13,31.17
20170928,31.03,31.69,31.03,31.49
20170929,31.73,32.16,31.57,32.11
20171002,32.65,33.4,32.4,32.86
20171003,33.07,33.62,32.875,33.06
20171004,33.25,34.1,33.19,34.05
20171005,34.06,34.84,33.82,34.26
20171006,34.05,35.5,33.76,35.33
20171009,35.5,37.82,35.5,37.41
20171010,37.77,39.82,37.77,39.72
20171011,39.7,40.52,39.435,40.51
20171012,40.4,40.98,39.56,40.19
20171013,40.16,40.68,40.02,40.13
20171016,40.17,40.62,40.11,40.15
20171017,40.05,40.24,38.96,39.48
20171018,39.55,40.38,39.53,40.2
20171019,39.74,40.01,39.2,40.01
20171020,40.0,40.0,39.0,39.14
20171023,39.29,39.435,38.03,38.17
20171024,37.91,38.67,37.8,38.06
20171025,38.07,38.13,36.81,37.64
20171026,38.14,38.82,38.1,38.73
20171027,38.88,38.93,38.14,38.79
20171030,38.84,39.58,38.84,39.44
20171031,39.5,39.67,39.04,39.22
20171101,39.59,40.1,39.33,39.47
20171102,39.38,39.97,39.32,39.44
20171103,39.44,39.745,39.165,39.57
20171106,39.22,40.13,39.22,40.1
20171107,40.62,40.62,39.96,40.04
20171108,40.19,40.19,39.34,39.98
20171109,40.01,40.01,39.145,39.69
20171110,39.84,39.84,39.22,39.47
20171113,39.35,40.44,38.33,38.78
20171114,38.81,39.49,38.81,39.46
20171115,39.13,39.94,39.1,39.77
20171116,39.92,44.79,39.88,43.45
20171117,43.59,43.61,41.18,43.48
20171120,44.32,45.64,43.38,44.19
20171121,43.38,47.9,40.88,44.99
20171122,45.99,47.31,44.71,47.04
20171123,47.04,47.04,47.04,47.04
20171124,47.31,48.3,45.25,48.09
20171127,47.63,47.63,45.47,47.19
20171128,46.43,46.43,41.5,42.53
20171129,42.87,44.48,42.66,43.71
20171130,43.41,43.575,39.29,40.4
20171201,39.79,40.74,39.65,40.4
20171204,40.55,40.55,39.55,39.85
20171205,40.36,40.805,40.0,40.53
20171206,40.27,42.77,40.04,42.76
20171207,42.28,44.785,42.11,44.31
20171208,44.5,44.5,42.52,43.18
20171211,43.0,44.08,42.97,43.69
20171212,43.26,43.485,42.52,42.66
20171213,42.95,43.6,42.35,43.19
20171214,43.05,43.78,42.42,43.4
20171215,43.3,43.88,43.07,43.75
20171218,43.89,45.24,43.69,45.09
20171219,44.99,45.4,44.2,44.83
20171220,44.91,45.26,43.23,43.85
20171221,44.52,45.31,44.18,45.13
20171222,45.26,45.43,44.0,45.33
20171225,45.33,45.33,45.33,45.33
20171226,45.39,45.5,44.14,45.2
20171227,45.21,45.99,45.21,45.9
20171228,45.96,46.49,45.3,45.85
20171229,45.85,47.125,45.85,46.28
20180101,46.28,46.28,46.28,46.28
20180102,46.98,47.75,46.0,47.34
20180103,47.5,47.72,44.86,45.65
20180104,45.41,46.2,45.0,45.05
20180105,45.7,46.555,45.15,45.57
20180108,45.96,49.0,45.81,48.91
20180109,48.57,49.84,48.5,49.47
20180110,49.25,51.64,49.0,50.56
20180111,50.71,52.82,50.71,52.08
20180112,52.1,52.67,50.98,51.3
20180115,51.3,51.3,51.3,51.3
20180116,51.09,52.425,50.07,50.25
20180117,50.7,50.7,49.91,50.12
20180118,50.04,50.91,49.95,50.5
20180119,50.58,50.95,50.5,50.85
20180122,51.08,52.25,51.0,51.76
20180123,51.98,51.98,51.35,51.67
20180124,52.1,52.44,50.21,51.99
20180125,52.09,52.825,51.99,52.27
20180126,52.8,55.5,52.66,55.03
20180129,54.81,54.81,52.13,52.54
20180130,51.97,52.31,49.51,50.27
20180131,50.8,51.4,48.69,49.41
20180201,49.27,50.53,48.8,49.0
20180202,49.02,49.02,46.59,47.02
20180205,46.81,46.81,44.6,45.01
20180206,43.7,45.98,42.02,45.31
20180207,44.35,45.77,44.35,44.67
20180208,44.44,45.3,41.73,41.76
20180209,42.45,43.45,40.37,43.14
20180212,43.34,45.71,43.34,45.16
20180213,44.79,46.12,44.45,45.86
20180214,46.23,48.68,46.0,48.67
20180215,49.07,49.07,47.88,48.04
20180216,48.19,48.39,47.35,47.69
20180219,47.69,47.69,47.69,47.69
20180220,47.36,49.24,47.13,48.61
20180221,48.66,49.69,48.63,48.74
20180222,48.7,49.27,46.54,46.8
20180223,47.39,49.24,47.39,49.13
20180226,49.49,49.99,45.88,46.13
20180227,45.93,47.14,45.93,46.83
20180228,47.24,47.41,45.5,46.44
20180301,46.63,46.79,43.41,44.77
20180302,44.09,44.41,40.88,42.68
20180305,42.0,44.19,41.06,42.59
20180306,43.0,44.44,42.63,43.98
20180307,46.7,47.48,44.04,46.2
20180308,46.24,50.0,46.24,49.6
20180309,49.83,50.77,49.76,50.35
20180312,50.56,50.88,49.73,50.63
20180313,50.34,50.38,47.95,48.46
20180314,49.09,50.07,48.42,49.04
20180315,49.3,49.62,46.43,46.84
20180316,46.86,47.85,45.25,47.38
20180319,47.21,47.21,45.01,46.17
20180320,46.2,49.73,46.15,49.7
20180321,49.5,51.05,49.05,50.52
20180322,49.67,50.85,49.13,49.38
20180323,49.3,49.3,46.86,47.32
20180326,48.45,49.66,47.71,49.38
20180327,49.61,51.39,48.9,49.1
20180328,49.18,49.47,45.205,45.63
20180329,46.12,47.92,45.125,47.21
20180330,47.21,47.21,47.21,47.21
20180402,46.96,48.02,46.11,46.84
20180403,47.45,47.77,46.65,47.36
20180404,46.45,49.0,46.45,48.41
20180405,49.01,49.65,48.1,48.29
20180406,47.72,48.4,47.45,47.78
20180409,48.45,49.84,48.13,48.58
20180410,49.87,52.18,49.14,50.73
20180411,50.2,51.85,49.84,51.05
20180412,51.72,52.47,49.36,49.51
20180413,49.69,50.24,49.02,49.99
20180416,50.11,50.11,47.23,48.39
20180417,48.38,51.55,48.38,49.9
20180418,49.81,49.97,48.46,49.0
20180419,49.0,50.22,47.67,47.91
20180420,47.69,49.33,47.33,48.87
20180423,49.0,49.65,48.99,49.44
20180424,49.89,51.6,49.8,50.71
20180425,50.58,50.58,49.03,49.37
20180426,50.06,50.73,49.52,50.1
20180427,50.42,51.41,50.29,50.97
20180430,51.34,52.92,51.25,51.67
20180501,51.46,52.1,51.25,51.84
20180502,52.2,52.86,51.64,52.62
20180503,52.49,53.87,51.09,53.47
20180504,53.12,54.8,52.01,54.5
20180507,54.7,58.75,54.68,57.65
20180508,57.63,57.93,56.22,56.6
20180509,57.15,58.92,57.0,58.67
20180510,58.74,60.39,58.74,60.26
20180511,60.6,60.94,58.09,59.2
20180514,59.21,61.0,59.21,60.58
20180515,60.64,65.23,60.095,64.78
20180516,65.4,67.11,63.61,66.48
20180517,66.78,67.42,65.79,67.09
20180518,66.55,68.07,66.21,67.61
20180521,68.12,69.56,66.76,67.25
20180522,66.65,67.44,62.96,63.31
20180523,62.47,63.99,62.46,63.57
20180524,63.7,63.8,61.78,62.92
20180525,62.9,66.16,62.62,65.09
20180528,65.09,65.09,65.09,65.09
20180529,65.24,65.26,61.23,62.39
20180530,61.61,67.0,59.27,61.18
20180531,61.54,63.03,58.86,59.88
20180601,59.97,63.22,59.81,62.59
20180604,63.0,64.55,61.8,62.92
20180605,62.56,62.78,61.8,62.46
20180606,63.08,65.81,63.08,65.6
20180607,65.27,65.38,62.14,64.63
20180608,63.79,65.47,63.33,65.14
20180611,64.71,65.63,60.9,61.48
20180612,61.65,62.63,61.18,61.8
20180613,61.88,62.08,60.65,61.76
20180614,61.45,61.8,61.0,61.3
20180615,60.73,61.42,60.44,61.19
20180618,60.85,60.85,59.65,60.25
20180619,59.05,59.96,56.7,57.76
20180620,57.92,58.365,57.24,57.66
20180621,57.46,57.46,55.48,55.87
20180622,55.8,56.78,54.25,55.7
20180625,55.7,55.7,53.98,54.8
20180626,54.91,56.42,54.79,55.43
20180627,55.33,55.88,53.33,53.86
20180628,53.615,53.74,52.115,52.68
20180629,53.3,53.4,51.16,52.15
20180702,51.72,51.75,49.37,49.69
20180703,49.71,49.93,47.13,47.32
20180704,47.32,47.32,47.32,47.32
20180705,47.46,48.25,46.2,47.71
20180706,47.34,49.19,46.11,48.6
20180709,48.81,49.74,48.02,49.22
20180710,49.0,49.56,47.75,48.04
20180711,47.32,48.29,46.55,47.72
20180712,48.43,48.98,47.81,48.24
20180713,48.22,48.25,46.26,46.53
20180716,46.72,46.89,46.0,46.52
20180717,46.32,46.6,45.63,45.99
20180718,46.02,47.91,46.02,47.65
20180719,47.55,48.7,46.78,47.48
20180720,47.49,50.13,47.49,49.81
20180723,49.58,50.47,49.01,50.22
20180724,50.61,52.72,50.5,51.48
20180725,51.6,54.06,51.48,53.83
20180726,53.4,54.045,52.25,53.02
20180727,53.47,53.95,51.94,53.02
20180730,53.0,53.01,51.46,51.52
20180731,51.52,51.63,50.72,51.06
20180801,51.1,51.74,50.78,51.29
20180802,50.62,51.25,49.73,51.16
20180803,51.0,51.64,50.375,51.0
20180806,50.91,51.03,46.09,46.2
20180807,46.5,47.88,45.89,46.04
20180808,46.3,46.3,43.39,44.38
20180809,44.47,44.955,43.8,43.82
20180810,43.4,44.11,42.94,43.05
20180813,42.93,44.0,41.52,42.36
20180814,42.48,42.825,40.53,41.01
20180815,40.29,41.37,38.66,40.71
20180816,40.09,42.71,40.09,41.85
20180817,41.87,43.72,41.605,43.36
20180820,43.92,46.31,43.54,45.27
20180821,44.86,48.11,44.86,46.87
20180822,46.86,47.48,46.315,46.89
20180823,46.85,47.28,46.42,46.58
20180824,46.65,47.47,45.85,46.57
20180827,46.74,49.09,46.74,48.72
20180828,48.78,49.86,48.68,49.69
20180829,47.04,49.52,46.6,49.27
20180830,48.87,49.1,43.46,43.79
20180831,43.38,47.05,43.01,47.04
20180903,47.04,47.04,47.04,47.04
20180904,46.7,47.07,44.79,46.58
20180905,45.95,45.95,42.425,44.23
20180906,44.17,44.8,42.84,43.83
20180907,43.74,43.98,42.905,43.69
20180910,43.76,43.92,39.945,40.19
20180911,39.75,39.86,38.46,38.55
20180912,39.42,39.52,37.7,38.14
20180913,38.91,39.84,38.21,39.56
20180914,39.44,41.13,39.2,39.47
20180917,39.09,39.94,38.88,39.02
20180918,39.21,40.28,39.07,39.35
20180919,39.57,40.82,39.5,40.44
20180920,40.54,41.5,40.09,40.4
20180921,41.0,43.21,40.65,42.28
20180924,41.61,42.22,40.7,40.91
20180925,41.29,41.78,40.41,41.3
20180926,41.6,41.99,40.69,40.95
20180927,40.98,42.18,40.81,41.77
20180928,41.75,43.2,41.6,42.14
20181001,42.55,43.7,41.74,41.86
20181002,41.59,41.76,40.26,40.64
20181003,40.88,41.96,40.74,41.37
20181004,41.22,41.22,37.95,38.04
20181005,38.16,38.16,35.57,36.53
20181008,35.55,37.11,35.49,36.83
20181009,36.37,38.07,35.97,36.72
20181010,36.46,36.94,34.86,34.9
20181011,34.63,36.22,34.37,35.14
20181012,36.19,37.41,35.96,36.82
20181015,36.4,36.7,35.96,36.29
20181016,36.63,37.51,36.63,37.19
20181017,36.86,37.0,35.8,35.88
20181018,35.7,35.995,34.2,34.79
20181019,35.32,36.34,35.0,35.86
20181022,37.13,38.3,36.88,37.8
20181023,36.61,37.06,35.63,36.64
20181024,36.27,36.64,34.61,34.71
20181025,34.98,37.005,34.93,36.08
20181026,35.385,38.09,35.001,37.44
20181029,37.82,38.19,36.94,37.06
20181030,37.06,37.38,36.45,37.2
20181031,37.79,39.59,37.45,37.71
20181101,38.0,41.04,37.18,40.8
20181102,41.0,41.2,39.16,41.05
20181105,40.95,41.48,40.78,41.02
20181106,41.4,43.26,41.295,43.1
20181107,43.69,44.1,42.965,43.89
20181108,43.66,44.47,43.25,44.01
20181109,43.17,44.37,42.78,43.38
20181112,43.4,43.4,42.41,42.43
20181113,42.72,43.38,41.86,42.04
20181114,42.42,43.27,42.25,42.62
20181115,42.53,43.3,42.105,42.72
20181116,42.31,42.415,41.17,41.9
20181119,41.98,41.98,40.46,40.8
20181120,41.55,46.97,40.86,44.77
20181121,45.48,46.7,43.725,44.35
20181122,44.35,44.35,44.35,44.35
20181123,43.77,45.58,42.52,44.98
20181126,45.85,47.5,45.84,45.92
20181127,45.57,46.0,44.46,45.0
20181128,45.34,47.5,45.0,47.41
20181129,47.03,47.94,46.79,47.88
20181130,47.88,49.24,47.83,48.68
20181203,50.99,50.99,49.29,50.49
20181204,50.0,51.23,49.68,50.55
20181205,50.55,50.55,50.55,50.55
20181206,49.38,49.67,47.965,49.45
20181207,49.04,49.65,46.36,46.46
20181210,46.1,48.06,45.79,46.37
20181211,46.68,46.79,43.55,44.15
20181212,44.89,45.19,44.32,44.54
20181213,44.91,45.09,44.34,44.43
20181214,43.74,44.02,42.27,42.71
20181217,42.29,43.6,42.06,42.25
20181218,42.4,44.49,42.4,44.23
20181219,43.41,44.2,40.92,41.15
20181220,41.14,42.0,40.84,41.67
20181221,41.64,42.19,40.7,41.17
20181224,41.0,41.84,40.52,41.21
20181225,41.21,41.21,41.21,41.21
20181226,41.37,43.14,41.24,43.12
20181227,42.51,43.53,42.08,42.85
20181228,42.97,44.26,42.71,43.64
20181231,43.75,44.41,42.22,43.32
20190101,43.32,43.32,43.32,43.32
20190102,42.4,43.63,41.21,43.36
20190103,42.61,43.11,41.73,42.26
20190104,43.08,45.89,42.76,45.2
20190107,45.4,47.14,45.4,46.48
20190108,46.81,47.01,44.6,44.86
20190109,45.46,46.22,44.12,44.32
20190110,44.58,45.05,44.21,44.82
20190111,44.55,45.1,44.55,44.59
20190114,44.46,44.96,43.66,43.71
20190115,44.0,45.22,43.88,44.6
20190116,44.78,45.19,44.02,44.98
20190117,44.52,45.95,44.25,45.68
20190118,46.08,48.97,46.06,48.83
20190121,48.83,48.83,48.83,48.83
20190122,48.86,48.86,46.73,47.18
20190123,47.43,47.43,42.76,42.9
20190124,43.22,44.68,42.91,44.12
20190125,44.62,45.21,43.55,44.81
20190128,44.21,45.466,43.215,45.0
20190129,45.03,45.38,42.76,42.97
20190130,43.5,44.72,43.26,44.6
20190131,44.9,47.0,44.8,47.0
20190201,46.98,48.04,46.58,47.79
20190204,47.88,48.13,46.67,47.5
20190205,47.71,48.0,47.2,47.67
20190206,47.91,48.0,46.69,47.71
20190207,47.49,47.49,46.09,46.67
20190208,46.38,47.54,45.91,47.51
20190211,47.86,49.2,47.305,48.59
20190212,48.69,49.4,48.14,48.54
20190213,49.13,49.36,48.44,49.21
20190214,49.09,50.3,48.44,50.15
20190215,50.0,50.0,49.15,49.64
20190218,49.64,49.64,49.64,49.64
20190219,49.76,52.3,49.63,52.23
20190220,52.14,54.26,51.54,52.54
20190221,52.37,52.38,49.32,49.51
20190222,50.48,55.86,50.17,54.95
20190225,57.56,59.81,56.93,56.96
20190226,56.53,56.865,52.8,54.57
20190227,54.26,57.118,54.115,56.83
20190228,56.69,57.87,56.41,57.75
20190301,58.31,59.4,58.13,59.12
20190304,59.5,59.83,57.725,58.37
20190305,58.31,60.06,57.7018,59.75
20190306,59.75,60.14,56.67,57.24
20190307,56.93,57.0,53.1542,54.46
20190308,53.43,53.84,51.16,53.67
20190311,54.14,54.41,52.35,53.31
20190312,53.95,54.33,52.89,53.67
20190313,50.16,50.3,45.005,47.48
20190314,46.83,48.24,45.525,45.79
20190315,45.91,46.91,45.69,46.39
20190318,46.53,47.36,46.0,46.89
20190319,47.09,47.32,46.4,47.25
20190320,46.89,47.25,44.72,45.52
20190321,45.66,46.49,45.2,45.86
20190322,45.48,46.0374,44.6,44.96
20190325,44.89,46.0,44.7507,45.79
20190326,45.94,47.36,45.03,45.4
20190327,45.44,46.245,44.75,45.46
20190328,45.4,46.17,44.985,46.03
20190329,46.21,50.74,46.21,48.46
20190401,49.14,52.55,49.04,52.37
20190402,52.0,52.15,49.78,50.2
20190403,50.71,51.8,50.45,50.97
20190404,50.56,52.07,50.5,51.89
20190405,51.93,52.0,50.705,51.51
20190408,51.11,51.11,49.63,50.42
20190409,50.21,50.28,48.85,50.0
20190410,49.91,50.02,48.3025,49.84
20190411,49.35,49.65,48.06,49.27
20190412,49.93,52.09,49.72,50.3
20190415,50.17,50.79,49.2754,50.5
20190416,51.17,55.26,50.96,54.17
20190417,53.7,54.17,52.52,53.77
20190418,54.33,54.36,53.38,53.9
20190419,53.9,53.9,53.9,53.9
20190422,54.05,55.2,53.355,55.15
20190423,55.15,56.32,54.56,56.13
20190424,56.0,56.32,54.42,56.2
20190425,55.77,57.63,54.51,56.82
20190426,56.88,57.38,52.94,54.43
20190429,54.83,56.24,54.04,55.73
20190430,55.76,56.59,54.34,54.34
20190501,54.8,54.955,53.96,53.96
20190502,54.05,54.05,51.25,52.62
20190503,53.12,53.78,52.55,53.22
20190506,50.79,51.98,49.96,51.33
20190507,50.64,51.62,49.41,49.87
20190508,49.69,50.21,48.51,49.2
20190509,48.32,48.35,46.01,47.98
20190510,47.8,49.22,46.93,48.5
20190513,46.79,47.27,45.24,45.63
20190514,46.23,46.33,45.27,45.39
20190515,45.35,46.84,44.5,46.42
20190516,47.05,47.92,45.715,47.55
20190517,47.87,47.87,42.36,42.64
20190520,41.73,41.98,40.31,40.56
20190521,40.86,41.63,40.02,40.42
20190522,40.13,40.81,39.36,40.04
20190523,39.75,39.75,38.44,38.56
20190524,38.8,39.01,38.04,38.12
20190527,38.12,38.12,38.12,38.12
20190528,38.42,39.26,37.96,38.45
20190529,39.31,39.355,38.05,39.17
20190530,39.23,39.9,39.135,39.65
20190531,38.87,39.39,38.0,38.25
20190603,38.34,38.85,38.04,38.32
20190604,38.63,39.95,38.19,39.45
20190605,39.82,40.3,38.945,39.41
20190606,39.03,39.42,37.475,37.83
20190607,38.06,38.75,37.96,38.31
20190610,38.75,40.32,38.57,39.83
20190611,40.41,41.24,39.77,39.94
20190612,39.26,39.83,38.945,39.47
20190613,39.7,40.29,39.41,40.21
20190614,39.97,40.6,39.77,40.44
20190617,40.58,41.99,39.3,39.39
20190618,40.0,42.05,39.39,41.75
20190619,41.99,42.145,40.46,40.91
20190620,41.93,42.82,41.09,42.34
20190621,41.91,41.91,40.69,41.28
20190624,41.33,42.55,41.01,41.31
20190625,40.88,40.99,39.7,40.08
20190626,40.55,41.49,40.04,40.85
20190627,41.37,42.48,41.2,42.19
20190628,42.13,42.7,41.83,42.55
20190701,43.68,45.24,43.68,44.76
20190702,44.68,44.92,44.24,44.62
20190703,44.44,45.28,44.23,44.87
20190704,44.87,44.87,44.87,44.87
20190705,44.61,44.82,43.7,44.74
20190708,37.21,37.71,34.5001,35.6
20190709,33.76,35.4,33.56,34.85
20190710,35.2,35.2,33.31,33.42
20190711,33.35,34.32,32.84,33.04
20190712,33.04,33.18,30.32,32.01
20190715,31.8,32.5,31.56,32.01
20190716,32.0,32.74,31.75,32.5
20190717,32.74,33.65,32.36,33.19
20190718,33.2,34.3,33.2,34.05
20190719,34.4,34.52,32.81,32.9
20190722,32.73,32.89,31.74,32.63
20190723,32.83,33.755,32.59,33.34
20190724,33.32,34.155,33.32,33.66
20190725,33.7,33.97,32.17,32.67
20190726,32.7,33.315,32.4317,33.17
20190729,32.88,33.195,32.42,32.8
20190730,32.35,32.97,31.87,32.79
20190731,32.92,32.92,32.05,32.34
20190801,32.59,32.7,30.61,30.96
20190802,30.88,31.17,30.4,30.98
20190805,30.08,30.44,29.44,29.89
20190806,30.4,30.64,29.87,30.37
20190807,29.9,30.5,29.83,30.15
20190808,30.55,30.82,30.06,30.6
20190809,30.37,30.78,29.49,29.52
20190812,29.02,29.17,28.25,29.03
20190813,28.76,30.31,28.57,29.84
20190814,28.89,29.48,28.17,28.43
20190815,28.92,29.58,28.64,29.24
20190816,29.59,30.3,29.48,30.01
20190819,31.0,31.22,29.39,29.48
20190820,29.5,31.37,29.28,30.87
20190821,31.33,31.9,31.26,31.28
20190822,31.06,31.84,30.99,31.35
20190823,31.07,31.76,30.63,30.72
20190826,31.14,31.14,29.48,29.68
20190827,29.99,30.6,29.24,29.66
20190828,29.67,29.93,28.83,29.0
20190829,30.39,31.0,28.62,28.8
20190830,28.73,30.68,28.73,30.0
20190902,30.0,30.0,30.0,30.0
20190903,30.0,30.9,28.71,28.85
20190904,29.29,30.18,29.1,29.47
20190905,29.87,30.82,29.69,29.7
20190906,30.0,30.6,29.49,29.5
20190909,29.73,31.35,29.57,31.03
20190910,30.8,31.31,29.52,29.96
20190911,30.04,30.81,29.55,30.81
20190912,31.27,32.54,30.5901,30.67
20190913,30.85,31.62,30.44,30.73
20190916,30.44,31.62,30.31,31.38
20190917,31.34,31.67,30.89,31.25
20190918,31.2,31.9,31.05,31.47
20190919,31.57,31.79,30.98,31.04
20190920,30.85,31.21,30.71,30.75
20190923,30.6,30.96,30.5,30.57
20190924,30.56,30.72,29.41,29.54
20190925,29.31,29.97,29.11,29.7
20190926,29.56,29.86,29.07,29.7
20190927,29.78,30.35,29.01,29.15
20190930,29.32,29.43,28.75,29.2
20191001,29.2,29.46,28.43,28.88
20191002,28.65,28.655,27.33,27.61
20191003,27.75,27.85,26.99,27.69
20191004,27.57,28.45,27.5,28.11
20191007,27.8,27.8,27.12,27.5
20191008,27.39,27.49,26.48,26.75
20191009,26.89,27.44,26.56,27.17
20191010,27.31,27.64,27.06,27.26
20191011,27.35,28.79,27.35,28.3
20191014,28.4,28.47,27.82,27.94
20191015,27.87,28.73,27.65,28.55
20191016,28.29,28.99,28.25,28.9
20191017,29.12,29.3,28.31,28.65
20191018,28.48,28.65,28.03,28.34
20191021,28.58,29.27,28.32,29.26
20191022,29.21,29.55,29.1,29.35
20191023,29.12,29.46,29.12,29.26
20191024,30.23,30.74,29.72,30.27
20191025,30.19,30.76,29.83,29.9
20191028,30.13,31.305,30.13,30.97
20191029,30.81,31.22,30.49,31.13
20191030,30.88,31.9,30.78,31.3
20191031,31.09,31.28,30.1,30.29
20191101,30.74,31.43,30.54,31.3
20191104,31.3,32.67,31.3,32.41
20191105,32.47,32.68,31.97,32.27
20191106,32.25,32.4,31.9,32.23
20191107,32.4,33.505,32.4,33.13
20191108,33.1,33.37,32.86,33.16
20191111,32.68,33.22,32.15,32.89
20191112,32.7,33.06,31.1801,31.31
20191113,30.86,30.86,28.97,29.21
20191114,29.09,29.42,28.715,28.92
20191115,29.15,29.59,28.225,28.39
20191118,28.39,28.72,27.38,28.08
20191119,28.54,28.81,28.17,28.29
20191120,28.22,28.64,27.64,28.2
20191121,28.09,28.6,27.91,28.51
20191122,28.58,29.045,28.33,28.78
20191125,29.02,30.87,29.0,30.85
20191126,30.75,30.79,29.66,29.85
20191127,29.7,29.85,28.82,29.4
20191128,29.4,29.4,29.4,29.4
20191129,29.04,29.44,28.73,29.14
20191202,29.36,29.67,28.88,29.25
20191203,28.77,29.1,28.11,29.06
20191204,29.08,29.28,28.52,28.61
20191205,28.74,28.74,27.96,28.51
20191206,28.8,29.3969,28.72,28.95
20191209,28.76,29.4,28.76,28.95
20191210,29.09,29.25,28.54,29.04
20191211,29.19,30.1,29.08,29.94
20191212,30.05,32.19,29.71,31.55
20191213,31.41,33.4,31.11,33.1
20191216,33.34,34.745,33.05,34.64
20191217,34.6,35.35,34.505,35.27
20191218,35.16,35.3,34.4125,34.84
20191219,34.65,35.36,34.45,35.32
20191220,35.4,35.455,34.46,34.62
20191223,34.85,35.0,34.48,34.92
20191224,34.86,35.5,34.49,35.0
20191225,35.0,35.0,35.0,35.0
20191226,35.0,36.29,35.0,35.9
20191227,36.15,36.39,35.3,35.5
20191230,35.59,35.87,35.275,35.4
20191231,35.21,35.99,35.21,35.37
20200101,35.37,35.37,35.37,35.37
20200102,35.79,38.46,35.79,38.33
20200103,37.48,37.84,36.43,36.43
20200106,36.35,36.84,36.0,36.64
20200107,36.7,38.45,36.7,37.6
20200108,37.48,38.57,37.3,38.28
20200109,38.5,38.85,37.68,38.15
20200110,38.15,38.455,37.95,38.1
20200113,38.35,39.33,38.328,39.25
20200114,38.99,39.165,37.92,38.68
20200115,38.43,39.45,37.68,38.74
20200116,39.24,39.98,39.11,39.72
20200117,39.85,40.18,37.84,37.93
20200120,37.93,37.93,37.93,37.93
20200121,36.88,37.5,36.64,37.1
20200122,37.46,38.015,37.3325,37.87
20200123,36.99,37.03,36.38,36.86
20200124,37.04,37.29,35.74,36.06
20200127,34.0,34.42,32.78,34.13
20200128,34.24,35.1,34.12,34.18
20200129,34.18,34.67,33.8,34.01
20200130,33.87,34.95,33.81,34.16
20200131,34.0,34.145,33.7,33.93
20200203,33.9,35.16,33.9,34.47
20200204,35.43,36.99,35.43,36.29
20200205,36.78,37.0,35.98,36.92
20200206,37.16,37.65,36.845,37.59
20200207,37.21,37.48,35.73,36.25
20200210,36.05,37.34,36.05,36.96
20200211,37.33,37.33,35.19,35.91
20200212,36.18,36.65,35.34,35.37
20200213,35.03,35.25,33.56,33.85
20200214,33.8,34.69,33.78,34.19
20200217,34.19,34.19,34.19,34.19
20200218,33.69,34.04,33.06,33.08
20200219,33.39,33.9361,33.2,33.6
20200220,33.58,34.25,32.81,32.94
20200221,32.85,32.85,31.41,31.62
20200224,30.5,30.84,29.5,29.59
20200225,29.96,30.29,28.0,28.89
20200226,28.98,30.28,28.975,29.15
20200227,28.95,30.575,28.51,29.39
20200228,28.39,28.78,27.8,28.38
20200302,28.46,29.33,28.13,29.31
20200303,29.45,29.45,27.71,28.2
20200304,28.71,29.14,28.375,28.73
20200305,28.3,28.43,27.83,28.26
20200306,27.56,27.76,26.21,26.29
20200309,25.21,25.74,24.725,25.13
20200310,26.0,26.45,25.23,26.0
20200311,25.16,25.48,23.7,24.67
20200312,22.27,22.955,21.99,22.52
20200313,23.74,24.49,23.0,24.45
20200316,22.52,23.97,21.98,22.53
20200317,22.9,23.22,22.71,22.96
20200318,21.73,22.265,21.31,22.15
20200319,21.97,22.28,21.13,21.83
20200320,22.44,23.69,21.93,22.21
20200323,22.17,22.36,20.42,21.06
20200324,21.7,22.89,21.7,22.68
20200325,23.68,26.65,22.77,25.23
20200326,25.23,26.95,25.23,26.72
20200327,25.99,26.25,23.38,24.0
20200330,24.15,25.02,23.89,24.07
20200331,24.2,25.98,24.08,25.86
20200401,25.11,25.7525,24.73,25.04
20200402,24.78,24.9,22.0,23.53
20200403,23.42,23.64,22.33,22.8
20200406,22.96,23.9,22.38,23.06
20200407,23.95,24.2,22.79,22.97
20200408,23.21,24.32,22.96,23.86
20200409,24.0,24.76,23.51,24.65
20200413,24.75,24.79,23.76,24.29
20200414,24.82,24.9,23.89,23.95
20200415,23.67,24.18,23.35,23.96
20200416,24.16,24.34,23.2,23.54
20200417,24.44,24.72,23.8,24.57
20200420,24.37,24.81,24.075,24.24
20200421,23.85,24.1,23.21,23.29
20200422,23.8,24.51,23.59,24.4
20200423,24.44,25.3,24.4,24.97
20200424,25.02,25.76,25.02,25.62
20200427,25.8,27.32,25.8,27.3
20200428,27.71,27.94,26.49,26.85
20200429,27.44,29.0,27.44,28.42
20200430,28.26,28.48,27.36,27.76
20200501,27.16,27.16,25.55,26.01
20200504,25.58,25.86,25.07,25.5
20200505,25.78,26.59,25.66,25.76
20200506,26.0,26.4,25.81,26.03
20200507,26.18,26.47,25.84,25.96
20200508,26.35,27.17,26.35,26.92
20200511,26.69,27.13,26.535,26.82
20200512,26.91,27.04,26.57,26.62
20200513,26.72,26.77,25.78,25.92
20200514,25.32,25.84,24.69,25.78
20200515,25.54,26.63,25.535,26.22
20200518,27.0,27.375,26.72,27.23
20200519,27.83,28.5,26.63,27.77
20200520,28.34,29.76,27.66,27.75
20200521,27.35,28.06,26.8,26.89
20200522,26.62,26.62,25.21,25.82
20200526,26.5,27.35,26.15,26.48
20200527,26.29,27.27,26.29,26.94
20200528,27.06,27.06,26.05,26.05
20200529,25.9,26.59,25.55,26.53
20200601,26.62,27.16,26.04,26.4
20200602,26.56,26.56,25.62,26.02
20200603,26.47,27.45,26.18,27.16
20200604,26.93,27.07,26.52,26.75
20200605,27.67,28.0,27.39,27.52
20200608,27.63,28.96,27.63,28.27
20200609,28.04,28.56,27.59,28.08
20200610,28.26,28.26,26.91,27.21
