20120102,9.5,9.5,9.5,9.5
20120103,9.79,10.05,9.65,9.81
20120104,9.77,10.06,9.65,9.95
20120105,9.87,10.35,9.7,10.21
20120106,10.26,10.33,10.05,10.19
20120109,10.18,10.4,10.07,10.27
20120110,10.43,10.62,9.68,9.83
20120111,9.77,9.94,9.47,9.6
20120112,9.6,9.72,9.36,9.46
20120113,9.29,9.38,9.13,9.29
20120116,9.29,9.29,9.29,9.29
20120117,9.46,9.63,9.05,9.19
20120118,9.2,9.35,8.88,9.32
20120119,9.35,9.57,9.3,9.31
20120120,9.32,9.49,9.25,9.35
20120123,9.37,9.46,9.23,9.3
20120124,9.23,9.45,9.05,9.42
20120125,9.43,9.73,9.25,9.71
20120126,9.8,9.82,8.71,8.8
20120127,8.66,8.88,8.55,8.82
20120130,8.69,8.69,8.27,8.3
20120131,8.35,8.41,8.1,8.14
20120201,8.25,8.28,7.75,8.17
20120202,8.23,8.3,7.9,7.98
20120203,8.19,8.25,8.04,8.2
20120206,8.17,8.25,8.02,8.22
20120207,8.22,8.62,8.16,8.59
20120208,8.64,8.69,8.5,8.65
20120209,8.67,8.74,8.45,8.54
20120210,8.43,8.53,8.15,8.16
20120213,8.29,8.39,8.06,8.06
20120214,8.08,8.09,7.75,7.94
20120215,7.99,8.06,7.46,7.75
20120216,7.78,8.13,7.75,8.1
20120217,8.05,8.61,7.84,8.18
20120220,8.18,8.18,8.18,8.18
20120221,8.25,8.27,7.4,7.88
20120222,7.89,7.96,7.7,7.88
20120223,7.9,8.11,7.71,8.07
20120224,8.12,8.24,8.01,8.11
20120227,8.06,8.19,7.95,8.12
20120228,8.14,8.14,7.89,7.97
20120229,8.02,8.06,7.83,7.87
20120301,7.88,8.09,7.83,7.84
20120302,7.85,8.03,7.79,7.84
20120305,7.8,7.83,7.69,7.76
20120306,7.59,7.59,7.44,7.55
20120307,7.6,7.61,7.46,7.5
20120308,7.59,7.82,7.49,7.74
20120309,7.77,8.0,7.73,7.79
20120312,7.72,7.93,7.63,7.68
20120313,7.76,7.8,7.68,7.77
20120314,7.79,7.9,7.76,7.82
20120315,7.86,7.96,7.68,7.95
20120316,8.0,8.17,7.93,8.03
20120319,8.04,8.41,7.94,8.35
20120320,8.25,8.26,7.9,7.94
20120321,7.94,8.02,7.65,7.94
20120322,7.81,7.93,7.65,7.75
20120323,7.76,8.2,7.76,8.16
20120326,8.26,8.4,8.13,8.37
20120327,8.36,8.42,8.19,8.25
20120328,8.23,8.3,8.1,8.18
20120329,8.08,8.16,7.78,7.98
20120330,8.07,8.22,8.01,8.19
20120402,8.15,8.31,8.1,8.27
20120404,8.03,8.16,8.0,8.01
20120405,8.0,8.1,7.85,7.91
20120406,7.91,7.91,7.91,7.91
20120409,7.73,7.91,7.64,7.65
20120410,7.67,7.68,7.35,7.39
20120411,7.51,7.6,7.44,7.47
20120412,7.49,7.71,7.46,7.56
20120413,7.53,7.53,7.42,7.46
20120416,7.39,7.48,7.1,7.2
20120417,7.27,7.34,7.14,7.15
20120418,7.12,7.2,6.91,6.96
20120419,6.97,7.07,6.86,6.95
20120420,7.07,7.18,6.95,7.0
20120423,6.86,7.05,6.78,7.01
20120424,7.02,7.1,6.92,7.0
20120425,7.09,7.22,7.05,7.09
20120426,7.07,7.37,6.99,7.36
20120427,6.7,6.85,6.47,6.56
20120430,6.51,6.56,6.33,6.36
20120501,6.33,6.41,6.28,6.31
20120502,6.28,6.35,6.21,6.24
20120503,6.24,6.36,6.21,6.25
20120504,6.19,6.24,6.03,6.2
20120507,6.15,6.3,6.07,6.26
20120508,6.2,6.39,6.11,6.36
20120509,6.27,6.29,6.15,6.25
20120510,6.33,6.44,6.23,6.29
20120511,6.21,6.37,6.16,6.22
20120514,6.11,6.15,6.0,6.08
20120515,6.1,6.15,5.91,5.96
20120516,5.95,6.14,5.78,5.8
20120517,5.8,5.96,5.75,5.78
20120518,5.78,5.88,5.73,5.88
20120521,5.9,6.09,5.84,6.0
20120522,6.02,6.1,5.8,5.84
20120523,5.77,6.01,5.68,6.01
20120524,5.99,6.0,5.72,5.86
20120525,5.84,5.91,5.71,5.8
20120528,5.8,5.8,5.8,5.8
20120529,5.85,6.01,5.81,5.98
20120530,5.89,5.93,5.76,5.86
20120531,5.84,5.86,5.65,5.79
20120601,5.63,5.71,5.5,5.53
20120604,5.56,5.56,5.36,5.5
20120605,5.46,5.59,5.43,5.5
20120606,5.58,5.65,5.54,5.57
20120607,5.65,5.8,5.53,5.55
20120608,5.53,5.58,5.4,5.56
20120611,5.61,5.62,5.31,5.31
20120612,5.37,5.56,5.33,5.54
20120613,5.51,5.67,5.44,5.46
20120614,5.47,5.58,5.4,5.48
20120615,5.48,5.56,5.39,5.51
20120618,5.44,5.49,5.35,5.4
20120619,5.43,5.78,5.41,5.75
20120620,5.75,6.0,5.66,5.96
20120621,5.94,5.94,5.57,5.63
20120622,5.67,5.74,5.57,5.66
20120625,5.54,5.55,5.28,5.3
20120626,5.32,5.45,5.19,5.31
20120627,5.33,5.6,5.3,5.57
20120628,5.48,6.03,5.46,6.03
20120629,6.11,6.15,5.82,5.9
20120702,5.92,6.3,5.91,6.3
20120703,6.28,6.36,5.86,6.3
20120704,6.3,6.3,6.3,6.3
20120705,6.27,6.38,6.17,6.22
20120706,6.13,6.32,6.13,6.25
20120709,6.24,6.37,6.2,6.29
20120710,6.34,6.37,5.82,5.86
20120711,5.9,6.0,5.75,5.89
20120712,5.84,5.88,5.7,5.84
20120713,5.85,6.27,5.84,6.23
20120716,6.19,6.39,6.13,6.31
20120717,6.34,6.39,6.16,6.35
20120718,6.34,6.48,6.26,6.47
20120719,6.51,6.59,6.35,6.36
20120720,6.37,6.4,6.14,6.29
20120723,6.15,6.24,6.05,6.19
20120724,6.22,6.23,5.91,5.97
20120725,6.0,6.13,5.92,5.95
20120726,6.08,6.4,6.06,6.4
20120727,6.0,6.9,5.94,6.73
20120730,6.74,6.99,6.69,6.9
20120731,6.87,7.0,6.78,6.83
20120801,6.86,6.87,6.6,6.68
20120802,6.63,6.8,6.57,6.6
20120803,6.75,6.88,6.69,6.81
20120806,6.83,6.97,6.71,6.8
20120807,6.84,6.97,6.71,6.9
20120808,6.88,6.98,6.79,6.85
20120809,6.86,7.1,6.76,7.01
20120810,7.0,7.09,6.85,7.04
20120813,7.04,7.21,6.9,7.19
20120814,7.22,7.22,6.96,7.05
20120815,7.01,7.07,6.84,7.02
20120816,7.03,7.18,7.01,7.14
20120817,7.11,7.15,6.99,7.12
20120820,7.07,7.22,6.91,7.04
20120821,7.09,7.26,7.01,7.22
20120822,7.18,7.25,7.12,7.17
20120823,7.15,7.21,7.08,7.18
20120824,7.13,7.21,7.04,7.13
20120827,7.15,7.24,7.08,7.1
20120828,7.09,7.16,6.99,7.05
20120829,7.05,7.13,6.9,7.03
20120830,6.96,7.01,6.71,6.76
20120831,6.81,6.95,6.77,6.88
20120903,6.88,6.88,6.88,6.88
20120904,6.88,7.17,6.79,7.09
20120905,7.1,7.3,7.03,7.27
20120906,7.3,7.6,7.3,7.49
20120907,7.61,7.76,7.52,7.74
20120910,7.75,7.8,7.57,7.57
20120911,7.59,7.75,7.48,7.67
20120912,7.66,7.78,7.64,7.77
20120913,7.78,7.97,7.65,7.82
20120914,7.89,8.31,7.86,8.19
20120917,8.13,8.13,7.86,7.97
20120918,7.92,7.99,7.7,7.79
20120919,7.78,7.92,7.67,7.7
20120920,7.62,7.67,7.47,7.57
20120921,7.7,7.84,7.62,7.66
20120924,7.61,7.92,7.61,7.73
20120925,7.76,7.78,7.37,7.38
20120926,7.38,7.39,7.14,7.33
20120927,7.36,7.53,7.23,7.41
20120928,7.36,7.52,7.33,7.41
20121001,7.46,7.54,7.4,7.43
20121002,7.45,7.46,7.29,7.33
20121003,7.34,7.34,6.95,6.97
20121004,7.03,7.12,6.92,7.03
20121005,7.06,7.28,7.05,7.08
20121008,7.03,7.16,7.01,7.07
20121009,7.09,7.16,7.03,7.05
20121010,7.03,7.16,6.91,7.01
20121011,7.1,7.16,7.03,7.09
20121012,7.06,7.07,6.85,6.85
20121015,6.85,6.88,6.7,6.75
20121016,6.8,6.87,6.75,6.85
20121017,6.89,7.16,6.89,7.11
20121018,7.09,7.35,7.08,7.29
20121019,7.16,7.16,6.68,6.72
20121022,6.73,6.79,6.46,6.53
20121023,6.45,6.6,6.4,6.54
20121024,6.61,6.74,6.29,6.3
20121025,6.35,6.62,6.3,6.62
20121026,6.63,7.62,6.63,6.71
20121029,6.71,6.71,6.71,6.71
20121030,6.71,6.71,6.71,6.71
20121031,6.85,6.87,6.58,6.79
20121101,6.76,7.02,6.75,6.94
20121102,7.0,7.16,6.93,7.07
20121105,7.01,7.23,6.94,7.11
20121106,7.16,7.29,7.14,7.25
20121107,7.1,7.18,6.76,6.78
20121108,6.79,6.82,6.52,6.61
20121109,6.59,6.73,6.44,6.58
20121112,6.6,6.77,6.54,6.76
20121113,6.73,6.87,6.64,6.72
20121114,6.72,6.95,6.67,6.74
20121115,6.76,6.93,6.71,6.87
20121116,6.86,6.91,6.56,6.87
20121119,7.03,7.2,6.95,7.17
20121120,7.17,7.33,7.12,7.33
20121121,7.38,7.55,7.33,7.47
20121122,7.47,7.47,7.47,7.47
20121123,7.52,7.64,7.44,7.57
20121126,7.56,7.66,7.46,7.59
20121127,7.54,7.67,7.47,7.56
20121128,7.45,7.76,7.44,7.7
20121129,7.8,7.9,7.75,7.81
20121130,7.83,7.9,7.73,7.8
20121203,7.88,7.9,7.64,7.7
20121204,7.69,7.88,7.69,7.75
20121205,7.8,7.88,7.68,7.7
20121206,7.69,7.88,7.63,7.87
20121207,7.88,7.88,7.65,7.69
20121210,7.7,7.8,7.64,7.76
20121211,7.8,7.89,7.72,7.86
20121212,7.89,7.9,7.76,7.77
20121213,7.76,7.79,7.6,7.65
20121214,7.6,7.82,7.54,7.74
20121217,7.78,7.85,7.72,7.82
20121218,7.78,8.0,7.7,7.95
20121219,7.95,7.95,7.77,7.78
20121220,7.76,8.1,7.73,8.01
20121221,7.98,7.99,7.78,7.95
20121224,7.95,8.01,7.86,7.89
20121225,7.89,7.89,7.89,7.89
20121226,7.94,8.0,7.75,7.78
20121227,7.8,7.92,7.71,7.91
20121228,7.84,7.89,7.7,7.77
20121231,7.75,7.94,7.61,7.85
20130101,7.85,7.85,7.85,7.85
20130102,8.1,8.27,8.03,8.22
20130103,8.2,8.38,8.12,8.22
20130104,8.27,8.39,8.23,8.29
20130107,8.22,8.31,7.96,8.0
20130108,7.98,8.02,7.85,7.9
20130109,7.97,8.05,7.79,7.92
20130110,7.97,8.1,7.89,8.05
20130111,8.08,8.14,7.96,8.0
20130114,7.96,8.08,7.74,7.8
20130115,7.72,7.98,7.7,7.94
20130116,7.89,7.94,7.85,7.88
20130117,7.95,8.25,7.9,8.12
20130118,8.07,8.23,7.92,8.2
20130121,8.2,8.2,8.2,8.2
20130122,8.16,8.39,8.03,8.38
20130123,8.36,8.38,8.22,8.33
20130124,8.33,8.48,8.27,8.35
20130125,8.42,8.53,8.38,8.53
20130128,8.55,8.59,8.42,8.53
20130129,8.52,8.63,8.49,8.63
20130130,8.6,8.68,8.48,8.51
20130131,8.44,8.7,8.42,8.62
20130201,8.69,8.71,8.56,8.65
20130204,8.53,8.63,8.45,8.56
20130205,8.64,8.82,8.57,8.75
20130206,8.65,8.8,8.63,8.8
20130207,8.82,8.84,8.48,8.53
20130208,8.56,8.83,8.56,8.75
20130211,8.19,8.48,8.17,8.43
20130212,8.4,8.49,8.4,8.48
20130213,8.49,8.59,8.39,8.52
20130214,8.49,8.95,8.44,8.9
20130215,8.93,9.25,8.7,9.15
20130218,9.15,9.15,9.15,9.15
20130219,8.48,9.03,8.41,8.92
20130220,8.9,9.0,8.62,8.62
20130221,8.61,8.65,8.41,8.62
20130222,8.73,8.73,8.52,8.72
20130225,8.76,8.9,8.4,8.41
20130226,8.46,8.64,8.23,8.6
20130227,8.55,8.79,8.52,8.72
20130228,8.73,9.03,8.63,8.81
20130301,8.72,8.94,8.6,8.92
20130304,8.84,8.94,8.56,8.75
20130305,8.81,9.1,8.8,9.06
20130306,9.2,9.22,8.94,9.0
20130307,9.0,9.07,8.96,9.07
20130308,9.12,9.29,9.03,9.23
20130311,9.23,9.32,9.15,9.25
20130312,9.27,9.32,9.18,9.26
20130313,9.3,9.32,9.23,9.26
20130314,9.31,9.58,9.27,9.58
20130315,9.59,9.69,9.44,9.48
20130318,9.3,9.47,9.27,9.3
20130319,9.3,9.39,8.94,9.08
20130320,9.15,9.19,8.91,9.02
20130321,8.96,9.14,8.94,8.95
20130322,9.02,9.14,8.99,9.12
20130325,9.17,9.25,9.09,9.19
20130326,9.25,9.41,9.21,9.39
20130327,9.32,9.54,9.26,9.46
20130328,9.5,9.5,9.28,9.28
20130329,9.28,9.28,9.28,9.28
20130401,9.24,9.28,8.85,8.97
20130402,9.0,9.07,8.83,8.84
20130403,8.88,8.91,8.49,8.52
20130404,8.51,8.54,8.4,8.53
20130405,8.33,8.55,8.31,8.53
20130408,8.61,8.8,8.6,8.79
20130409,8.82,8.99,8.74,8.87
20130410,8.93,9.24,8.87,9.21
20130411,9.23,9.32,9.08,9.15
20130412,9.02,9.07,8.86,8.96
20130415,8.81,8.84,8.49,8.5
20130416,8.65,8.66,8.43,8.53
20130417,8.48,8.49,8.2,8.27
20130418,8.36,8.52,8.2,8.39
20130419,8.46,8.52,8.2,8.35
20130422,8.41,8.47,8.17,8.46
20130423,8.47,8.67,8.39,8.67
20130424,8.66,8.85,8.66,8.79
20130425,8.79,8.82,8.46,8.56
20130426,8.82,10.1,8.56,9.93
20130429,10.0,10.18,9.95,10.07
20130430,10.1,10.52,10.09,10.5
20130501,10.08,10.65,9.7,10.58
20130502,10.65,10.77,10.58,10.65
20130503,10.78,10.96,10.68,10.87
20130506,10.91,11.22,10.89,11.07
20130507,11.13,11.2,10.96,11.09
20130508,11.09,11.21,11.0,11.19
20130509,11.12,11.2,11.04,11.16
20130510,11.11,11.2,10.96,11.2
20130513,11.2,11.3,11.1,11.2
20130514,11.17,11.5,11.15,11.43
20130515,11.36,11.66,11.28,11.48
20130516,11.44,11.48,11.28,11.29
20130517,11.41,11.43,11.18,11.38
20130520,11.32,11.61,11.32,11.57
20130521,11.58,11.73,11.42,11.61
20130522,11.6,11.78,11.21,11.35
20130523,11.11,11.5,11.0,11.35
20130524,11.32,11.38,11.12,11.34
20130527,11.34,11.34,11.34,11.34
20130528,11.56,11.7,11.29,11.36
20130529,11.32,11.44,11.21,11.32
20130530,11.33,11.34,11.17,11.21
20130531,11.14,11.25,11.03,11.15
20130603,11.15,11.39,10.92,11.33
20130604,11.37,11.6,11.1,11.13
20130605,11.12,11.32,11.06,11.21
20130606,11.19,11.5,11.16,11.43
20130607,11.53,11.68,11.33,11.45
20130610,11.49,11.5,11.24,11.24
20130611,11.04,11.35,10.83,11.21
20130612,11.31,11.35,10.75,10.82
20130613,10.81,11.28,10.73,11.26
20130614,11.25,11.3,10.93,10.95
20130617,11.04,11.26,10.97,11.09
20130618,11.14,11.48,11.1,11.38
20130619,11.35,11.42,11.02,11.1
20130620,10.94,10.97,10.61,10.93
20130621,11.0,11.0,10.48,10.56
20130624,10.36,10.67,10.3,10.49
20130625,10.58,10.86,10.53,10.75
20130626,10.83,10.87,10.57,10.64
20130627,10.7,11.11,10.7,10.9
20130628,10.86,11.1,10.86,10.99
20130701,11.04,11.29,11.03,11.23
20130702,11.22,11.58,11.19,11.49
20130703,11.46,11.55,11.35,11.43
20130704,11.43,11.43,11.43,11.43
20130705,11.65,11.76,11.55,11.72
20130708,11.75,12.0,11.73,11.86
20130709,11.91,12.22,11.87,12.16
20130710,12.16,12.18,11.85,11.93
20130711,12.1,12.1,11.88,12.05
20130712,12.03,12.23,12.03,12.15
20130715,12.15,12.28,12.1,12.14
20130716,12.12,12.2,12.04,12.2
20130717,12.23,12.43,12.19,12.25
20130718,12.3,12.51,12.24,12.42
20130719,12.43,12.88,12.43,12.52
20130722,12.5,12.61,12.48,12.52
20130723,12.64,12.74,12.48,12.55
20130724,12.59,12.59,12.11,12.29
20130725,12.23,12.44,12.18,12.42
20130726,11.98,12.05,11.35,11.69
20130729,11.7,11.75,11.47,11.56
20130730,11.53,11.57,11.21,11.35
20130731,11.43,11.66,11.4,11.44
20130801,11.59,11.73,11.49,11.72
20130802,11.67,11.76,11.55,11.73
20130805,11.67,11.72,11.47,11.49
20130806,11.48,11.48,11.21,11.24
20130807,11.24,11.24,10.94,11.16
20130808,11.25,11.29,11.14,11.19
20130809,11.2,11.35,11.1,11.32
20130812,11.35,11.47,11.3,11.47
20130813,11.52,11.64,11.41,11.59
20130814,11.61,11.65,11.44,11.45
20130815,11.31,11.6,11.22,11.41
20130816,11.35,11.62,11.3,11.58
20130819,11.56,11.57,11.31,11.31
20130820,11.25,11.66,11.18,11.58
20130821,11.52,11.56,11.23,11.32
20130822,11.35,11.75,11.35,11.55
20130823,11.56,11.64,11.48,11.52
20130826,11.52,11.79,11.5,11.58
20130827,11.45,11.57,11.34,11.39
20130828,11.44,11.71,11.44,11.56
20130829,11.53,11.68,11.45,11.54
20130830,11.53,11.6,11.12,11.13
20130902,11.13,11.13,11.13,11.13
20130903,11.32,11.56,11.17,11.23
20130904,11.24,11.46,11.14,11.34
20130905,11.32,11.48,11.29,11.3
20130906,11.38,11.56,11.11,11.56
20130909,11.66,11.83,11.65,11.83
20130910,11.89,12.09,11.76,11.86
20130911,11.82,12.06,11.78,11.96
20130912,11.86,11.88,11.68,11.69
20130913,11.68,11.98,11.67,11.88
20130916,12.07,12.08,11.89,11.97
20130917,11.96,12.03,11.86,11.87
20130918,11.85,12.0,11.65,11.98
20130919,12.04,12.16,11.98,12.02
20130920,12.0,12.06,11.89,12.05
20130923,12.03,12.03,11.8,11.99
20130924,11.98,12.02,11.72,11.88
20130925,11.86,12.08,11.85,11.87
20130926,12.2,12.56,12.16,12.47
20130927,12.35,12.69,12.33,12.56
20130930,12.66,12.68,12.16,12.66
20131001,12.64,12.73,12.5,12.61
20131002,12.5,12.68,12.42,12.53
20131003,12.48,12.58,12.3,12.56
20131004,12.54,12.74,12.5,12.6
20131007,12.53,12.63,12.41,12.51
20131008,12.53,12.67,12.26,12.46
20131009,12.44,12.45,12.01,12.1
20131010,12.27,12.68,12.23,12.66
20131011,12.61,13.21,12.58,13.15
20131014,12.77,13.11,12.65,13.08
20131015,13.04,13.06,12.78,12.93
20131016,13.07,13.24,12.96,13.2
20131017,13.19,13.32,13.06,13.2
20131018,13.33,13.57,13.33,13.5
20131021,13.52,13.64,13.37,13.4
20131022,13.41,13.59,13.24,13.31
20131023,13.23,13.23,12.92,12.95
20131024,12.92,12.94,12.81,12.84
20131025,12.96,13.0,12.21,12.79
20131028,12.76,13.09,12.73,13.05
20131029,13.04,13.23,13.0,13.02
20131030,13.02,13.2,12.73,12.89
20131031,12.91,12.95,12.66,12.75
20131101,12.73,12.73,12.4,12.68
20131104,12.7,12.97,12.66,12.94
20131105,12.8,12.88,12.7,12.84
20131106,12.94,12.98,12.67,12.72
20131107,12.79,12.79,12.41,12.44
20131108,12.42,12.7,12.25,12.66
20131111,12.67,12.86,12.56,12.72
20131112,12.63,12.63,12.36,12.49
20131113,12.37,12.68,12.3,12.66
20131114,12.62,12.69,12.48,12.61
20131115,12.84,12.89,12.68,12.79
20131118,12.85,12.85,12.36,12.41
20131119,12.37,12.45,12.05,12.17
20131120,12.24,12.24,11.95,12.03
20131121,12.06,12.19,11.94,12.17
20131122,12.22,12.4,12.02,12.36
20131125,12.33,12.33,11.78,11.82
20131126,11.78,12.26,11.78,12.25
20131127,12.24,12.24,11.82,11.96
20131128,11.96,11.96,11.96,11.96
20131129,12.05,12.23,11.87,12.06
20131202,12.02,12.28,11.89,12.14
20131203,12.09,12.21,11.9,12.1
20131204,12.03,12.27,11.94,12.11
20131205,12.11,12.39,12.02,12.27
20131206,12.42,12.5,12.27,12.47
20131209,12.46,12.59,12.33,12.35
20131210,12.29,12.39,11.94,11.96
20131211,11.98,12.02,11.73,11.8
20131212,11.78,12.11,11.74,12.02
20131213,12.04,12.13,11.9,12.06
20131216,12.07,12.47,12.07,12.43
20131217,12.41,12.43,12.07,12.14
20131218,12.13,12.16,11.78,11.95
20131219,11.93,11.96,11.66,11.71
20131220,11.66,12.02,11.65,11.9
20131223,11.95,12.22,11.91,12.05
20131224,12.0,12.28,12.0,12.0
20131225,12.0,12.0,12.0,12.0
20131226,12.07,12.2,11.99,12.05
20131227,12.15,12.33,12.05,12.21
20131230,12.2,12.4,12.2,12.28
20131231,12.28,12.31,12.23,12.29
20140101,12.29,12.29,12.29,12.29
20140102,12.24,12.31,12.03,12.04
20140103,12.02,12.26,12.02,12.18
20140106,12.25,12.45,12.16,12.24
20140107,12.24,12.38,12.13,12.14
20140108,12.1,12.16,11.81,11.87
20140109,11.93,11.98,11.76,11.85
20140110,11.83,12.1,11.8,11.93
20140113,11.81,11.95,11.71,11.75
20140114,11.8,12.03,11.8,12.02
20140115,12.04,12.18,12.02,12.13
20140116,12.14,12.21,11.98,12.07
20140117,12.11,12.29,12.01,12.1
20140120,12.1,12.1,12.1,12.1
20140121,12.1,12.29,12.04,12.22
20140122,12.22,12.56,12.15,12.48
20140123,12.42,12.45,12.15,12.21
20140124,12.08,12.08,11.71,11.84
20140127,11.83,11.84,11.26,11.48
20140128,11.46,11.49,11.3,11.44
20140129,11.29,11.46,11.17,11.25
20140130,11.38,11.53,11.3,11.49
20140131,11.29,11.46,11.15,11.36
20140203,11.35,11.35,10.92,11.06
20140204,11.1,11.25,10.99,11.2
20140205,11.14,11.15,10.84,10.93
20140206,11.01,11.38,10.98,11.26
20140207,11.3,11.39,11.18,11.22
20140210,11.19,11.23,11.01,11.22
20140211,11.28,11.74,11.25,11.59
20140212,11.61,11.78,11.27,11.29
20140213,11.26,11.58,11.23,11.52
20140214,11.51,12.0,10.87,11.67
20140217,11.67,11.67,11.67,11.67
20140218,11.45,11.45,10.92,11.15
20140219,11.07,11.14,10.98,11.11
20140220,11.15,11.37,11.15,11.2
20140221,11.2,11.22,10.91,10.98
20140224,10.99,11.28,10.99,11.16
20140225,11.14,11.17,10.93,11.04
20140226,11.09,11.15,10.9,11.02
20140227,10.99,11.28,10.92,11.15
20140228,11.19,11.37,11.11,11.12
20140303,11.02,11.28,10.97,11.18
20140304,11.33,11.65,11.33,11.63
20140305,11.63,11.74,11.36,11.44
20140306,11.44,11.58,11.34,11.52
20140307,11.6,11.6,11.43,11.6
20140310,11.55,11.62,11.41,11.6
20140311,11.6,11.72,11.26,11.35
20140312,11.24,11.26,10.97,11.04
20140313,11.1,11.1,10.7,10.96
20140314,10.92,10.99,10.84,10.94
20140317,10.97,11.13,10.93,11.12
20140318,11.16,11.3,11.14,11.3
20140319,11.18,11.2,10.87,10.92
20140320,10.91,11.16,10.85,11.09
20140321,11.19,11.53,11.13,11.26
20140324,11.31,11.5,10.79,10.8
20140325,10.92,11.1,10.88,10.94
20140326,11.0,11.19,10.43,10.52
20140327,10.48,11.15,10.47,11.05
20140328,11.87,12.0,10.98,11.18
20140331,11.26,11.48,11.06,11.45
20140401,11.51,11.55,11.37,11.53
20140402,11.52,11.67,11.49,11.57
20140403,11.59,11.64,11.26,11.33
20140404,11.46,11.67,11.14,11.29
20140407,11.23,11.27,11.04,11.04
20140408,11.07,11.52,11.07,11.41
20140409,11.45,11.53,11.21,11.29
20140410,11.2,11.4,10.99,11.02
20140411,10.9,11.15,10.9,11.0
20140414,11.12,11.68,11.06,11.57
20140415,11.56,11.77,11.44,11.66
20140416,11.77,11.92,11.71,11.81
20140417,11.84,12.09,11.8,11.99
20140418,11.99,11.99,11.99,11.99
20140421,11.98,12.05,11.92,11.99
20140422,11.98,12.02,11.85,12.0
20140423,11.98,12.07,11.67,11.69
20140424,11.77,11.87,11.57,11.6
20140425,11.6,12.65,11.45,12.24
20140428,12.3,12.41,12.19,12.27
20140429,12.32,12.42,11.83,11.86
20140430,11.83,12.04,11.59,12.04
20140501,12.01,12.01,11.61,11.85
20140502,11.83,12.07,11.75,12.04
20140505,11.99,12.04,11.83,11.96
20140506,11.95,12.0,11.82,11.92
20140507,11.98,12.02,11.77,11.93
20140508,11.92,12.0,11.6,11.63
20140509,11.55,11.72,11.48,11.61
20140512,11.65,11.84,11.57,11.83
20140513,11.8,11.84,11.63,11.64
20140514,11.63,11.75,11.34,11.43
20140515,11.37,11.37,11.09,11.22
20140516,11.19,11.28,11.08,11.28
20140519,11.22,11.4,11.2,11.31
20140520,11.24,11.36,10.99,11.07
20140521,11.13,11.3,11.02,11.2
20140522,11.2,11.32,11.14,11.24
20140523,11.25,11.25,11.1,11.2
20140526,11.2,11.2,11.2,11.2
20140527,11.22,11.4,11.2,11.32
20140528,11.33,11.33,11.1,11.22
20140530,11.39,11.48,11.23,11.26
20140602,11.16,11.31,11.05,11.07
20140603,11.06,11.24,11.03,11.14
20140604,11.14,11.2,11.0,11.08
20140605,11.11,11.71,11.11,11.69
20140606,11.72,12.01,11.7,11.99
20140609,11.96,12.08,11.88,11.99
20140610,11.93,12.03,11.81,11.91
20140611,11.84,11.93,11.76,11.81
20140612,11.81,12.0,11.75,11.78
20140613,11.81,11.94,11.73,11.94
20140616,11.89,11.95,11.74,11.84
20140617,11.79,12.01,11.74,11.82
20140618,11.83,11.98,11.75,11.96
20140619,11.99,12.06,11.87,12.01
20140620,11.99,12.2,11.99,12.08
20140623,12.03,12.06,11.87,11.96
20140624,11.97,12.1,11.76,11.77
20140625,11.72,12.07,11.7,12.05
20140626,12.02,12.1,11.97,12.07
20140627,11.99,12.4,11.99,12.39
20140630,12.3,12.5,12.21,12.46
20140701,12.56,12.7,12.52,12.56
20140702,12.5,12.53,12.24,12.3
20140703,12.37,12.51,12.35,12.45
20140704,12.45,12.45,12.45,12.45
20140707,12.36,12.36,12.2,12.34
20140708,12.32,12.33,12.1,12.29
20140709,12.3,12.43,12.1,12.25
20140710,12.04,12.05,11.77,11.79
20140711,11.77,11.79,11.5,11.5
20140714,11.62,11.86,11.59,11.8
20140715,11.77,11.85,11.51,11.62
20140716,11.71,11.94,11.64,11.88
20140718,11.56,11.71,11.5,11.59
20140721,11.53,11.65,11.5,11.62
20140722,11.69,11.91,11.69,11.77
20140723,11.76,11.85,11.67,11.71
20140724,11.74,11.84,11.6,11.66
20140725,12.83,13.6,12.5,13.4
20140728,13.4,13.4,12.93,13.0
20140729,13.12,13.12,12.87,12.88
20140730,13.01,13.01,12.71,12.75
20140731,12.59,12.65,12.16,12.23
20140801,12.23,12.42,12.0,12.3
20140804,12.36,12.5,12.2,12.5
20140805,12.42,12.45,12.08,12.44
20140806,12.31,12.55,12.23,12.26
20140807,12.3,12.4,12.07,12.15
20140808,12.15,12.62,12.14,12.48
20140811,12.57,12.83,12.51,12.53
20140812,12.45,12.55,12.3,12.39
20140813,12.48,12.65,12.45,12.57
20140814,12.62,12.73,12.47,12.52
20140815,12.63,12.68,12.33,12.52
20140818,12.67,12.7,12.54,12.64
20140819,12.69,12.8,12.61,12.74
20140820,12.7,12.7,12.41,12.52
20140821,12.54,12.64,12.35,12.55
20140822,12.54,12.6,12.27,12.43
20140825,12.53,12.6,12.39,12.49
20140826,12.54,12.6,12.4,12.48
20140827,12.47,12.57,12.37,12.54
20140828,12.52,12.52,12.3,12.39
20140829,12.46,12.51,12.29,12.33
20140901,12.33,12.33,12.33,12.33
20140902,12.4,12.71,12.27,12.31
20140903,12.39,12.48,12.02,12.08
20140904,12.12,12.27,11.82,11.82
20140905,11.79,12.0,11.72,11.91
20140908,11.87,11.89,11.7,11.86
20140909,11.88,12.03,11.79,12.03
20140910,12.0,12.21,11.88,12.2
20140911,12.34,12.94,12.31,12.93
20140912,12.88,12.95,12.49,12.56
20140915,12.54,12.54,12.3,12.43
20140916,12.4,12.71,12.4,12.7
20140917,12.74,12.89,12.66,12.87
20140918,12.9,12.93,12.8,12.88
20140919,12.95,13.0,12.75,12.79
20140922,12.74,12.75,12.34,12.44
20140923,12.38,12.51,12.32,12.41
20140924,12.41,12.51,12.27,12.37
20140925,12.36,12.36,12.1,12.24
20140926,12.24,12.44,12.11,12.41
20140929,12.24,12.45,12.17,12.44
20140930,12.47,12.53,12.34,12.44
20141001,12.41,12.49,12.22,12.33
20141002,12.32,12.32,11.64,11.82
20141003,11.93,12.04,11.58,11.66
20141006,11.7,11.8,11.6,11.65
20141007,11.59,11.89,11.56,11.6
20141008,11.58,11.65,11.2,11.65
20141009,11.58,11.64,10.82,11.0
20141010,10.89,11.06,10.59,10.89
20141013,10.82,10.93,10.47,10.48
20141014,10.55,10.72,10.3,10.43
20141015,10.31,10.59,10.17,10.47
20141016,10.16,10.76,10.04,10.67
20141017,10.94,11.13,10.55,10.64
20141020,10.64,10.91,10.6,10.85
20141021,10.95,11.01,10.78,10.94
20141022,10.99,11.09,10.59,10.59
20141023,10.73,11.05,10.65,10.88
20141024,10.84,10.84,10.52,10.73
20141027,10.52,10.52,10.18,10.31
20141028,10.37,10.73,10.23,10.73
20141029,10.86,11.01,10.65,10.8
20141030,10.71,10.85,10.51,10.75
20141031,11.2,11.56,10.78,11.43
20141103,11.47,11.63,11.21,11.37
20141104,11.21,11.22,10.77,10.86
20141105,10.99,11.53,10.89,11.39
20141106,11.26,11.44,11.01,11.42
20141107,11.37,11.77,11.25,11.76
20141110,11.9,11.96,11.54,11.71
20141111,11.71,11.89,11.56,11.8
20141112,11.66,11.95,11.59,11.74
20141113,11.6,11.79,11.31,11.54
20141114,11.69,12.15,11.62,12.04
20141117,11.97,12.12,11.8,11.94
20141118,12.04,12.22,11.77,11.77
20141119,11.77,11.94,11.56,11.72
20141120,11.71,12.09,11.71,12.0
20141121,12.23,12.49,12.23,12.42
20141124,12.41,12.65,12.34,12.44
20141125,12.59,12.59,11.92,11.95
20141126,11.89,11.92,11.67,11.69
20141127,11.69,11.69,11.69,11.69
20141128,11.03,11.09,10.47,10.47
20141201,10.73,10.73,9.25,9.25
20141202,9.12,9.73,8.87,9.71
20141204,10.0,10.07,9.78,9.82
20141205,9.8,9.88,9.51,9.56
20141208,9.34,9.34,8.7,8.74
20141209,8.7,9.14,8.67,9.02
20141210,8.74,9.09,8.74,8.93
20141211,8.99,9.2,8.9,8.93
20141212,8.46,8.99,8.38,8.67
20141215,8.76,8.9,8.38,8.41
20141216,8.26,8.92,8.23,8.57
20141217,8.54,9.22,8.52,9.18
20141218,9.42,9.51,8.99,9.26
20141219,9.25,9.75,9.17,9.73
20141222,9.5,9.59,9.34,9.39
20141223,9.44,9.54,9.25,9.51
20141224,9.43,9.63,9.21,9.6
20141225,9.6,9.6,9.6,9.6
20141226,9.7,9.81,9.53,9.61
20141229,9.59,9.81,9.47,9.63
20141230,9.58,9.69,9.48,9.67
20141231,9.58,9.74,9.39,9.54
20150101,9.54,9.54,9.54,9.54
20150102,9.46,9.62,9.31,9.49
20150105,9.33,9.43,9.04,9.11
20150106,9.0,9.07,8.63,8.77
20150107,8.87,8.98,8.48,8.78
20150108,8.89,9.23,8.78,9.17
20150109,9.18,9.29,8.81,8.88
20150112,8.67,8.67,8.29,8.56
20150113,8.56,8.62,8.2,8.34
20150114,8.22,8.48,8.07,8.43
20150115,8.6,8.78,8.46,8.48
20150116,8.58,8.76,8.5,8.62
20150119,8.62,8.62,8.62,8.62
20150120,8.57,8.68,8.37,8.59
20150121,8.64,8.73,8.53,8.59
20150122,8.62,8.73,8.35,8.6
20150123,8.56,8.71,8.44,8.51
20150126,8.57,8.97,8.47,8.84
20150127,8.77,9.04,8.76,8.9
20150128,8.87,8.87,8.37,8.44
20150129,8.47,8.5,8.19,8.48
20150130,8.38,8.81,8.33,8.64
20150202,8.8,9.12,8.67,9.1
20150203,9.3,9.45,9.12,9.33
20150204,9.09,9.33,9.01,9.3
20150205,9.39,9.61,9.35,9.54
20150206,9.62,9.71,9.42,9.5
20150209,9.52,9.69,9.4,9.4
20150210,9.45,9.45,8.84,9.15
20150211,8.9,9.07,8.81,8.97
20150212,9.11,9.32,8.73,8.78
20150213,9.16,10.17,9.15,9.85
20150216,9.85,9.85,9.85,9.85
20150217,9.83,9.87,9.51,9.52
20150218,9.38,9.78,9.35,9.64
20150219,9.34,9.69,9.17,9.53
20150220,9.5,9.6,9.34,9.51
20150223,9.38,9.59,9.22,9.34
20150224,9.44,9.5,9.2,9.43
20150225,9.46,9.57,9.21,9.5
20150226,9.44,9.59,9.37,9.5
20150227,9.52,9.6,9.42,9.47
20150302,9.4,9.45,9.23,9.39
20150303,9.42,9.77,9.33,9.51
20150304,9.5,9.7,9.38,9.59
20150305,9.57,9.69,9.4,9.62
20150306,9.49,9.71,9.19,9.23
20150309,9.24,9.36,9.0,9.27
20150310,9.11,9.34,9.1,9.3
20150311,9.3,9.39,9.18,9.35
20150312,9.41,9.46,9.18,9.32
20150313,9.24,9.32,9.14,9.32
20150316,9.17,9.19,8.97,9.12
20150317,9.04,9.16,8.94,9.02
20150318,8.93,9.14,8.83,9.05
20150319,8.9,9.07,8.8,8.99
20150320,9.03,9.29,9.0,9.11
20150323,9.14,9.58,9.14,9.33
20150324,9.42,9.42,9.25,9.38
20150325,9.55,9.66,9.43,9.53
20150326,9.71,9.91,9.58,9.6
20150327,9.55,9.55,9.33,9.5
20150330,9.55,9.59,9.34,9.36
20150331,9.28,9.35,9.08,9.11
20150401,9.2,9.36,9.14,9.25
20150402,9.3,9.35,9.16,9.29
20150403,9.29,9.29,9.29,9.29
20150406,9.3,9.69,9.29,9.64
20150407,9.58,9.97,9.58,9.65
20150408,9.7,9.82,9.56,9.65
20150409,9.7,10.05,9.7,9.89
20150410,10.0,10.07,9.64,9.74
20150413,9.76,9.91,9.69,9.74
20150414,9.75,10.26,9.75,10.09
20150415,10.19,10.62,10.12,10.61
20150416,10.59,10.85,10.44,10.61
20150417,10.56,10.65,10.31,10.4
20150420,10.41,10.73,10.41,10.53
20150421,10.59,10.59,10.12,10.19
20150422,10.25,10.51,10.14,10.46
20150423,10.54,10.71,10.44,10.59
20150424,10.59,10.59,10.34,10.45
20150427,10.5,10.57,10.32,10.34
20150428,10.35,10.42,10.2,10.27
20150429,10.24,10.72,10.24,10.58
20150430,10.61,10.61,10.23,10.26
20150504,9.5,10.16,9.5,10.0
20150505,10.1,10.31,10.02,10.1
20150506,10.24,10.32,9.78,9.83
20150507,9.76,9.84,9.5,9.6
20150508,9.69,10.0,9.5,9.99
20150511,10.05,10.05,9.56,9.57
20150512,9.58,9.71,9.33,9.62
20150513,9.73,9.73,9.34,9.46
20150514,9.49,9.53,9.21,9.33
20150515,9.28,9.35,9.06,9.31
20150518,9.33,9.33,9.13,9.31
20150519,9.18,9.19,8.62,8.96
20150520,9.01,9.16,8.92,9.0
20150521,9.06,9.13,8.98,9.09
20150522,9.04,9.21,8.95,9.0
20150525,9.0,9.0,9.0,9.0
20150526,8.89,8.97,8.73,8.83
20150527,8.86,8.95,8.74,8.89
20150528,8.84,8.86,8.65,8.66
20150529,8.67,8.72,8.47,8.48
20150601,8.51,8.75,8.49,8.7
20150602,8.76,9.04,8.67,8.88
20150603,8.86,8.98,8.66,8.67
20150604,8.6,8.67,8.44,8.47
20150605,8.41,8.68,8.4,8.6
20150608,8.85,8.99,8.67,8.69
20150609,8.71,8.84,8.66,8.66
20150610,8.8,9.01,8.78,8.97
20150611,8.97,9.02,8.87,9.0
20150612,8.94,9.16,8.91,9.09
20150615,9.0,9.02,8.77,8.94
20150616,8.92,8.99,8.86,8.91
20150617,8.5,8.58,8.0,8.09
20150618,8.11,8.15,7.62,7.67
20150619,7.65,7.78,7.34,7.43
20150622,7.43,7.5,7.29,7.46
20150623,7.4,7.74,7.35,7.71
20150624,7.7,7.96,7.69,7.88
20150625,8.38,8.62,8.2,8.35
20150626,8.35,8.41,7.94,8.18
20150629,8.11,8.16,7.82,8.0
20150630,8.06,8.26,8.04,8.13
20150701,8.14,8.21,7.72,7.97
20150702,8.02,8.06,7.8,7.82
20150703,7.82,7.82,7.82,7.82
20150706,7.67,7.88,7.59,7.73
20150707,7.69,7.95,7.43,7.89
20150708,7.93,8.24,7.69,7.81
20150709,7.99,8.06,7.78,7.83
20150710,7.92,8.01,7.77,7.91
20150713,7.92,8.06,7.85,7.9
20150714,7.87,8.21,7.85,8.03
20150715,7.99,8.0,7.64,7.68
20150716,7.75,7.88,7.6,7.6
20150717,7.59,7.59,7.34,7.37
20150720,7.39,7.4,7.17,7.28
20150721,7.28,7.65,7.28,7.51
20150722,7.45,7.51,7.33,7.42
20150723,7.45,7.61,7.34,7.45
20150724,7.39,7.47,7.31,7.34
20150727,7.25,7.36,7.2,7.21
20150728,7.25,7.43,7.09,7.32
20150729,7.27,7.7,7.26,7.68
20150730,7.69,7.81,7.29,7.31
20150731,7.18,8.19,7.17,7.23
20150803,7.17,7.38,7.01,7.07
20150804,7.13,7.35,7.07,7.08
20150805,7.12,7.37,6.93,6.95
20150806,6.94,7.3,6.79,7.23
20150807,7.15,7.41,6.99,7.01
20150810,7.13,7.43,7.06,7.35
20150811,7.22,7.5,7.14,7.39
20150812,7.36,7.59,7.25,7.5
20150813,7.42,7.48,7.13,7.24
20150814,7.23,7.42,7.16,7.24
20150817,7.21,7.27,7.06,7.12
20150818,7.08,7.17,7.02,7.11
20150819,7.08,7.14,6.71,6.77
20150820,6.78,6.86,6.31,6.34
20150821,6.22,6.46,6.15,6.27
20150824,6.0,6.34,5.79,6.07
20150826,6.32,6.32,6.12,6.16
20150827,6.3,6.62,6.25,6.6
20150828,6.48,7.16,6.46,7.04
20150831,6.84,7.42,6.73,7.33
20150901,7.11,7.24,6.8,6.86
20150902,6.92,6.99,6.61,6.79
20150903,6.79,6.94,6.66,6.75
20150904,6.61,6.68,6.44,6.53
20150907,6.53,6.53,6.53,6.53
20150908,6.57,6.75,6.42,6.58
20150909,6.59,6.72,6.23,6.28
20150910,6.27,6.34,6.07,6.32
20150911,6.18,6.19,5.98,6.15
20150914,6.12,6.17,6.05,6.1
20150915,6.08,6.25,6.05,6.18
20150916,5.65,5.86,4.89,5.85
20150917,5.7,6.06,5.67,6.0
20150918,5.9,5.95,5.64,5.73
20150921,5.81,5.88,5.59,5.71
20150922,5.61,5.75,5.54,5.69
20150923,5.72,5.72,5.53,5.55
20150924,5.51,5.62,5.41,5.56
20150925,5.61,5.64,5.45,5.59
20150928,5.52,5.56,5.1,5.16
20150929,5.17,5.28,5.05,5.09
20150930,5.16,5.19,4.98,5.12
20151001,5.21,5.37,5.0,5.02
20151002,4.98,5.51,4.98,5.5
20151005,5.59,6.12,5.52,6.1
20151006,6.13,6.4,6.07,6.34
20151007,6.5,6.65,6.17,6.36
20151008,6.34,6.64,6.19,6.6
20151009,6.65,6.73,6.46,6.57
20151012,6.61,6.61,6.1,6.2
20151013,6.15,6.33,6.04,6.07
20151014,6.04,6.17,5.98,6.04
20151015,6.0,6.25,5.89,6.23
20151016,6.27,6.27,5.92,6.04
20151019,5.96,6.05,5.69,5.75
20151020,5.76,6.0,5.71,5.89
20151021,5.89,5.94,5.74,5.74
20151022,5.81,6.13,5.78,5.91
20151023,5.86,5.93,5.62,5.72
20151026,5.72,5.79,5.33,5.44
20151027,5.34,5.54,5.19,5.21
20151028,5.28,5.56,5.25,5.47
20151029,5.34,5.5,5.23,5.32
20151030,5.42,5.7,5.2,5.66
20151102,5.63,5.99,5.52,5.91
20151103,5.95,6.25,5.91,6.19
20151104,6.19,6.22,6.0,6.18
20151105,6.16,6.39,6.06,6.1
20151106,6.17,6.24,5.94,6.22
20151109,6.21,6.31,6.01,6.12
20151110,6.11,6.21,5.99,6.07
20151111,6.08,6.1,5.69,5.71
20151112,5.59,5.73,5.49,5.54
20151113,5.53,5.82,5.46,5.66
20151116,5.65,5.91,5.58,5.83
20151117,5.78,5.87,5.57,5.7
20151118,5.76,5.95,5.68,5.93
20151119,5.87,5.94,5.65,5.72
20151120,5.73,5.83,5.67,5.77
20151123,5.76,5.94,5.7,5.88
20151124,5.94,6.24,5.89,6.08
20151125,5.99,6.32,5.89,6.11
20151126,6.11,6.11,6.11,6.11
20151127,6.03,6.1,5.9,6.01
20151130,6.07,6.5,6.03,6.5
20151201,6.46,6.53,6.37,6.52
20151202,6.41,6.5,6.17,6.18
20151203,6.28,6.36,6.14,6.18
20151204,6.07,6.07,5.72,5.77
20151207,5.75,5.76,5.27,5.41
20151208,5.22,5.64,5.21,5.39
20151209,5.45,5.68,5.28,5.37
20151210,5.33,5.42,5.26,5.34
20151211,5.22,5.22,4.78,4.83
20151214,4.82,4.93,4.77,4.83
20151215,4.89,5.28,4.89,5.11
20151216,5.09,5.43,4.86,5.4
20151217,5.38,5.58,5.32,5.45
20151218,5.45,5.53,5.32,5.41
20151221,5.4,5.51,5.22,5.33
20151222,5.33,5.62,5.3,5.56
20151223,5.74,5.84,5.55,5.84
20151224,5.85,5.89,5.7,5.71
20151225,5.71,5.71,5.71,5.71
20151228,5.59,5.61,5.38,5.4
20151229,5.5,5.59,5.3,5.4
20151230,5.25,5.42,5.18,5.19
20151231,5.2,5.35,5.14,5.28
20160101,5.28,5.28,5.28,5.28
20160104,5.28,5.39,5.12,5.34
20160105,5.31,5.38,5.09,5.2
20160106,4.98,5.47,4.97,5.19
20160107,5.05,5.11,4.9,5.01
20160108,5.05,5.05,4.74,4.76
20160111,4.78,4.79,4.45,4.56
20160112,4.64,4.65,4.51,4.58
20160113,4.64,4.72,4.35,4.39
20160114,4.46,4.54,4.27,4.47
20160115,4.26,4.49,4.2,4.44
20160118,4.44,4.44,4.44,4.44
20160119,4.45,4.48,4.19,4.29
20160120,4.2,4.28,3.88,4.23
20160121,4.15,4.48,4.11,4.24
20160122,4.39,4.57,4.28,4.45
20160125,4.25,4.49,4.14,4.15
20160126,4.17,4.41,4.11,4.36
20160127,4.32,4.47,4.27,4.36
20160128,4.6,4.7,4.49,4.66
20160129,4.68,4.88,4.62,4.87
20160201,4.75,4.84,4.65,4.73
20160202,4.58,4.62,4.37,4.41
20160203,4.54,4.65,4.25,4.59
20160204,4.73,4.93,4.63,4.84
20160205,4.77,4.82,4.53,4.57
20160208,4.51,4.54,4.34,4.5
20160209,4.41,4.42,4.21,4.27
20160210,4.24,4.35,4.0,4.01
20160211,3.95,3.97,3.73,3.87
20160212,3.74,3.75,3.46,3.62
20160215,3.62,3.62,3.62,3.62
20160216,3.68,3.72,3.61,3.62
20160217,3.67,3.86,3.62,3.79
20160218,3.83,3.84,3.64,3.65
20160219,3.62,3.69,3.51,3.54
20160222,3.65,4.07,3.65,3.96
20160223,3.91,4.03,3.6,3.62
20160224,3.54,3.57,3.35,3.55
20160225,3.55,3.56,3.39,3.43
20160226,3.55,3.75,3.47,3.64
20160229,3.67,3.79,3.63,3.73
20160301,3.75,3.82,3.68,3.79
20160302,3.74,4.05,3.74,4.03
20160303,3.97,4.34,3.97,4.26
20160304,4.3,4.53,4.18,4.26
20160307,4.28,4.49,4.15,4.23
20160308,4.12,4.22,3.86,3.94
20160309,4.03,4.14,3.76,4.1
20160310,4.14,4.16,3.95,4.05
20160311,4.16,4.62,4.1,4.56
20160314,4.47,4.64,4.38,4.55
20160315,4.43,4.45,4.01,4.18
20160316,4.25,4.38,4.14,4.38
20160317,4.4,4.55,4.35,4.49
20160318,4.61,4.64,4.29,4.46
20160321,4.42,4.61,4.38,4.6
20160322,4.55,4.58,4.22,4.27
20160323,4.26,4.26,4.04,4.11
20160324,4.03,4.19,3.96,4.19
20160325,4.19,4.19,4.19,4.19
20160328,4.17,4.26,3.97,4.13
20160329,4.01,4.31,3.92,4.27
20160330,4.34,4.5,4.08,4.22
20160331,4.18,4.37,4.17,4.32
20160401,4.16,4.26,4.04,4.25
20160404,4.26,4.28,3.95,3.98
20160405,3.95,4.02,3.82,3.83
20160406,3.86,3.98,3.74,3.98
20160407,3.93,4.12,3.84,3.85
20160408,3.98,4.07,3.87,3.94
20160411,3.93,4.09,3.86,3.98
20160412,4.0,4.29,3.96,4.25
20160413,4.25,4.48,4.21,4.3
20160414,4.29,4.65,4.25,4.63
20160415,4.54,4.68,4.43,4.62
20160418,4.49,4.81,4.48,4.78
20160419,4.82,5.27,4.81,5.19
20160420,5.19,5.31,4.95,5.1
20160421,5.15,5.32,5.04,5.12
20160422,5.11,5.42,5.11,5.27
20160425,5.23,5.28,5.02,5.2
20160426,5.26,5.26,5.06,5.19
20160427,5.23,5.52,5.18,5.34
20160428,5.35,5.4,5.2,5.27
20160429,5.02,5.4,4.64,4.67
20160502,4.78,5.24,4.74,4.98
20160503,4.93,4.96,4.79,4.92
20160504,4.92,5.06,4.78,4.97
20160505,5.06,5.09,4.71,4.79
20160506,4.78,5.16,4.78,5.07
20160509,5.02,5.02,4.57,4.61
20160510,4.64,4.73,4.57,4.68
20160511,4.64,4.8,4.57,4.64
20160512,4.7,4.75,4.48,4.52
20160513,4.52,4.68,4.31,4.35
20160516,4.47,4.85,4.47,4.69
20160517,4.67,4.81,4.65,4.7
20160518,4.65,4.76,4.44,4.46
20160519,4.41,4.47,4.29,4.32
20160520,4.35,4.44,4.29,4.37
20160523,4.31,4.4,4.26,4.38
20160524,4.4,4.42,4.27,4.35
20160525,4.42,4.63,4.41,4.56
20160526,4.6,4.67,4.36,4.44
20160527,4.41,4.53,4.35,4.53
20160530,4.53,4.53,4.53,4.53
20160531,4.57,4.69,4.55,4.59
20160601,4.76,5.08,4.62,4.99
20160602,4.97,4.97,4.67,4.74
20160603,4.76,4.85,4.65,4.79
20160606,4.83,5.46,4.83,5.45
20160607,5.49,5.49,5.36,5.41
20160608,5.48,5.62,5.39,5.42
20160609,5.39,5.4,5.28,5.36
20160610,5.32,5.45,5.26,5.3
20160613,5.26,5.37,5.16,5.28
20160614,5.24,5.42,5.21,5.34
20160615,5.5,5.74,5.41,5.42
20160616,5.36,5.52,5.2,5.48
20160617,5.52,5.64,5.49,5.61
20160620,5.69,5.79,5.49,5.54
20160621,5.51,5.7,5.44,5.69
20160622,5.7,5.84,5.57,5.63
20160623,5.68,5.89,5.68,5.88
20160624,5.6,5.89,5.6,5.89
20160627,5.73,5.74,5.08,5.34
20160628,5.41,5.45,5.24,5.43
20160629,5.45,5.72,5.45,5.62
20160630,5.61,5.8,5.55,5.79
20160701,5.76,5.97,5.76,5.94
20160704,5.94,5.94,5.94,5.94
20160705,5.78,5.91,5.59,5.72
20160706,5.71,5.74,5.59,5.64
20160707,5.75,5.83,5.56,5.67
20160708,5.75,5.91,5.72,5.83
20160711,5.89,5.94,5.72,5.76
20160712,5.9,6.15,5.88,6.04
20160713,6.04,6.1,5.81,5.91
20160714,5.97,6.06,5.67,5.79
20160715,5.86,5.91,5.76,5.78
20160718,5.75,5.86,5.62,5.84
20160719,5.81,5.82,5.6,5.6
20160720,5.59,5.75,5.51,5.69
20160721,5.66,5.81,5.54,5.57
20160722,5.56,5.64,5.48,5.62
20160725,5.57,5.62,5.52,5.57
20160726,5.56,5.74,5.53,5.74
20160727,5.76,5.91,5.76,5.88
20160728,5.89,5.9,5.49,5.73
20160729,5.83,6.44,5.76,6.32
20160801,6.3,6.44,6.16,6.2
20160802,6.25,6.28,6.11,6.24
20160803,6.21,6.51,6.16,6.51
20160804,6.44,6.61,6.43,6.56
20160805,6.6,6.98,6.55,6.93
20160808,6.89,7.28,6.89,6.96
20160809,7.0,7.0,6.78,6.86
20160810,6.81,6.91,6.65,6.72
20160811,6.83,6.98,6.75,6.8
20160812,6.84,6.92,6.7,6.82
20160815,6.86,7.08,6.86,7.02
20160816,7.02,7.17,6.93,7.15
20160817,7.12,7.34,6.99,7.33
20160818,7.35,7.72,7.35,7.7
20160819,7.69,7.7,7.57,7.63
20160822,7.4,7.64,7.4,7.51
20160823,7.5,7.64,7.47,7.5
20160824,7.5,7.55,7.44,7.51
20160825,7.46,7.56,7.33,7.43
20160826,7.46,7.59,7.39,7.5
20160829,7.51,7.54,7.36,7.45
20160830,7.43,7.49,7.17,7.22
20160831,7.18,7.26,7.01,7.06
20160901,7.04,7.04,6.91,7.0
20160902,7.12,7.25,7.08,7.18
20160905,7.18,7.18,7.18,7.18
20160906,7.15,7.21,7.03,7.11
20160907,7.14,7.17,7.04,7.1
20160908,7.16,7.2,7.0,7.14
20160909,7.04,7.07,6.83,6.86
20160912,6.82,6.95,6.69,6.9
20160913,6.82,6.88,6.6,6.7
20160914,6.71,6.82,6.62,6.71
20160915,6.74,6.82,6.68,6.78
20160916,6.72,6.81,6.67,6.78
20160919,6.85,6.93,6.69,6.78
20160920,6.77,6.8,6.59,6.6
20160921,6.67,6.82,6.63,6.8
20160922,6.88,6.98,6.79,6.9
20160923,6.8,6.92,6.79,6.81
20160926,6.86,6.9,6.63,6.63
20160927,6.59,6.59,6.41,6.51
20160928,6.54,6.99,6.5,6.98
20160929,7.0,7.42,7.0,7.14
20160930,7.21,7.44,7.09,7.36
20161003,7.38,7.4,7.26,7.36
20161004,7.36,7.51,7.35,7.36
20161005,7.5,7.72,7.48,7.64
20161006,7.66,7.73,7.57,7.62
20161007,7.6,7.61,7.4,7.4
20161010,7.45,7.51,7.28,7.33
20161011,7.3,7.31,7.09,7.12
20161012,7.09,7.29,7.05,7.22
20161013,7.15,7.28,7.14,7.19
20161014,7.24,7.4,7.06,7.16
20161017,7.2,7.25,7.05,7.15
20161018,7.25,7.3,7.1,7.1
20161019,7.2,7.55,7.2,7.35
20161020,7.3,7.3,7.15,7.15
20161021,7.1,7.5,7.1,7.2
20161024,7.2,7.38,7.1,7.1
20161025,7.1,7.2,6.95,7.0
20161026,6.95,7.05,6.8,6.85
20161027,7.0,7.0,6.75,6.8
20161028,6.5,6.65,6.4,6.55
20161031,6.55,6.6,6.3,6.3
20161101,6.4,6.45,5.9,5.95
20161102,5.85,6.0,5.8,5.9
20161103,5.9,6.1,5.85,6.1
20161104,6.1,6.2,5.95,6.15
20161107,6.2,6.3,6.15,6.15
20161108,6.1,6.25,6.0,6.2
20161109,6.15,6.6,6.15,6.6
20161110,6.6,6.88,6.4,6.7
20161111,6.7,6.95,6.45,6.9
20161114,6.95,7.2,6.75,7.1
20161115,7.15,7.45,7.1,7.3
20161116,7.35,7.55,7.15,7.25
20161117,7.4,7.5,7.2,7.25
20161118,7.35,7.38,7.0,7.2
20161121,7.45,7.65,7.33,7.65
20161122,7.65,7.75,7.5,7.7
20161123,7.8,8.0,7.65,8.0
20161124,8.0,8.0,8.0,8.0
20161125,7.85,7.87,7.7,7.8
20161128,7.85,7.85,7.45,7.5
20161129,6.75,6.8,6.25,6.55
20161130,6.95,7.4,6.9,7.35
20161201,7.35,7.45,7.1,7.45
20161202,7.45,7.75,7.4,7.7
20161205,7.75,7.85,7.6,7.75
20161206,7.75,7.9,7.6,7.8
20161207,7.7,7.85,7.65,7.8
20161208,7.85,8.0,7.75,7.9
20161209,8.0,8.0,7.55,7.7
20161212,7.75,8.2,7.58,7.75
20161213,7.8,7.95,7.6,7.9
20161214,7.85,7.9,7.55,7.65
20161215,7.55,7.9,7.5,7.85
20161216,7.85,7.85,7.55,7.6
20161219,7.65,7.7,7.35,7.55
20161220,7.65,7.85,7.6,7.7
20161221,7.75,7.8,7.55,7.75
20161222,7.7,7.88,7.65,7.7
20161223,7.65,7.95,7.6,7.85
20161226,7.85,7.85,7.85,7.85
20161227,7.85,8.15,7.83,8.05
20161228,8.05,8.15,7.7,7.7
20161229,7.65,7.75,7.45,7.45
20161230,7.45,7.6,7.3,7.5
20170102,7.5,7.5,7.5,7.5
20170103,7.7,7.9,7.6,7.7
20170104,7.75,8.4,7.7,8.35
20170105,8.75,8.75,8.15,8.35
20170106,8.35,8.75,8.3,8.45
20170109,8.4,8.45,8.05,8.1
20170110,8.1,8.35,7.9,8.05
20170111,8.1,8.5,8.0,8.1
20170112,8.15,8.2,7.65,7.95
20170113,7.85,8.05,7.7,7.9
20170116,7.9,7.9,7.9,7.9
20170117,7.85,7.95,7.75,7.8
20170118,7.75,7.9,7.55,7.6
20170119,7.6,7.72,7.4,7.65
20170120,7.65,7.8,7.6,7.7
20170123,7.65,7.8,7.5,7.6
20170124,7.7,7.93,7.55,7.85
20170125,7.85,8.1,7.8,8.05
20170126,8.1,8.2,7.9,7.95
20170127,7.85,7.9,7.7,7.85
20170130,7.75,7.75,7.5,7.65
20170131,7.65,7.7,7.45,7.55
20170201,7.65,7.75,7.3,7.4
20170202,7.45,7.5,7.25,7.4
20170203,7.45,7.75,7.4,7.7
20170206,7.7,7.75,7.5,7.65
20170207,7.6,7.75,7.5,7.6
20170208,7.6,7.75,7.45,7.7
20170209,7.75,8.15,7.7,8.15
20170210,8.0,8.4,7.75,8.15
20170213,8.2,8.3,7.6,7.7
20170214,7.85,8.25,7.65,8.25
20170215,8.2,8.25,8.0,8.1
20170216,8.15,8.15,7.6,7.6
20170217,7.6,7.7,7.4,7.5
20170220,7.5,7.5,7.5,7.5
20170221,7.65,8.2,7.6,8.15
20170222,8.0,8.15,7.7,7.85
20170223,7.95,8.07,7.8,7.9
20170224,7.85,7.9,7.4,7.5
20170227,7.45,8.0,7.45,7.9
20170228,7.9,7.95,7.65,7.7
20170301,7.8,8.15,7.75,8.0
20170302,7.85,8.0,7.55,7.6
20170303,7.6,7.75,7.4,7.5
20170306,7.5,7.6,7.25,7.5
20170307,7.55,7.65,7.15,7.2
20170308,7.25,7.3,6.9,6.9
20170309,6.9,7.0,6.65,6.85
20170310,6.9,7.0,6.6,6.75
20170313,6.75,6.9,6.65,6.75
20170314,6.6,6.8,6.4,6.75
20170315,6.85,7.3,6.75,7.25
20170316,7.35,7.38,7.05,7.3
20170317,7.35,7.65,7.25,7.6
20170320,7.5,7.6,7.18,7.3
20170321,7.3,7.55,7.15,7.3
20170322,7.2,7.35,7.03,7.25
20170323,7.2,7.7,7.0,7.65
20170324,7.65,7.7,7.5,7.6
20170327,7.4,7.55,7.28,7.5
20170328,7.5,7.85,7.4,7.8
20170329,7.75,8.05,7.65,7.9
20170330,8.05,8.07,7.85,8.0
20170331,8.05,8.2,8.0,8.1
20170403,8.15,8.2,7.8,7.9
20170404,7.9,8.2,7.85,8.0
20170405,8.2,8.27,7.95,7.95
20170406,8.05,8.15,7.88,8.15
20170407,8.1,8.15,7.9,8.05
20170410,8.15,8.27,8.02,8.2
20170411,8.2,8.25,8.05,8.25
20170412,8.2,8.25,7.95,8.1
20170413,8.1,8.2,7.82,7.95
20170414,7.95,7.95,7.95,7.95
20170417,7.9,8.1,7.85,8.1
20170418,8.05,8.15,7.82,8.0
20170419,8.05,8.15,7.74,7.75
20170420,7.8,7.95,7.7,7.9
20170421,7.85,7.9,7.6,7.7
20170424,7.85,7.9,7.65,7.7
20170425,7.75,7.95,7.65,7.85
20170426,7.8,8.2,7.7,8.0
20170427,7.9,8.0,7.6,7.9
20170428,7.85,7.9,7.35,7.65
20170501,7.7,7.7,7.55,7.65
20170502,7.7,7.82,7.55,7.75
20170503,7.75,7.75,7.38,7.6
20170504,7.55,7.6,7.3,7.3
20170505,7.3,7.75,7.2,7.6
20170508,7.6,7.75,7.55,7.6
20170509,7.65,7.65,7.45,7.5
20170510,7.55,7.95,7.55,7.85
20170511,7.95,8.0,7.7,7.85
20170512,7.85,8.0,7.75,7.95
20170515,8.1,8.15,7.85,7.85
20170516,7.9,8.2,7.85,8.2
20170517,8.0,8.05,7.8,7.8
20170518,7.8,7.95,7.7,7.8
20170519,7.85,8.1,7.75,8.0
20170522,8.1,8.15,7.97,8.05
20170523,8.0,8.02,7.85,7.9
20170524,7.9,8.0,7.65,7.75
20170525,7.75,7.95,7.5,7.55
20170526,7.55,7.78,7.5,7.7
20170529,7.7,7.7,7.7,7.7
20170530,7.55,7.65,7.45,7.5
20170531,7.45,7.55,7.32,7.4
20170601,7.45,7.65,7.3,7.55
20170602,7.5,7.6,7.25,7.25
20170605,7.25,7.5,7.25,7.45
20170606,7.4,7.55,7.15,7.4
20170607,7.35,7.5,7.0,7.1
20170608,7.05,7.35,7.03,7.25
20170609,7.2,7.9,7.2,7.8
20170612,7.85,8.1,7.65,7.7
20170613,7.75,7.95,7.7,7.85
20170614,7.75,7.75,7.4,7.55
20170615,7.35,7.53,7.2,7.25
20170616,7.1,7.35,7.05,7.3
20170619,7.35,7.47,7.25,7.4
20170620,7.25,7.3,7.0,7.05
20170621,7.05,7.14,6.65,6.7
20170622,6.7,6.8,6.57,6.65
20170623,6.65,6.75,6.6,6.65
20170626,6.65,6.9,6.6,6.8
20170627,6.9,7.0,6.78,6.85
20170628,6.85,7.1,6.8,7.05
20170629,7.25,7.63,7.1,7.55
20170630,7.6,7.65,7.25,7.35
20170703,7.45,7.65,7.4,7.55
20170704,7.55,7.55,7.55,7.55
20170705,7.5,7.55,7.15,7.25
20170706,7.3,7.4,6.97,7.0
20170707,7.0,7.15,6.9,7.1
20170710,7.05,7.35,7.0,7.35
20170711,7.35,7.4,7.15,7.4
20170712,7.5,7.6,7.2,7.25
20170713,7.25,7.4,7.15,7.35
20170714,7.3,7.48,7.3,7.45
20170717,7.4,7.6,7.35,7.45
20170718,7.5,7.5,7.3,7.4
20170719,7.45,7.7,7.4,7.7
20170720,7.75,7.85,7.6,7.7
20170721,7.75,7.8,7.25,7.35
20170724,7.35,7.35,7.2,7.25
20170725,7.4,7.5,7.3,7.35
20170726,7.45,7.5,7.2,7.35
20170727,7.4,7.5,7.2,7.45
20170728,7.7,8.0,7.65,7.85
20170731,7.95,8.45,7.775,8.35
20170801,8.35,8.55,8.2,8.45
20170802,8.35,8.6,8.3,8.45
20170803,8.45,8.55,8.2,8.4
20170804,8.4,8.5,8.25,8.4
20170807,8.35,8.4,8.15,8.25
20170808,8.25,8.4,8.175,8.2
20170809,8.2,8.275,8.075,8.2
20170810,8.2,8.3,8.1,8.1
20170811,7.9,8.2,7.85,7.95
20170814,8.05,8.2,7.95,8.2
20170815,8.15,8.2,7.7,7.75
20170816,7.8,7.8,7.4,7.5
20170817,7.45,7.6,7.4,7.45
20170818,7.4,7.7,7.3,7.55
20170821,7.5,7.55,7.4,7.45
20170822,7.45,7.65,7.45,7.55
20170823,7.5,7.55,7.4,7.45
20170824,7.45,7.625,7.4,7.45
20170825,7.5,7.65,7.375,7.55
20170828,7.6,7.75,7.35,7.55
20170829,7.45,7.75,7.4,7.75
20170830,7.7,7.75,7.55,7.7
20170831,7.75,8.075,7.7,8.05
20170901,8.0,8.25,7.875,8.25
20170904,8.25,8.25,8.25,8.25
20170905,8.3,8.35,8.1,8.25
20170906,8.3,8.65,8.275,8.55
20170907,8.55,8.7,8.45,8.7
20170908,8.7,8.7,8.1,8.3
20170911,8.3,8.65,8.275,8.65
20170912,8.65,9.025,8.625,8.9
20170913,8.95,9.25,8.85,9.1
20170914,9.2,9.5,9.2,9.45
20170915,9.5,9.6,9.4,9.5
20170918,9.5,9.825,9.4,9.55
20170919,9.55,9.75,9.5,9.65
20170920,9.65,9.75,9.525,9.6
20170921,9.6,9.65,9.3,9.6
20170922,9.6,9.775,9.55,9.6
20170925,9.7,9.85,9.6,9.8
20170926,9.85,9.85,9.7,9.75
20170927,9.75,10.0,9.7,10.0
20170928,9.95,10.2,9.9,10.15
20170929,10.1,10.15,9.925,10.0
20171002,9.9,10.15,9.8,10.05
20171003,10.05,10.05,9.65,9.7
20171004,9.7,9.85,9.6,9.7
20171005,9.75,9.85,9.625,9.7
20171006,9.6,9.83,9.45,9.7
20171009,9.7,9.9,9.65,9.85
20171010,10.05,10.05,9.7,9.75
20171011,9.8,9.9,9.7,9.8
20171012,9.75,9.75,9.6,9.65
20171013,9.9,10.0,9.8,9.85
20171016,9.9,9.95,9.55,9.7
20171017,9.75,9.8,9.55,9.55
20171018,9.6,9.8,9.5,9.7
20171019,9.7,9.73,9.35,9.5
20171020,9.55,9.55,9.35,9.45
20171023,9.45,9.55,9.3,9.35
20171024,9.5,9.5,9.15,9.2
20171025,9.15,9.3,9.0,9.15
20171026,9.15,9.35,9.075,9.25
20171027,9.15,9.425,9.1,9.2
20171030,9.25,9.45,9.15,9.2
20171031,8.85,8.9,8.25,8.75
20171101,8.75,8.9,8.6,8.6
20171102,9.1,9.15,8.75,9.0
20171103,9.0,9.45,8.9,9.45
20171106,9.5,9.75,9.45,9.45
20171107,9.55,9.6,9.3,9.45
20171108,9.3,9.55,9.3,9.35
20171109,9.3,9.825,9.25,9.75
20171110,9.65,9.85,9.575,9.65
20171113,9.55,9.6,9.3,9.4
20171114,9.3,9.4,8.75,8.75
20171115,8.6,8.75,8.55,8.55
20171116,8.6,8.75,8.5,8.5
20171117,8.5,9.0,8.5,8.95
20171120,8.95,8.95,8.65,8.75
20171121,8.8,8.975,8.775,8.85
20171122,9.0,9.125,8.9,8.95
20171123,8.95,8.95,8.95,8.95
20171124,9.0,9.05,8.85,8.95
20171127,8.9,8.95,8.65,8.75
20171128,8.75,8.85,8.65,8.85
20171129,8.8,8.9,8.65,8.75
20171130,8.95,9.1,8.8,8.85
20171201,9.0,9.2,8.7,8.95
20171204,9.0,9.2,8.95,9.05
20171205,9.05,9.15,8.8,8.8
20171206,8.8,8.85,8.4,8.45
20171207,8.45,8.475,8.3,8.3
20171208,8.35,8.5,8.2,8.2
20171211,8.25,8.5,8.25,8.45
20171212,8.5,8.55,8.375,8.45
20171213,8.4,8.6,8.4,8.5
20171214,8.4,8.475,8.325,8.45
20171215,8.45,8.6,8.25,8.35
20171218,8.45,8.55,8.4,8.5
20171219,8.5,8.55,8.25,8.3
20171220,8.4,8.6,8.25,8.5
20171221,8.55,8.85,8.5,8.7
20171222,8.75,8.75,8.6,8.65
20171225,8.65,8.65,8.65,8.65
20171226,8.7,8.8,8.6,8.7
20171227,8.7,8.75,8.55,8.6
20171228,8.6,8.65,8.5,8.5
20171229,8.55,8.675,8.3,8.6
20180101,8.6,8.6,8.6,8.6
20180102,8.7,8.8,8.6,8.7
20180103,8.75,8.85,8.65,8.75
20180104,8.8,8.9,8.65,8.8
20180105,8.85,8.9,8.7,8.85
20180108,8.8,8.95,8.7,8.95
20180109,8.9,8.95,8.8,8.85
20180110,8.85,8.9,8.75,8.8
20180111,8.95,9.65,8.75,9.6
20180112,9.65,9.95,9.5,9.85
20180115,9.85,9.85,9.85,9.85
20180116,9.8,9.85,9.525,9.65
20180117,9.75,9.8,9.55,9.7
20180118,9.65,9.65,9.25,9.25
20180119,9.15,9.5,9.0,9.4
20180122,9.4,9.55,9.35,9.55
20180123,9.55,9.9,9.45,9.7
20180124,9.7,9.8,9.5,9.5
20180125,9.65,9.65,9.35,9.5
20180126,9.5,9.55,9.35,9.45
20180129,9.35,9.4,9.1,9.15
20180130,9.1,9.125,8.9,9.05
20180131,9.1,9.2,9.0,9.1
20180201,9.05,9.4,9.05,9.2
20180202,9.05,9.1,8.675,8.7
20180205,8.65,8.9,8.35,8.4
20180206,8.25,8.65,8.25,8.45
20180207,8.45,8.525,8.1,8.2
20180208,8.2,8.25,7.9,8.0
20180209,7.45,8.55,7.45,7.9
20180212,7.95,8.25,7.7,8.1
20180213,8.05,8.2,7.95,8.0
20180214,7.9,8.375,7.9,8.3
20180215,8.35,8.45,8.125,8.4
20180216,8.35,8.55,8.325,8.5
20180219,8.5,8.5,8.5,8.5
20180220,8.45,8.55,8.3,8.35
20180221,8.35,8.6,8.25,8.4
20180222,8.5,8.65,8.4,8.5
20180223,8.5,8.7,8.45,8.65
20180226,8.65,8.745,8.45,8.65
20180227,8.65,8.8,8.45,8.45
20180228,8.55,8.6,8.25,8.25
20180301,8.2,8.4,8.1,8.3
20180302,8.2,8.65,8.15,8.55
20180305,8.7,8.9,8.55,8.75
20180306,8.85,9.0,8.65,8.85
20180307,8.75,9.0,8.6,8.8
20180308,8.8,8.95,8.75,8.8
20180309,8.9,9.05,8.75,8.8
20180312,8.8,9.0,8.7,8.9
20180313,8.95,9.05,8.7,8.75
20180314,8.85,9.025,8.6,8.75
20180315,8.75,8.85,8.45,8.6
20180316,8.6,8.95,8.6,8.85
20180319,8.85,8.9,8.5,8.6
20180320,8.65,8.75,8.6,8.65
20180321,8.65,9.0,8.65,9.0
20180322,8.85,9.0,8.5,8.55
20180323,8.6,8.75,8.3,8.35
20180326,8.45,8.55,8.3,8.45
20180327,8.5,8.5,8.145,8.15
20180328,8.15,8.23,7.95,8.05
20180329,8.05,8.3,8.0,8.1
20180330,8.1,8.1,8.1,8.1
20180402,8.05,8.15,7.9,8.0
20180403,8.05,8.5,7.975,8.45
20180404,8.3,8.6,8.15,8.55
20180405,8.6,9.05,8.6,8.8
20180406,8.8,8.9,8.525,8.7
20180409,8.75,8.75,8.4,8.45
20180410,8.65,8.85,8.55,8.8
20180411,8.85,9.125,8.8,9.0
20180412,9.05,9.3,8.9,9.3
20180413,9.35,9.45,9.25,9.4
20180416,9.45,9.7,9.3,9.65
20180417,9.65,9.8,9.55,9.75
20180418,9.85,10.075,9.8,9.8
20180419,9.85,9.875,9.55,9.8
20180420,9.75,9.9,9.65,9.8
20180423,9.8,9.8,9.55,9.65
20180424,9.75,9.85,9.55,9.65
20180425,9.6,9.8,9.5,9.65
20180426,9.6,9.925,9.6,9.7
20180427,9.4,10.3,9.35,10.25
20180430,10.35,10.75,10.3,10.5
20180501,10.3,10.5,10.25,10.45
20180502,10.45,10.65,10.425,10.5
20180503,10.5,10.55,10.2,10.3
20180504,10.25,10.75,10.2,10.65
20180507,10.65,10.745,10.276,10.3
20180508,10.35,10.55,10.05,10.55
20180509,10.7,10.85,10.6,10.65
20180510,10.65,10.675,10.45,10.55
20180511,10.55,10.6,10.3,10.35
20180514,10.4,10.525,10.3,10.3
20180515,10.3,10.725,10.225,10.55
20180516,10.6,10.75,10.55,10.6
20180517,10.65,10.9,10.65,10.75
20180518,10.7,10.8,10.6,10.7
20180521,10.8,10.9,10.7,10.9
20180522,10.8,10.95,10.475,10.5
20180523,10.4,10.65,10.3,10.6
20180524,10.5,10.7,10.45,10.6
20180525,10.5,10.7,10.45,10.6
20180528,10.6,10.6,10.6,10.6
20180529,10.5,10.6,10.4,10.55
20180530,10.65,11.15,10.6,10.85
20180531,10.8,10.975,10.65,10.85
20180601,10.9,10.95,10.725,10.85
20180604,10.9,10.9,10.5,10.55
20180605,10.5,10.6,10.35,10.6
20180606,10.6,10.7,10.45,10.5
20180607,10.55,10.775,10.55,10.65
20180608,10.65,10.65,10.3,10.3
20180611,10.3,10.5,10.205,10.35
20180612,10.35,10.45,10.3,10.4
20180613,10.35,10.5,10.25,10.3
20180614,10.35,10.4,10.25,10.3
20180615,10.2,10.2,9.9,10.1
20180618,10.1,10.4,10.0,10.3
20180619,10.2,10.5,10.1,10.35
20180620,10.35,10.5,10.25,10.35
20180621,10.25,10.35,10.0,10.15
20180622,10.4,11.125,10.35,11.0
20180625,10.85,10.9,10.5,10.65
20180626,10.65,11.15,10.55,11.1
20180627,11.2,11.65,11.2,11.3
20180628,11.35,11.35,10.9,11.0
20180629,11.05,11.1,10.8,10.85
20180702,10.85,10.85,10.45,10.5
20180703,10.7,10.9,10.5,10.7
20180704,10.7,10.7,10.7,10.7
20180705,10.85,10.85,10.55,10.65
20180706,10.55,10.65,10.5,10.55
20180709,10.55,10.8,10.55,10.65
20180710,10.7,11.0,10.55,10.6
20180711,10.45,10.65,10.25,10.3
20180712,10.35,10.545,10.15,10.4
20180713,10.4,10.5,10.3,10.3
20180716,10.2,10.25,9.65,9.9
20180717,9.85,10.0,9.65,9.7
20180718,9.65,9.725,9.5,9.6
20180719,9.55,9.9,9.55,9.85
20180720,9.85,9.9,9.7,9.75
20180723,9.85,9.85,9.55,9.8
20180724,9.9,10.05,9.75,9.85
20180725,9.8,9.95,9.3,9.5
20180726,9.5,9.85,9.5,9.65
20180727,9.65,10.75,9.65,10.7
20180730,10.9,10.95,10.525,10.6
20180731,10.65,11.05,10.4,11.05
20180801,10.9,10.95,10.5,10.75
20180802,10.55,11.0,10.5,10.65
20180803,10.5,10.75,10.05,10.15
20180806,10.15,10.4,10.05,10.35
20180807,10.5,10.625,10.4,10.5
20180808,10.45,10.6,10.35,10.55
20180809,10.65,10.7,10.5,10.55
20180810,10.5,10.75,10.45,10.55
20180813,10.6,10.6,10.2,10.25
20180814,10.25,10.55,10.1,10.4
20180815,10.3,10.4,9.7,9.75
20180816,9.8,9.95,9.6,9.85
20180817,9.8,9.95,9.65,9.95
20180820,9.95,10.15,9.75,10.05
20180821,10.15,10.55,10.1,10.5
20180822,10.55,10.95,10.55,10.85
20180823,10.85,11.0,10.8,10.9
20180824,10.9,10.95,10.7,10.8
20180827,10.85,11.1,10.8,11.0
20180828,11.0,11.2,10.85,11.0
20180829,11.0,11.25,10.95,11.2
20180830,11.2,11.2,10.45,10.45
20180831,10.4,10.6,10.3,10.5
20180903,10.5,10.5,10.5,10.5
20180904,10.5,10.5,10.1,10.15
20180905,10.0,10.05,9.75,10.0
20180906,10.0,10.05,9.9,9.95
20180907,9.9,9.93,9.5,9.75
20180910,9.8,9.9,9.5,9.55
20180911,9.55,9.8,9.5,9.65
20180912,9.8,9.85,9.6,9.65
20180913,9.6,9.65,9.3,9.45
20180914,9.5,9.625,9.325,9.45
20180917,9.5,9.65,9.35,9.45
20180918,9.55,9.6,9.4,9.55
20180919,9.55,9.9,9.54,9.8
20180920,9.9,9.95,9.75,9.95
20180921,9.95,10.125,9.85,10.0
20180924,10.05,10.1,9.85,10.05
20180925,10.1,10.55,10.01,10.5
20180926,10.4,10.45,10.2,10.2
20180927,10.25,10.35,10.1,10.25
20180928,10.25,10.55,10.15,10.35
20181001,10.43,10.52,10.31,10.34
20181002,10.38,10.53,10.25,10.48
20181003,10.57,10.66,10.32,10.64
20181004,10.58,10.8,10.54,10.59
20181005,10.54,10.59,10.3,10.44
20181008,10.38,10.5,10.29,10.47
20181009,10.57,10.9,10.47,10.82
20181010,10.72,10.82,10.245,10.26
20181011,10.14,10.24,9.9,9.9
20181012,10.12,10.12,9.86,10.0
20181015,10.06,10.14,9.815,10.01
20181016,9.99,10.07,9.86,9.95
20181017,9.87,9.94,9.725,9.77
20181018,9.63,9.63,9.36,9.54
20181019,9.52,9.71,9.14,9.15
20181022,9.15,9.19,8.93,9.01
20181023,8.81,8.81,8.31,8.38
20181024,8.43,8.52,7.91,7.91
20181025,8.08,8.23,7.94,7.96
20181026,7.86,7.98,7.32,7.86
20181029,7.84,7.88,7.28,7.36
20181030,7.31,7.97,7.27,7.95
20181031,8.05,8.29,7.915,8.21
20181101,8.29,8.29,8.01,8.12
20181102,8.2,8.32,8.11,8.23
20181105,8.36,8.43,8.045,8.2
20181106,8.18,8.23,7.96,8.17
20181107,8.25,8.4,8.12,8.32
20181108,8.29,8.43,8.23,8.27
20181109,8.09,8.19,7.995,8.09
20181112,8.27,8.27,7.79,7.83
20181113,7.83,7.97,7.62,7.64
20181114,7.82,7.86,7.56,7.76
20181115,7.8,8.28,7.77,8.19
20181116,8.18,8.295,8.01,8.28
20181119,8.19,8.27,7.98,8.16
20181120,7.96,7.96,7.61,7.71
20181121,7.88,8.01,7.81,7.89
20181122,7.89,7.89,7.89,7.89
20181123,7.58,7.81,7.58,7.67
20181126,7.74,7.78,7.325,7.37
20181127,7.37,7.59,7.37,7.45
20181128,7.48,7.68,7.27,7.66
20181129,7.64,7.75,7.53,7.66
20181130,7.57,7.825,7.52,7.69
20181203,7.95,7.98,7.755,7.84
20181204,7.79,7.85,7.38,7.39
20181205,7.39,7.39,7.39,7.39
20181206,7.14,7.3,7.04,7.17
20181207,7.44,7.5,6.99,7.0
20181210,6.95,7.0,6.76,6.82
20181211,6.99,6.99,6.61,6.65
20181212,6.83,7.07,6.7,6.91
20181213,6.9,6.94,6.72,6.82
20181214,6.75,6.79,6.54,6.6
20181217,6.6,6.85,6.6,6.7
20181218,6.74,6.92,6.67,6.9
20181219,6.84,6.95,6.51,6.58
20181220,6.52,6.71,6.39,6.42
20181221,6.46,6.76,6.4,6.66
20181224,6.62,6.79,6.5,6.54
20181225,6.54,6.54,6.54,6.54
20181226,6.66,6.8,6.4,6.78
20181227,6.61,6.73,6.395,6.64
20181228,6.7,7.0,6.7,6.9
20181231,6.98,6.98,6.7,6.87
20190101,6.87,6.87,6.87,6.87
20190102,6.71,7.27,6.7,7.2
20190103,7.21,7.39,7.09,7.31
20190104,7.49,7.63,7.385,7.59
20190107,7.59,8.075,7.53,7.98
20190108,8.09,8.16,7.94,8.02
20190109,8.17,8.28,8.03,8.15
20190110,8.06,8.26,7.99,8.17
20190111,8.04,8.22,8.02,8.17
20190114,8.09,8.16,7.94,7.97
20190115,8.02,8.19,7.98,8.14
20190116,8.12,8.17,8.02,8.16
20190117,8.02,8.245,7.96,8.21
20190118,8.37,8.55,8.26,8.54
20190121,8.54,8.54,8.54,8.54
20190122,8.47,8.52,8.28,8.35
20190123,8.42,8.42,8.09,8.16
20190124,8.15,8.29,8.02,8.19
20190125,8.29,8.45,8.29,8.38
20190128,8.22,8.335,8.14,8.27
20190129,8.35,8.41,8.26,8.28
20190130,8.37,8.42,8.22,8.34
20190131,8.34,8.4,8.22,8.31
20190201,8.33,8.56,8.3,8.51
20190204,8.39,8.59,8.39,8.59
20190205,8.59,8.69,8.53,8.67
20190206,8.62,8.66,8.48,8.5
20190207,8.46,8.52,8.205,8.25
20190208,9.0,9.58,8.965,9.29
20190211,9.25,9.37,8.87,9.27
20190212,9.39,9.41,9.22,9.39
20190213,9.4,9.4,9.09,9.14
20190214,9.1,9.4,9.1,9.36
20190215,9.44,9.45,9.29,9.37
20190218,9.37,9.37,9.37,9.37
20190219,9.29,9.545,9.27,9.44
20190220,9.36,9.675,9.35,9.65
20190221,9.57,9.59,9.225,9.3
20190222,9.26,9.31,9.12,9.19
20190225,9.22,9.325,9.1,9.11
20190226,9.09,9.17,8.99,9.06
20190227,9.06,9.075,8.88,9.02
20190228,9.01,9.01,8.735,8.84
20190301,8.89,8.995,8.8,8.89
20190304,8.9,8.995,8.765,8.78
20190305,8.8,8.81,8.53,8.55
20190306,8.5,8.57,8.3,8.3
20190307,8.34,8.4,8.15,8.16
20190308,8.0,8.13,7.94,8.01
20190311,8.1,8.28,8.05,8.15
20190312,8.19,8.31,8.17,8.27
20190313,8.35,8.67,8.3,8.58
20190314,8.58,8.68,8.43,8.43
20190315,8.43,8.61,8.34,8.35
20190318,8.38,8.73,8.38,8.7
20190319,8.77,8.88,8.72,8.83
20190320,8.81,9.23,8.8,9.07
20190321,9.07,9.27,9.0,9.01
20190322,8.9,8.9,8.52,8.52
20190325,8.46,8.71,8.37,8.69
20190326,8.83,9.03,8.795,8.97
20190327,8.95,9.1,8.74,8.78
20190328,8.75,9.06,8.58,9.04
20190329,9.2,9.23,9.01,9.16
20190401,9.22,9.31,9.13,9.29
20190402,9.34,9.4,9.29,9.34
20190403,9.4,9.48,9.23,9.27
20190404,9.27,9.38,9.13,9.36
20190405,9.43,9.57,9.33,9.52
20190408,9.5,9.5229,9.23,9.25
20190409,9.19,9.24,9.04,9.07
20190410,9.15,9.28,9.09,9.25
20190411,9.23,9.25,9.06,9.14
20190412,9.32,9.33,9.08,9.09
20190415,9.04,9.09,8.96,9.01
20190416,9.06,9.145,8.85,9.08
20190417,9.13,9.21,8.91,8.91
20190418,8.84,9.04,8.79,8.79
20190419,8.79,8.79,8.79,8.79
20190422,8.88,8.995,8.79,8.96
20190423,8.95,9.07,8.9,8.9
20190424,8.85,8.87,8.545,8.57
20190425,8.56,8.64,8.48,8.52
20190426,8.33,8.33,7.05,7.06
20190429,7.09,7.79,7.065,7.55
20190430,7.55,7.64,7.29,7.3
20190501,7.33,7.5,7.24,7.35
20190502,7.33,7.44,7.33,7.33
20190503,7.43,7.5,7.33,7.44
20190506,7.34,7.705,7.3,7.58
20190507,7.49,7.62,7.35,7.49
20190508,7.49,7.64,7.47,7.55
20190509,7.59,7.705,7.52,7.55
20190510,7.55,7.6,7.47,7.49
20190513,7.38,7.5,7.21,7.27
20190514,7.35,7.5576,7.32,7.52
20190515,7.39,7.655,7.35,7.62
20190516,7.65,7.825,7.61,7.8
20190517,7.71,7.755,7.61,7.61
20190520,7.56,7.71,7.52,7.6
20190521,7.62,7.69,7.58,7.6
20190522,7.5,7.56,7.4,7.44
20190523,7.3,7.35,7.155,7.34
20190524,7.45,7.48,7.22,7.26
20190527,7.26,7.26,7.26,7.26
20190528,7.3,7.34,7.22,7.24
20190529,7.09,7.21,7.04,7.11
20190530,7.13,7.2,6.91,7.0
20190531,6.9,6.99,6.79,6.99
20190603,7.0,7.16,6.985,7.05
20190604,7.15,7.17,7.05,7.14
20190605,7.14,7.24,6.92,6.92
20190606,6.92,7.05,6.79,6.97
20190607,7.0,7.14,6.93,7.1
20190610,7.11,7.28,7.11,7.13
20190611,7.21,7.25,6.815,6.9
20190612,6.85,6.85,6.52,6.54
20190613,6.65,6.7,6.52,6.6
20190614,6.6,6.62,6.34,6.37
20190617,6.33,6.575,6.3,6.53
20190618,6.59,6.69,6.52,6.56
20190619,6.51,6.69,6.45,6.64
20190620,6.84,6.895,6.745,6.88
20190621,6.86,7.045,6.85,7.04
20190624,7.02,7.12,6.85,6.87
20190625,6.92,7.07,6.84,6.96
20190626,7.07,7.27,6.98,7.18
20190627,7.17,7.24,7.05,7.24
20190628,7.28,7.42,7.24,7.42
20190701,7.57,7.585,7.29,7.38
20190702,7.34,7.34,7.08,7.12
20190703,7.12,7.12,7.02,7.09
20190704,7.09,7.09,7.09,7.09
20190705,7.04,7.2,7.02,7.18
20190708,7.17,7.33,7.13,7.22
20190709,7.19,7.19,6.97,6.98
20190710,7.06,7.12,6.92,7.04
20190711,7.02,7.05,6.93,6.99
20190712,7.05,7.07,6.92,6.97
20190715,7.04,7.05,6.78,6.79
20190716,6.77,6.77,6.65,6.68
20190717,6.66,6.66,6.47,6.48
20190718,6.47,6.48,6.29,6.4
20190719,6.4,6.675,6.4,6.65
20190722,6.66,6.875,6.66,6.83
20190723,6.83,7.06,6.83,7.0
20190724,6.97,7.22,6.935,7.2
20190725,7.22,7.22,6.885,6.96
20190726,7.0,7.15,6.9,7.1
20190729,7.09,7.09,6.66,6.69
20190730,6.61,7.196000000000001,6.6,7.13
20190731,6.84,7.84,6.83,7.63
20190801,7.49,7.68,7.02,7.09
20190802,7.05,7.17,6.94,7.05
20190805,6.8,7.085,6.79,7.05
20190806,7.08,7.16,6.82,6.9
20190807,6.75,7.085,6.7,7.01
20190808,7.06,7.2,7.0,7.19
20190809,7.29,7.32,7.09,7.24
20190812,7.23,7.28,7.18,7.23
20190813,7.18,7.43,7.15,7.42
20190814,7.04,7.24,6.65,6.7
20190815,6.65,6.69,6.51,6.66
20190816,6.7,6.93,6.61,6.9
20190819,7.05,7.05,6.77,6.79
20190820,6.68,6.82,6.615,6.67
20190821,6.76,6.76,6.59,6.59
20190822,6.65,6.73,6.52,6.52
20190823,6.44,6.56,6.24,6.24
20190826,6.4,6.48,6.21,6.23
20190827,6.28,6.32,6.07,6.15
20190828,6.17,6.415,6.06,6.34
20190829,6.42,6.65,6.37,6.62
20190830,6.63,6.68,6.51,6.61
20190902,6.61,6.61,6.61,6.61
20190903,6.47,6.525,6.34,6.5
20190904,6.64,6.75,6.48,6.71
20190905,6.81,7.01,6.77,6.9
20190906,6.85,6.96,6.73,6.88
20190909,6.99,7.04,6.835,7.03
20190910,7.1,7.55,7.0341,7.45
20190911,7.54,7.5994,7.235,7.46
20190912,7.4,7.51,7.01,7.5
20190913,7.6,7.73,7.42,7.65
20190916,7.95,8.08,7.8,7.91
20190917,7.89,7.97,7.49,7.95
20190918,7.93,8.0,7.69,7.8
20190919,7.89,7.92,7.685,7.73
20190920,7.74,7.87,7.63,7.81
20190923,7.72,7.92,7.66,7.9
20190924,7.88,7.97,7.75,7.86
20190925,7.75,7.965,7.71,7.88
20190926,7.77,7.78,7.64,7.7
20190927,7.59,7.74,7.45,7.59
20190930,7.57,7.7,7.48,7.62
20191001,7.69,7.74,7.44,7.44
20191002,7.39,7.42,7.26,7.33
20191003,7.24,7.45,7.1,7.4
20191004,7.43,7.49,7.32,7.43
20191007,7.49,7.63,7.4,7.5
20191008,7.34,7.56,7.27,7.44
20191009,7.56,7.56,7.27,7.29
20191010,7.28,7.37,7.2,7.36
20191011,7.5,7.68,7.44,7.55
20191014,7.39,7.39,6.91,6.93
20191015,6.77,7.07,6.56,6.93
20191016,6.93,6.99,6.85,6.89
20191017,6.96,7.06,6.895,7.03
20191018,7.0,7.09,6.91,6.95
20191021,7.04,7.17,6.97,7.09
20191022,7.09,7.34,7.03,7.3
20191023,7.25,7.5,7.12,7.46
20191024,7.5,7.5,7.38,7.43
20191025,7.42,7.51,7.04,7.25
20191028,7.35,7.46,7.285,7.34
20191029,7.24,7.38,7.16,7.34
20191030,7.33,7.41,6.98,7.04
20191031,5.92,6.26,5.25,6.0
20191101,6.03,6.16,5.9801,6.02
20191104,6.1,6.89,6.1,6.85
20191105,6.91,6.975,6.58,6.81
20191106,6.73,6.83,6.53,6.56
20191107,6.68,6.74,6.47,6.51
20191108,6.46,6.77,6.38,6.76
20191111,6.72,6.79,6.58,6.76
20191112,6.82,6.85,6.68,6.81
20191113,6.72,6.7465,6.5,6.5
20191114,6.54,6.54,6.29,6.33
20191115,6.39,6.43,6.17,6.19
20191118,6.15,6.15,5.94,5.98
20191119,5.95,5.95,5.8,5.84
20191120,5.96,5.96,5.65,5.9
20191121,5.96,5.96,5.81,5.9
20191122,5.91,6.11,5.91,6.09
20191125,6.07,6.255,6.04,6.19
20191126,6.16,6.21,6.03,6.04
20191127,6.07,6.135,5.98,6.03
20191128,6.03,6.03,6.03,6.03
20191129,5.93,5.97,5.83,5.86
20191202,5.91,5.94,5.65,5.73
20191203,5.69,5.81,5.58,5.75
20191204,5.73,6.015,5.715,5.78
20191205,5.79,5.86,5.65,5.7
20191206,5.73,5.895,5.73,5.85
20191209,5.79,5.89,5.78,5.8
20191210,5.8,5.85,5.56,5.6
20191211,5.6,5.69,5.55,5.61
20191212,5.62,5.83,5.62,5.8
20191213,5.79,5.95,5.705,5.86
20191216,5.92,6.2,5.89,5.92
20191217,5.92,6.1,5.92,6.06
20191218,6.06,6.24,6.05,6.17
20191219,6.1,6.24,6.1,6.14
20191220,6.16,6.26,6.06,6.07
20191223,6.08,6.28,6.0,6.27
20191224,6.25,6.32,6.17,6.29
20191225,6.29,6.29,6.29,6.29
20191226,6.33,6.39,6.21,6.22
20191227,6.22,6.225,6.07,6.08
20191230,6.08,6.2829,6.075,6.13
20191231,6.08,6.34,6.04,6.27
20200101,6.27,6.27,6.27,6.27
20200102,6.27,6.3284,6.0,6.21
20200103,6.4,6.4,6.13,6.22
20200106,6.15,6.385,6.07,6.35
20200107,6.27,6.4,6.11,6.18
20200108,6.16,6.16,5.91,5.96
20200109,5.99,5.99,5.79,5.82
20200110,5.81,5.83,5.63,5.69
20200113,5.67,5.68,5.48,5.57
20200114,5.59,5.6,5.45,5.49
20200115,5.47,5.525,5.24,5.3
20200116,5.34,5.57,5.34,5.44
20200117,5.5,5.5,5.2,5.26
20200120,5.26,5.26,5.26,5.26
20200121,5.26,5.41,5.19,5.28
20200122,5.29,5.29,5.13,5.18
20200123,5.1,5.34,4.98,5.23
20200124,5.2,5.21,5.04,5.1
20200127,5.01,5.36,4.97,5.23
20200128,5.22,5.34,5.13,5.21
20200129,5.25,5.34,5.13,5.14
20200130,5.03,5.13,4.95,5.0
20200131,4.95,5.02,4.89,5.0
20200203,5.02,5.19,4.9686,5.17
20200204,5.23,5.31,5.16,5.21
20200205,5.29,5.435,5.28,5.39
20200206,5.4,5.4,5.13,5.16
20200207,4.8,5.005,4.4201,4.48
20200210,4.44,4.48,4.18,4.3
20200211,4.32,4.33,4.12,4.16
20200212,4.2,4.53,4.17,4.49
20200213,4.45,4.61,4.34,4.35
20200214,4.39,4.4,4.18,4.23
20200217,4.23,4.23,4.23,4.23
20200218,4.2,4.34,4.13,4.28
20200219,4.3,4.4,4.21,4.27
20200220,4.27,4.32,4.03,4.04
20200221,4.04,4.05,3.72,3.72
20200224,3.59,3.635,3.46,3.5
20200225,3.47,3.6,3.325,3.34
20200226,3.36,3.59,3.3,3.52
20200227,3.41,3.53,3.17,3.44
20200228,3.33,3.61,3.33,3.51
20200302,3.54,3.56,3.25,3.36
20200303,3.38,3.53,3.3,3.35
20200304,3.43,3.7,3.35,3.58
20200305,3.5,3.9,3.34,3.36
20200306,3.24,3.41,2.92,2.96
20200309,2.42,2.5,1.53,1.63
20200310,1.9,1.9,1.26,1.32
20200311,1.32,1.32,1.11,1.13
20200312,1.11,1.45,1.08,1.21
20200313,1.2,1.26,1.12,1.25
20200316,1.21,1.48,1.18,1.27
20200317,1.25,1.38,1.21,1.26
20200318,1.23,1.27,1.14,1.21
20200319,1.22,1.34,1.15,1.19
20200320,1.19,1.27,1.05,1.22
20200323,1.21,1.3,0.96,0.9708
20200324,1.02,1.07,0.9701,1.07
20200325,1.1,1.1029,0.9436,0.9708
20200326,1.01,1.0590000000000002,0.96,0.9955
20200327,0.9968,0.9968,0.875,0.9
20200330,0.9365,0.9428,0.8,0.8153
20200331,0.8578,0.98,0.856,0.897
20200401,0.9,0.9349,0.67,0.67
20200402,0.804,0.888,0.7029,0.72
20200403,0.83,0.83,0.65,0.693
20200406,0.7,0.8191,0.7,0.753
20200407,0.7906,0.8415,0.77,0.7837
20200408,0.8407,0.9592,0.8229,0.9516
20200409,1.09,1.27,1.05,1.11
20200413,1.3,1.32,1.1,1.11
20200414,1.15,1.15,1.0,1.09
20200415,1.0,1.07,1.0,1.05
20200416,1.05,1.13,1.02,1.13
20200417,1.12,1.175,1.07,1.16
20200420,1.12,1.25,1.01,1.02
20200421,1.01,1.06,0.99,1.0
20200422,1.01,1.13,0.9271,0.9714
20200423,1.01,1.05,0.95,1.02
20200424,1.01,1.04,0.9505,1.01
20200427,1.0,1.08,0.9875,1.05
20200428,1.08,1.14,1.04,1.08
20200429,1.15,1.56,1.14,1.43
20200430,1.58,1.69,1.37,1.53
20200501,1.44,1.55,1.17,1.23
20200504,1.2,1.3,1.1,1.18
20200505,1.33,1.3901,1.25,1.3
20200506,1.27,1.49,1.17,1.3
20200507,1.36,1.49,1.33,1.41
20200508,1.45,1.6,1.4,1.6
20200511,1.65,1.74,1.5,1.7
20200512,1.7,1.78,1.61,1.67
20200513,1.76,1.78,1.46,1.6
20200514,1.54,1.71,1.42,1.57
20200515,1.55,1.62,1.53,1.58
20200518,1.63,2.12,1.63,2.08
20200519,2.11,2.134,1.9,1.95
20200520,2.0,2.38,1.9996,2.2
20200521,2.27,2.32,2.02,2.06
20200522,2.12,2.1319999999999997,1.96,2.01
20200526,2.1,2.4,2.08,2.38
20200527,2.5,2.52,2.23,2.31
20200528,2.34,2.38,2.14,2.15
20200529,2.15,2.23,1.94,2.02
20200601,2.01,2.2,1.97,2.08
20200602,2.11,2.285,2.11,2.23
20200603,2.28,2.4,2.155,2.25
20200604,2.25,2.52,2.21,2.48
20200605,2.63,2.86,2.61,2.83
20200608,3.0,3.33,3.0,3.18
20200609,3.03,3.055,2.775,3.02
20200610,2.91,2.92,2.59,2.66
