20130701,9.49,9.54,9.4,9.49
20130702,9.36,9.41,9.27,9.34
20130703,9.19,9.31,9.18,9.22
20130704,9.22,9.22,9.22,9.22
20130705,9.25,9.26,9.1,9.2
20130708,9.24,9.35,9.21,9.26
20130709,9.46,9.47,9.37,9.37
20130710,9.31,9.46,9.29,9.45
20130711,9.67,9.69,9.57,9.64
20130712,9.56,9.61,9.45,9.61
20130715,9.62,9.73,9.62,9.73
20130716,9.7,9.78,9.67,9.73
20130717,9.8,9.8,9.69,9.7
20130718,9.74,9.82,9.74,9.8
20130719,9.74,9.85,9.7,9.78
20130722,9.81,9.92,9.8,9.87
20130723,10.16,10.2,10.1,10.1
20130724,10.21,10.27,10.14,10.23
20130725,9.79,9.98,9.77,9.97
20130726,9.95,10.12,9.94,10.12
20130729,9.89,9.94,9.84,9.91
20130730,9.95,9.96,9.83,9.87
20130731,9.78,9.91,9.74,9.85
20130801,9.82,9.88,9.78,9.83
20130802,9.83,9.93,9.83,9.87
20130805,9.8,9.89,9.79,9.89
20130806,9.74,9.75,9.61,9.69
20130807,9.7,9.77,9.68,9.76
20130808,9.92,9.97,9.84,9.89
20130809,10.15,10.16,10.06,10.15
20130812,10.17,10.2,10.09,10.16
20130813,10.26,10.46,10.25,10.39
20130814,10.45,10.48,10.41,10.47
20130815,10.44,10.51,10.35,10.47
20130816,10.53,10.62,10.49,10.58
20130819,10.52,10.54,10.43,10.43
20130820,10.37,10.39,10.3,10.32
20130821,10.37,10.43,10.27,10.28
20130822,10.37,10.4,10.29,10.35
20130823,10.45,10.5,10.39,10.5
20130826,10.42,10.47,10.34,10.35
20130827,10.14,10.2,10.09,10.13
20130828,10.04,10.17,10.0,10.09
20130829,10.18,10.23,10.13,10.13
20130830,10.21,10.22,10.1,10.16
20130902,10.16,10.16,10.16,10.16
20130903,10.46,10.53,10.41,10.43
20130904,10.45,10.66,10.41,10.66
20130905,10.88,11.05,10.87,10.97
20130906,11.04,11.09,10.94,11.01
20130909,11.05,11.16,11.04,11.12
20130910,11.22,11.33,11.21,11.3
20130911,11.4,11.54,11.37,11.43
20130912,11.83,11.88,11.67,11.7
20130913,11.64,11.67,11.56,11.61
20130916,11.63,11.63,11.51,11.55
20130917,11.47,11.65,11.45,11.65
20130918,11.53,11.79,11.46,11.74
20130919,11.77,11.78,11.65,11.68
20130920,11.76,11.83,11.74,11.75
20130923,11.79,11.82,11.7,11.75
20130924,11.89,11.94,11.86,11.88
20130925,12.21,12.29,12.18,12.24
20130926,12.66,12.76,12.57,12.63
20130927,12.67,12.72,12.59,12.64
20130930,12.43,12.51,12.4,12.51
20131001,12.57,12.67,12.55,12.6
20131002,12.57,12.62,12.48,12.6
20131003,12.55,12.64,12.53,12.6
20131004,12.77,12.84,12.74,12.78
20131007,12.71,12.91,12.71,12.86
20131008,13.17,13.19,12.96,12.98
20131009,13.27,13.32,13.14,13.26
20131010,13.62,13.82,13.59,13.82
20131011,13.58,13.63,13.5,13.53
20131014,13.68,13.75,13.64,13.71
20131015,13.6,13.67,13.6,13.64
20131016,14.02,14.1,13.97,14.04
20131017,14.02,14.1,13.99,14.1
20131018,14.24,14.25,14.12,14.19
20131021,14.26,14.38,14.25,14.38
20131022,14.45,14.68,14.44,14.59
20131023,13.8,13.88,13.71,13.85
20131024,13.99,14.04,13.91,14.0
20131025,13.9,13.96,13.83,13.95
20131028,14.0,14.06,13.94,14.01
20131029,14.05,14.2,14.03,14.19
20131030,14.05,14.07,13.79,13.79
20131031,13.73,13.75,13.62,13.73
20131101,13.79,13.79,13.56,13.64
20131104,13.66,13.72,13.6,13.66
20131105,12.96,13.07,12.86,13.07
20131106,13.09,13.16,13.06,13.16
20131107,12.99,13.01,12.81,12.81
20131108,12.86,12.98,12.79,12.98
20131111,13.0,13.08,12.96,13.06
20131112,12.94,13.04,12.9,12.94
20131113,12.9,13.06,12.86,13.05
20131114,12.98,13.0,12.86,12.93
20131115,13.07,13.12,12.94,13.04
20131118,13.12,13.18,13.01,13.01
20131119,13.03,13.06,12.93,12.96
20131120,12.88,12.9,12.61,12.62
20131121,12.61,12.67,12.59,12.66
20131122,12.83,12.88,12.8,12.86
20131125,12.85,12.88,12.76,12.81
20131126,12.8,12.9,12.75,12.82
20131127,12.88,12.95,12.82,12.86
20131128,12.86,12.86,12.86,12.86
20131129,13.02,13.05,12.95,12.98
20131202,12.86,12.97,12.74,12.74
20131203,12.16,12.17,12.05,12.05
20131204,11.99,12.21,11.9,12.18
20131205,12.3,12.4,12.24,12.24
20131206,12.24,12.31,12.15,12.3
20131209,12.26,12.41,12.25,12.35
20131210,12.2,12.24,12.09,12.12
20131211,12.1,12.12,11.94,11.97
20131212,11.94,12.0,11.88,11.88
20131213,11.85,11.85,11.65,11.79
20131216,11.86,11.91,11.8,11.81
20131217,12.15,12.16,11.98,12.01
20131218,12.23,12.25,12.05,12.22
20131219,12.27,12.32,12.23,12.32
20131220,12.01,12.18,11.82,11.98
20131223,11.96,12.07,11.96,12.0
20131224,12.02,12.1,11.94,12.05
20131225,12.05,12.05,12.05,12.05
20131226,12.05,12.13,12.04,12.13
20131227,12.31,12.44,12.29,12.34
20131230,12.33,12.35,12.24,12.27
20131231,12.35,12.39,12.29,12.35
20140101,12.35,12.35,12.35,12.35
20140102,11.96,11.98,11.88,11.96
20140103,12.03,12.06,11.9,12.0
20140106,12.09,12.15,12.01,12.15
20140107,12.37,12.45,12.31,12.43
20140108,12.37,12.44,12.33,12.44
20140109,12.43,12.49,12.42,12.46
20140110,12.8,13.0,12.77,12.95
20140113,12.97,13.06,12.95,12.95
20140114,13.01,13.06,12.98,13.0
20140115,12.98,13.15,12.94,13.13
20140116,13.15,13.17,13.04,13.11
20140117,13.03,13.15,13.01,13.09
20140120,13.09,13.09,13.09,13.09
20140121,12.98,12.98,12.8,12.87
20140122,12.76,12.78,12.65,12.76
20140123,12.95,12.96,12.79,12.89
20140124,12.7,12.72,12.45,12.45
20140127,12.46,12.54,12.35,12.38
20140128,12.2,12.4,12.18,12.32
20140129,12.23,12.35,12.2,12.26
20140130,12.44,12.52,12.27,12.49
20140131,12.27,12.45,12.23,12.38
20140203,12.22,12.24,11.95,11.95
20140204,12.0,12.04,11.92,11.98
20140205,11.99,12.05,11.92,11.98
20140206,12.18,12.36,12.18,12.28
20140207,12.4,12.51,12.37,12.48
20140210,12.33,12.38,12.27,12.38
20140211,12.35,12.46,12.34,12.41
20140212,12.31,12.4,12.28,12.34
20140213,12.39,12.59,12.39,12.57
20140214,12.55,12.62,12.52,12.57
20140217,12.57,12.57,12.57,12.57
20140218,12.75,12.78,12.69,12.7
20140219,12.77,12.85,12.73,12.73
20140220,12.78,12.85,12.72,12.81
20140221,12.92,12.99,12.84,12.84
20140224,13.05,13.18,13.04,13.13
20140225,13.14,13.27,13.06,13.12
20140226,12.72,12.73,12.6,12.67
20140227,12.5,12.6,12.48,12.54
20140228,12.48,12.5,12.36,12.43
20140303,12.33,12.4,12.1,12.17
20140304,12.41,12.47,12.38,12.46
20140305,12.67,12.7,12.5,12.57
20140306,13.78,14.11,13.73,13.88
20140307,14.36,14.37,14.11,14.18
20140310,14.59,14.78,14.5,14.73
20140311,14.58,14.71,14.24,14.56
20140312,14.5,14.65,14.48,14.63
20140313,14.63,14.65,14.14,14.19
20140314,13.67,14.04,13.65,13.93
20140317,14.0,14.13,13.95,14.06
20140318,14.21,14.3,14.1,14.14
20140319,14.11,14.14,13.8,13.93
20140320,13.69,14.07,13.65,13.95
20140321,14.09,14.2,13.94,13.96
20140324,13.92,13.96,13.72,13.96
20140325,14.0,14.22,13.98,14.21
20140326,14.21,14.21,14.03,14.07
20140327,14.24,14.3,14.17,14.25
20140328,14.54,14.69,14.54,14.57
20140331,14.7,14.8,14.66,14.69
20140401,14.87,14.9,14.71,14.81
20140402,14.71,14.81,14.69,14.75
20140403,14.88,14.91,14.7,14.78
20140404,14.75,14.78,14.64,14.65
20140407,14.67,14.69,14.5,14.58
20140408,14.51,14.72,14.5,14.69
20140409,14.95,15.05,14.82,15.03
20140410,15.07,15.12,14.81,14.84
20140411,14.75,14.94,14.72,14.8
20140414,14.82,14.95,14.77,14.93
20140415,14.82,14.9,14.59,14.77
20140416,14.75,14.97,14.69,14.93
20140417,15.0,15.14,14.95,15.09
20140418,15.09,15.09,15.09,15.09
20140421,15.06,15.13,15.0,15.09
20140422,15.3,15.39,15.22,15.27
20140423,15.15,15.18,15.07,15.15
20140424,15.18,15.19,15.03,15.15
20140425,15.03,15.05,14.85,14.95
20140428,14.86,15.02,14.81,14.96
20140429,15.49,15.58,15.36,15.4
20140430,15.98,16.16,15.95,16.1
20140501,16.15,16.19,16.03,16.19
20140502,16.42,16.52,16.25,16.33
20140505,16.39,16.75,16.37,16.67
20140506,16.66,16.78,16.55,16.65
20140507,16.66,16.75,16.58,16.66
20140508,16.76,16.86,16.72,16.74
20140509,16.55,16.68,16.43,16.63
20140512,16.66,16.75,16.57,16.75
20140513,16.74,16.77,16.62,16.67
20140514,16.7,16.88,16.69,16.71
20140515,16.85,16.88,16.57,16.87
20140516,16.91,17.0,16.88,17.0
20140519,17.05,17.23,17.01,17.16
20140520,17.15,17.17,17.0,17.08
20140521,16.54,16.6,16.44,16.6
20140522,16.61,16.78,16.52,16.73
20140523,16.4,16.49,16.26,16.4
20140526,16.4,16.4,16.4,16.4
20140527,16.58,16.6,16.33,16.38
20140528,15.83,15.88,15.69,15.69
20140530,16.07,16.08,15.97,16.05
20140602,16.46,16.49,16.2,16.28
20140603,16.31,16.36,16.25,16.28
20140604,16.15,16.24,16.13,16.18
20140605,16.69,16.82,16.61,16.79
20140606,16.95,17.22,16.95,17.15
20140609,17.03,17.43,16.99,17.34
20140610,17.02,17.06,16.98,17.02
20140611,16.95,17.0,16.31,16.48
20140612,16.66,16.74,16.64,16.71
20140613,16.68,16.75,16.61,16.67
20140616,16.54,16.59,16.42,16.49
20140617,16.49,16.58,16.43,16.46
20140618,16.62,16.75,16.56,16.75
20140619,16.66,16.71,16.52,16.61
20140620,16.13,16.15,16.03,16.07
20140623,15.92,16.05,15.83,15.97
20140624,16.05,16.12,15.86,15.9
20140625,15.83,15.98,15.83,15.97
20140626,16.03,16.09,15.83,15.9
20140627,15.76,15.88,15.69,15.88
20140630,15.79,15.83,15.74,15.8
20140701,16.05,16.18,16.0,16.13
20140702,15.52,15.55,15.42,15.54
20140703,15.68,15.74,15.64,15.68
20140704,15.68,15.68,15.68,15.68
20140707,15.47,15.51,15.38,15.45
20140708,15.39,15.42,15.22,15.31
20140709,15.33,15.52,15.33,15.52
20140710,15.26,15.4,15.25,15.4
20140711,15.4,15.45,15.33,15.4
20140714,15.62,15.65,15.5,15.65
20140715,15.54,15.56,15.34,15.44
20140716,15.64,15.84,15.54,15.8
20140718,15.43,15.69,15.4,15.69
20140721,15.54,15.55,15.45,15.55
20140722,15.65,15.73,15.6,15.73
20140723,15.74,15.77,15.66,15.71
20140724,15.8,15.88,15.75,15.83
20140725,15.78,15.85,15.63,15.74
20140728,15.84,16.04,15.78,15.98
20140729,16.12,16.34,16.11,16.18
20140730,16.21,16.26,16.01,16.17
20140731,15.83,15.9,15.5,15.56
20140801,15.4,15.46,15.34,15.43
20140804,15.54,15.57,15.43,15.5
20140805,15.45,15.45,15.28,15.35
20140806,15.09,15.2,15.06,15.13
20140807,14.91,14.93,14.6,14.67
20140808,14.68,14.75,14.51,14.75
20140811,14.8,14.89,14.78,14.8
20140812,14.75,14.77,14.64,14.75
20140813,14.9,14.92,14.84,14.9
20140814,14.93,14.98,14.88,14.94
20140815,15.11,15.2,14.8,14.9
20140818,14.99,15.03,14.93,15.01
20140819,14.96,15.0,14.94,14.99
20140820,14.77,14.92,14.73,14.89
20140821,15.0,15.14,14.98,15.09
20140822,15.0,15.06,14.87,14.96
20140825,15.1,15.22,15.05,15.18
20140826,15.1,15.16,15.06,15.12
20140827,15.36,15.43,15.34,15.4
20140828,15.21,15.25,15.17,15.25
20140829,15.14,15.23,15.05,15.18
20140901,15.18,15.18,15.18,15.18
20140902,14.6,14.65,14.54,14.62
20140903,14.66,14.66,14.57,14.63
20140904,14.7,14.79,14.49,14.52
20140905,14.76,14.83,14.7,14.83
20140908,14.88,14.93,14.77,14.83
20140909,14.87,14.89,14.73,14.76
20140910,14.81,15.03,14.71,15.02
20140911,15.28,15.34,15.16,15.18
20140912,15.08,15.16,15.0,15.11
20140915,15.05,15.07,14.77,14.85
20140916,14.61,14.75,14.55,14.71
20140917,14.88,14.92,14.75,14.78
20140918,14.84,14.93,14.83,14.93
20140919,14.95,14.98,14.9,14.98
20140922,14.97,14.97,14.84,14.94
20140923,14.76,14.87,14.69,14.73
20140924,14.8,14.97,14.73,14.97
20140925,14.91,14.91,14.61,14.67
20140926,14.73,14.81,14.65,14.78
20140929,14.64,14.77,14.61,14.76
20140930,14.95,15.1,14.74,14.74
20141001,14.55,14.55,14.33,14.37
20141002,14.41,14.41,14.09,14.21
20141003,14.14,14.25,14.13,14.25
20141006,14.31,14.34,14.17,14.29
20141007,14.05,14.14,13.94,13.95
20141008,14.09,14.3,13.98,14.3
20141009,14.07,14.07,13.72,13.76
20141010,13.8,13.89,13.59,13.62
20141013,13.78,13.94,13.73,13.85
20141014,14.05,14.21,13.96,14.01
20141015,13.87,13.91,13.52,13.82
20141016,13.05,13.53,13.04,13.44
20141017,13.62,13.65,13.49,13.56
20141020,13.61,13.85,13.61,13.84
20141021,13.88,13.98,13.85,13.97
20141022,13.84,13.9,13.64,13.64
20141023,14.34,14.49,14.32,14.42
20141024,14.72,14.77,14.6,14.77
20141027,14.51,14.81,14.48,14.8
20141028,15.23,15.34,15.19,15.32
20141029,15.61,15.69,15.33,15.38
20141030,15.25,15.62,15.24,15.56
20141031,15.86,16.03,15.82,15.89
20141103,15.62,15.64,15.46,15.61
20141104,15.56,15.59,15.36,15.53
20141105,15.75,15.84,15.69,15.84
20141106,15.7,15.75,15.49,15.58
20141107,15.42,15.43,15.26,15.43
20141110,15.38,15.51,15.32,15.51
20141111,16.08,16.25,16.0,16.15
20141112,15.78,15.93,15.76,15.91
20141113,16.05,16.23,15.76,15.87
20141114,15.63,15.94,15.62,15.93
20141117,16.01,16.13,15.99,16.0
20141118,16.24,16.35,16.19,16.29
20141119,16.33,16.39,16.17,16.33
20141120,16.19,16.36,16.19,16.27
20141121,16.88,16.98,16.78,16.92
20141124,17.08,17.2,17.03,17.15
20141125,17.12,17.21,17.09,17.15
20141126,17.06,17.07,16.92,16.97
20141127,16.97,16.97,16.97,16.97
20141128,17.49,17.6,17.43,17.49
20141201,17.65,17.74,17.54,17.6
20141202,17.19,17.31,17.19,17.26
20141204,17.48,17.57,17.35,17.43
20141205,17.88,18.04,17.86,17.89
20141208,17.99,18.05,17.72,17.72
20141209,17.29,17.37,17.06,17.19
20141210,17.09,17.15,16.81,16.86
20141211,17.2,17.29,17.09,17.09
20141212,17.23,17.28,16.64,16.64
20141215,16.83,16.87,15.86,15.95
20141216,16.74,17.11,16.72,16.8
20141217,16.71,16.93,16.57,16.74
20141218,17.1,17.3,17.01,17.25
20141219,17.29,17.49,17.26,17.38
20141222,17.63,17.68,17.44,17.45
20141223,17.57,17.68,17.5,17.56
20141224,17.65,17.65,17.52,17.52
20141225,17.52,17.52,17.52,17.52
20141226,17.54,17.65,17.54,17.65
20141229,17.32,17.54,17.31,17.47
20141230,17.26,17.31,17.1,17.15
20141231,17.03,17.1,16.9,16.92
20150101,16.92,16.92,16.92,16.92
20150102,16.91,16.98,16.73,16.88
20150105,16.31,16.33,16.0,16.11
20150106,16.03,16.12,15.79,15.82
20150107,16.08,16.18,15.93,16.14
20150108,16.43,16.74,16.41,16.6
20150109,16.64,16.66,16.38,16.44
20150112,16.78,16.97,16.7,16.86
20150113,17.1,17.3,16.86,16.91
20150114,16.97,17.07,16.86,16.96
20150115,16.86,16.96,16.7,16.87
20150116,16.88,17.11,16.81,17.11
20150119,17.11,17.11,17.11,17.11
20150120,17.02,17.21,16.98,17.14
20150121,16.96,17.28,16.87,17.26
20150122,17.27,17.5,17.22,17.43
20150123,17.4,17.54,17.29,17.29
20150126,17.64,17.86,17.59,17.77
20150127,17.93,17.98,17.81,17.96
20150128,18.02,18.09,17.58,17.58
20150129,18.08,18.26,18.03,18.21
20150130,17.76,17.89,17.51,17.58
20150202,17.5,17.87,17.38,17.87
20150203,18.11,18.35,18.11,18.35
20150204,18.1,18.8,18.06,18.06
20150205,18.07,18.15,17.96,18.13
20150206,18.1,18.18,17.85,17.93
20150209,17.51,17.65,17.5,17.61
20150210,18.15,18.25,18.02,18.16
20150211,18.12,18.12,17.91,17.98
20150212,18.31,18.45,18.24,18.45
20150213,18.42,18.74,18.36,18.52
20150216,18.52,18.52,18.52,18.52
20150217,18.18,18.4,18.07,18.34
20150218,17.67,17.71,17.42,17.59
20150219,17.88,18.02,17.82,17.93
20150220,17.52,18.0,17.51,17.89
20150223,17.96,17.99,17.87,17.97
20150224,18.02,18.28,17.97,18.28
20150225,18.32,18.39,18.22,18.28
20150226,18.29,18.4,18.29,18.34
20150227,18.02,18.26,17.91,18.2
20150302,18.18,18.25,18.08,18.22
20150303,17.83,17.88,17.69,17.81
20150304,17.78,17.81,17.57,17.75
20150305,17.76,17.86,17.66,17.75
20150306,17.42,17.43,17.17,17.18
20150309,16.86,16.91,16.24,16.32
20150310,16.65,16.67,16.3,16.32
20150311,16.53,16.58,16.38,16.48
20150312,16.51,16.53,16.32,16.47
20150313,16.23,16.25,16.08,16.2
20150316,16.26,16.38,16.18,16.19
20150317,15.74,15.94,15.6,15.92
20150318,15.67,16.06,15.55,16.0
20150319,15.76,15.79,15.58,15.7
20150320,16.06,16.18,15.98,16.0
20150323,16.15,16.19,16.02,16.12
20150324,16.4,16.55,16.34,16.48
20150325,16.56,16.63,16.46,16.5
20150326,16.16,16.27,16.03,16.22
20150327,16.33,16.44,16.27,16.38
20150330,16.3,16.36,16.27,16.3
20150331,16.11,16.19,15.94,16.01
20150401,16.17,16.18,16.0,16.08
20150402,16.24,16.38,16.24,16.33
20150403,16.33,16.33,16.33,16.33
20150406,16.51,16.64,16.5,16.53
20150407,16.57,16.66,16.53,16.55
20150408,16.56,16.62,16.34,16.41
20150409,16.53,16.57,16.45,16.56
20150410,16.45,16.45,16.33,16.4
20150413,16.59,16.87,16.59,16.7
20150414,16.85,16.91,16.77,16.83
20150415,16.84,16.88,16.68,16.8
20150416,17.0,17.05,16.92,17.03
20150417,16.65,16.66,16.54,16.65
20150420,16.52,16.68,16.51,16.6
20150421,16.46,16.5,16.36,16.42
20150422,16.57,16.72,16.49,16.68
20150423,16.46,16.66,16.43,16.63
20150424,16.72,16.78,16.65,16.77
20150427,16.89,17.0,16.82,16.82
20150428,16.32,16.45,16.13,16.26
20150429,16.17,16.3,16.04,16.12
20150430,16.31,16.5,16.31,16.38
20150504,16.57,16.62,16.49,16.49
20150505,16.08,16.09,15.74,15.83
20150506,16.14,16.39,16.11,16.23
20150507,16.22,16.32,16.15,16.21
20150508,16.3,16.53,16.28,16.5
20150511,16.13,16.19,16.03,16.07
20150512,16.04,16.08,15.94,16.06
20150513,16.44,16.45,16.15,16.2
20150514,16.38,16.45,16.27,16.28
20150515,16.12,16.25,16.04,16.2
20150518,16.5,16.69,16.46,16.67
20150519,16.45,16.57,16.43,16.49
20150520,16.34,16.43,16.21,16.39
20150521,16.39,16.54,16.36,16.52
20150522,16.05,16.11,15.99,16.02
20150525,16.02,16.02,16.02,16.02
20150526,15.95,15.97,15.68,15.73
20150527,15.71,16.01,15.69,15.97
20150528,16.03,16.07,15.82,16.0
20150529,15.98,16.0,15.67,15.75
20150601,16.05,16.09,15.77,15.81
20150602,16.24,16.27,16.1,16.17
20150603,15.94,16.09,15.9,15.95
20150604,15.82,16.13,15.66,15.66
20150605,15.4,15.46,15.28,15.31
20150608,15.37,15.4,15.19,15.26
20150609,15.12,15.27,15.05,15.21
20150610,15.38,15.67,15.35,15.53
20150611,15.91,16.0,15.76,15.8
20150612,15.48,15.66,15.39,15.53
20150615,15.22,15.28,15.17,15.23
20150616,15.22,15.36,15.2,15.32
20150617,15.16,15.2,15.0,15.16
20150618,15.32,15.88,15.32,15.57
20150619,15.55,15.66,15.46,15.56
20150622,16.8,16.94,16.66,16.7
20150623,16.59,16.76,15.89,15.89
20150624,16.18,16.25,16.01,16.01
20150625,16.21,16.42,16.1,16.2
20150626,16.39,16.5,16.27,16.34
20150629,15.79,15.86,15.53,15.58
20150630,15.73,15.73,15.32,15.36
20150701,15.6,15.63,15.39,15.46
20150702,15.71,15.76,15.55,15.62
20150703,15.62,15.62,15.62,15.62
20150706,15.02,15.22,14.86,14.99
20150707,14.77,14.91,14.46,14.81
20150708,14.78,14.81,14.58,14.65
20150709,14.97,15.08,14.81,14.82
20150710,15.92,16.07,15.82,16.05
20150713,16.11,16.16,16.0,16.02
20150714,16.11,16.27,16.1,16.15
20150715,16.36,16.4,16.15,16.28
20150716,16.75,16.81,16.67,16.68
20150717,16.78,16.88,16.76,16.82
20150720,16.8,16.88,16.74,16.82
20150721,16.61,16.76,16.6,16.63
20150722,16.7,16.78,16.63,16.65
20150723,16.78,16.8,16.59,16.59
20150724,16.73,16.8,16.6,16.6
20150727,16.59,16.65,16.51,16.56
20150728,16.66,16.73,16.56,16.7
20150729,16.84,17.12,16.22,16.73
20150730,16.35,16.46,16.17,16.46
20150731,16.45,16.48,16.32,16.39
20150803,16.58,16.65,16.45,16.61
20150804,16.63,16.65,16.46,16.46
20150805,16.44,16.57,16.44,16.54
20150806,16.68,16.71,16.53,16.58
20150807,16.25,16.38,16.18,16.32
20150810,16.55,16.78,16.55,16.7
20150811,16.71,16.8,16.6,16.63
20150812,16.54,16.65,16.35,16.57
20150813,16.5,16.55,16.44,16.47
20150814,16.42,16.58,16.41,16.54
20150817,16.27,16.39,16.22,16.32
20150818,16.29,16.31,16.11,16.11
20150819,16.0,16.15,15.91,16.09
20150820,15.84,15.84,15.45,15.45
20150821,15.57,15.77,15.26,15.26
20150824,14.6,15.2,14.27,14.88
20150826,15.66,15.66,15.22,15.58
20150827,15.9,15.94,15.68,15.86
20150828,15.74,15.82,15.64,15.72
20150831,15.66,15.8,15.61,15.73
20150901,15.35,15.37,15.14,15.28
20150902,15.44,15.51,15.28,15.51
20150903,15.53,15.63,15.36,15.41
20150904,15.33,15.41,15.24,15.36
20150907,15.36,15.36,15.36,15.36
20150908,16.0,16.09,15.87,16.0
20150909,16.19,16.22,15.81,15.82
20150910,16.03,16.11,15.93,16.08
20150911,15.49,15.68,15.49,15.6
20150914,15.63,15.64,15.49,15.59
20150915,15.58,15.66,15.5,15.57
20150916,15.99,16.04,15.95,15.96
20150917,16.02,16.43,16.01,16.31
20150918,15.9,15.97,15.68,15.68
20150921,15.8,15.88,15.68,15.8
20150922,15.31,15.33,15.11,15.24
20150923,15.3,15.39,15.18,15.2
20150924,15.17,15.36,15.08,15.24
20150925,15.73,15.81,15.59,15.71
20150928,15.4,15.41,15.19,15.28
20150929,15.16,15.16,14.98,15.03
20150930,15.12,15.14,14.89,15.12
20151001,14.74,14.81,14.62,14.78
20151002,14.44,15.02,14.41,15.02
20151005,15.14,15.3,15.09,15.3
20151006,15.44,15.6,15.43,15.53
20151007,15.49,15.61,15.34,15.44
20151008,15.33,15.53,15.28,15.53
20151009,15.88,15.92,15.75,15.8
20151012,15.71,15.82,15.66,15.74
20151013,15.6,15.78,15.59,15.64
20151014,15.67,15.76,15.53,15.63
20151015,15.72,16.0,15.72,16.0
20151016,15.85,16.06,15.84,16.06
20151019,16.12,16.19,16.01,16.03
20151020,16.15,16.25,16.12,16.14
20151021,16.25,16.37,16.18,16.18
20151022,17.18,17.36,17.14,17.16
20151023,17.65,17.67,17.45,17.59
20151026,17.7,17.74,17.59,17.63
20151027,17.35,17.37,17.18,17.3
20151028,17.34,17.52,17.15,17.34
20151029,17.46,17.49,17.36,17.45
20151030,17.48,17.66,17.47,17.55
20151102,17.55,17.6,17.4,17.53
20151103,17.25,17.5,17.2,17.42
20151104,17.6,17.61,17.28,17.37
20151105,17.39,17.46,17.32,17.42
20151106,17.58,17.63,17.43,17.59
20151109,17.37,17.38,17.2,17.28
20151110,17.45,17.58,17.43,17.52
20151111,17.7,17.85,17.65,17.7
20151112,17.36,17.53,17.33,17.37
20151113,17.3,17.45,17.23,17.38
20151116,17.34,17.64,17.34,17.61
20151117,17.79,17.88,17.71,17.77
20151118,17.88,17.95,17.78,17.95
20151119,17.99,18.04,17.91,17.99
20151120,17.73,17.73,17.47,17.55
20151123,17.35,17.37,17.16,17.3
20151124,17.02,17.2,17.0,17.2
20151125,17.3,17.44,17.28,17.35
20151126,17.35,17.35,17.35,17.35
20151127,17.5,17.57,17.46,17.46
20151130,17.37,17.39,17.17,17.19
20151201,16.97,17.13,16.94,17.1
20151202,16.93,17.0,16.75,16.76
20151203,16.99,17.02,16.67,16.72
20151204,16.54,16.76,16.5,16.73
20151207,16.88,17.45,16.68,17.05
20151208,16.73,16.83,16.55,16.62
20151209,16.61,16.73,16.3,16.48
20151210,16.7,16.7,16.39,16.42
20151211,16.46,16.49,16.22,16.3
20151214,16.47,16.55,16.2,16.34
20151215,16.7,16.76,16.58,16.6
20151216,16.79,16.95,16.62,16.86
20151217,17.07,17.09,16.79,16.79
20151218,16.61,16.75,16.51,16.54
20151221,16.72,16.74,16.41,16.53
20151222,16.59,16.67,16.51,16.65
20151223,16.72,16.85,16.7,16.84
20151224,16.76,16.86,16.7,16.8
20151225,16.8,16.8,16.8,16.8
20151228,16.88,16.89,16.75,16.83
20151229,16.95,17.02,16.91,17.02
20151230,16.97,17.0,16.8,16.87
20151231,16.68,16.81,16.62,16.63
20160101,16.63,16.63,16.63,16.63
20160104,16.57,16.64,16.23,16.62
20160105,16.5,16.53,16.31,16.53
20160106,16.5,16.7,16.47,16.62
20160107,16.54,16.8,16.54,16.61
20160108,16.82,16.85,16.45,16.47
20160111,16.65,16.66,16.37,16.51
20160112,17.25,17.28,17.01,17.13
20160113,17.09,17.15,16.68,16.79
20160114,16.84,16.99,16.73,16.97
20160115,16.47,16.81,16.45,16.67
20160118,16.67,16.67,16.67,16.67
20160119,16.59,16.81,16.5,16.62
20160120,16.24,16.33,15.91,16.21
20160121,16.24,16.49,16.1,16.41
20160122,16.93,17.18,16.91,17.13
20160125,17.15,17.19,16.92,16.92
20160126,16.96,17.35,16.95,17.15
20160127,17.58,17.78,17.43,17.47
20160128,17.51,17.51,17.26,17.4
20160129,17.44,17.71,17.4,17.67
20160201,17.63,17.87,17.61,17.83
20160202,17.87,17.88,17.58,17.62
20160203,17.55,17.88,17.43,17.88
20160204,17.57,17.61,17.43,17.46
20160205,17.15,17.17,16.82,16.94
20160208,16.54,16.65,16.38,16.65
20160209,16.48,16.8,16.47,16.59
20160210,16.97,17.0,16.59,16.59
20160211,16.68,16.78,16.54,16.63
20160212,16.63,16.83,16.57,16.76
20160215,16.76,16.76,16.76,16.76
20160216,17.18,17.26,16.98,17.15
20160217,17.4,17.53,17.35,17.41
20160218,17.65,17.77,17.61,17.71
20160219,17.63,17.71,17.53,17.7
20160222,17.75,17.95,17.75,17.92
20160223,17.76,17.78,17.51,17.57
20160224,17.19,17.37,17.0,17.3
20160225,17.55,17.62,17.45,17.56
20160226,17.33,17.35,17.14,17.14
20160229,17.27,17.38,17.19,17.19
20160301,17.38,17.62,17.38,17.61
20160302,17.38,17.42,17.26,17.39
20160303,17.29,17.58,17.26,17.58
20160304,17.59,17.59,17.37,17.39
20160307,17.13,17.38,17.1,17.31
20160308,17.16,17.41,17.12,17.25
20160309,17.5,17.58,17.43,17.45
20160310,17.91,18.07,17.42,17.56
20160311,18.22,18.32,18.16,18.3
20160314,18.27,18.3,18.09,18.14
20160315,18.15,18.17,17.99,18.04
20160316,17.98,18.26,17.92,18.26
20160317,17.93,17.99,17.82,17.95
20160318,17.66,17.72,17.42,17.53
20160321,17.39,17.48,17.32,17.44
20160322,17.29,17.51,17.27,17.43
20160323,17.6,17.6,17.4,17.4
20160324,17.16,17.31,17.12,17.26
20160325,17.26,17.26,17.26,17.26
20160328,17.31,17.38,17.2,17.36
20160329,17.34,17.64,17.33,17.58
20160330,17.61,17.7,17.55,17.55
20160331,17.51,17.57,17.38,17.38
20160401,17.36,17.49,16.13,16.48
20160404,16.44,16.51,16.33,16.4
20160405,16.03,16.07,15.96,16.01
20160406,16.09,16.15,15.98,16.14
20160407,16.09,16.12,15.97,15.98
20160408,16.09,16.23,16.07,16.15
20160411,16.34,16.44,16.29,16.3
20160412,16.78,16.95,16.77,16.9
20160413,16.94,17.06,16.88,17.03
20160414,16.95,17.09,16.9,17.06
20160415,17.21,17.31,17.1,17.12
20160418,17.02,17.14,16.99,17.1
20160419,17.38,17.43,17.27,17.37
20160420,17.24,17.28,17.16,17.23
20160421,16.97,17.7,16.86,16.98
20160422,16.83,16.95,16.73,16.88
20160425,16.75,16.8,16.65,16.69
20160426,17.01,17.07,16.89,16.96
20160427,17.09,17.11,16.92,17.03
20160428,16.74,16.87,16.69,16.7
20160429,16.69,16.73,16.57,16.59
20160502,17.04,17.13,16.97,17.06
20160503,17.13,17.24,17.02,17.06
20160504,16.63,16.64,16.34,16.38
20160505,16.45,16.48,16.33,16.38
20160506,16.22,16.36,16.16,16.36
20160509,16.72,16.76,16.52,16.59
20160510,16.53,16.75,16.52,16.75
20160511,16.65,16.86,16.65,16.74
20160512,17.0,17.08,16.88,16.96
20160513,17.01,17.09,16.86,16.86
20160516,16.92,17.07,16.92,17.03
20160517,17.11,17.16,16.96,16.96
20160518,17.02,17.16,16.89,17.02
20160519,16.79,16.83,16.72,16.82
20160520,17.05,17.09,16.94,17.02
20160523,16.83,16.9,16.78,16.81
20160524,16.95,17.05,16.9,17.05
20160525,17.08,17.16,17.06,17.12
20160526,17.27,17.48,17.24,17.42
20160527,17.13,17.27,17.13,17.27
20160530,17.27,17.27,17.27,17.27
20160531,17.46,17.48,17.31,17.37
20160601,17.28,17.4,17.26,17.4
20160602,17.32,17.35,17.25,17.3
20160603,17.47,17.49,17.36,17.47
20160606,17.32,17.5,17.32,17.38
20160607,17.5,17.64,17.48,17.6
20160608,17.62,17.78,17.61,17.65
20160609,17.36,17.41,17.22,17.29
20160610,16.79,16.81,16.46,16.6
20160613,16.45,16.64,16.36,16.44
20160614,16.18,16.24,15.88,15.98
20160615,16.05,16.11,15.9,15.93
20160616,15.5,15.92,15.36,15.92
20160617,15.67,15.86,15.59,15.79
20160620,16.22,16.26,16.04,16.08
20160621,16.31,16.39,16.18,16.32
20160622,16.2,16.31,15.96,15.96
20160623,16.63,16.94,16.48,16.94
20160624,15.04,15.55,15.03,15.11
20160627,15.01,15.16,14.76,15.1
20160628,15.56,15.68,15.53,15.61
20160629,16.27,16.28,16.13,16.2
20160630,16.17,16.42,16.05,16.42
20160701,16.34,16.39,16.19,16.22
20160704,16.22,16.22,16.22,16.22
20160705,15.94,15.96,15.61,15.66
20160706,15.34,15.42,15.17,15.4
20160707,15.44,15.51,15.33,15.4
20160708,15.67,15.67,15.56,15.63
20160711,15.75,15.82,15.7,15.71
20160712,16.11,16.17,16.02,16.04
20160713,15.92,16.05,15.92,15.94
20160714,16.19,16.26,16.16,16.21
20160715,16.16,16.21,16.05,16.11
20160718,16.01,16.08,15.95,15.96
20160719,15.74,15.81,15.66,15.72
20160720,15.61,15.71,15.59,15.67
20160721,15.51,15.66,15.48,15.6
20160722,16.03,16.03,15.85,15.88
20160725,15.8,15.81,15.69,15.76
20160726,15.17,15.27,15.1,15.2
20160727,15.18,15.3,15.13,15.28
20160728,15.25,15.28,15.17,15.26
20160729,15.23,15.4,15.23,15.37
20160801,15.34,15.45,15.26,15.3
20160802,15.24,15.24,15.15,15.23
20160803,15.1,15.24,15.1,15.21
20160804,15.18,15.26,15.13,15.25
20160805,15.36,15.41,15.3,15.34
20160808,15.27,15.3,15.19,15.24
20160809,15.41,15.49,15.37,15.4
20160810,15.53,15.56,15.43,15.43
20160811,15.69,15.81,15.67,15.69
20160812,15.75,15.78,15.69,15.7
20160815,15.68,15.72,15.56,15.65
20160816,15.51,15.6,15.48,15.48
20160817,15.43,15.51,15.29,15.51
20160818,15.37,15.52,15.37,15.51
20160819,15.28,15.33,15.2,15.33
20160822,15.37,15.48,15.34,15.45
20160823,15.5,15.55,15.4,15.41
20160824,15.29,15.33,15.2,15.2
20160825,15.35,15.42,15.25,15.25
20160826,15.4,15.53,15.15,15.25
20160829,15.07,15.16,15.06,15.16
20160830,15.21,15.22,15.02,15.03
20160831,15.43,15.45,15.0,15.07
20160901,14.96,15.04,14.89,15.04
20160902,15.28,15.31,15.19,15.3
20160905,15.3,15.3,15.3,15.3
20160906,15.25,15.33,15.21,15.33
20160907,15.22,15.32,15.21,15.3
20160908,15.42,15.47,15.37,15.44
20160909,15.27,15.29,15.09,15.11
20160912,15.0,15.18,14.95,15.18
20160913,14.92,14.97,14.73,14.76
20160914,14.7,14.79,14.64,14.69
20160915,14.77,14.78,14.67,14.7
20160916,14.69,15.09,14.62,14.87
20160919,15.01,15.04,14.89,14.93
20160920,15.05,15.06,14.96,14.98
20160921,15.18,15.28,15.06,15.28
20160922,15.42,15.49,15.34,15.38
20160923,15.33,15.41,15.33,15.34
20160926,15.19,15.25,15.12,15.17
20160927,15.37,15.49,15.31,15.42
20160928,15.64,15.7,15.54,15.7
20160929,15.74,15.78,15.4,15.46
20160930,15.47,15.65,15.44,15.58
20161003,15.41,15.45,15.36,15.43
20161004,15.62,15.71,15.49,15.58
20161005,15.46,15.52,15.43,15.46
20161006,15.2,15.26,15.13,15.24
20161007,15.25,15.25,15.07,15.16
20161010,15.35,15.4,15.32,15.37
20161011,15.31,15.33,15.22,15.25
20161012,15.13,15.18,15.04,15.12
20161013,14.94,15.16,14.89,15.13
20161014,15.27,15.36,15.19,15.21
20161017,15.37,15.38,15.25,15.3
20161018,15.48,15.52,15.42,15.47
20161019,15.33,15.36,15.27,15.31
20161020,15.2,15.29,15.17,15.25
20161021,15.15,15.26,15.12,15.23
20161024,15.35,15.36,15.2,15.23
20161025,15.96,16.03,15.87,15.98
20161026,15.97,16.05,15.89,15.94
20161027,15.82,15.9,15.78,15.85
20161028,15.75,15.84,15.74,15.81
20161031,15.68,15.71,15.57,15.7
20161101,15.67,15.69,15.5,15.57
20161102,15.64,15.66,15.56,15.58
20161103,15.53,15.61,15.43,15.47
20161104,15.31,15.34,15.19,15.26
20161107,15.36,15.42,15.27,15.42
20161108,15.35,15.44,15.29,15.43
20161109,15.11,15.35,15.1,15.28
20161110,14.91,14.98,14.68,14.84
20161111,14.77,14.79,14.6,14.65
20161114,14.49,14.49,14.33,14.41
20161115,14.61,14.65,14.55,14.64
20161116,14.43,14.5,14.38,14.43
20161117,14.62,14.7,14.54,14.62
20161118,14.47,14.49,14.4,14.42
20161121,14.44,14.57,14.44,14.56
20161122,14.69,14.7,14.59,14.67
20161123,14.42,14.49,14.37,14.43
20161124,14.43,14.43,14.43,14.43
20161125,14.56,14.56,14.48,14.53
20161128,14.47,14.48,14.31,14.39
20161129,14.53,14.63,14.5,14.57
20161130,14.51,14.51,14.27,14.28
20161201,14.25,14.26,14.15,14.21
20161202,14.04,14.12,13.98,13.99
20161205,14.1,14.23,14.06,14.21
20161206,14.28,14.42,14.27,14.35
20161207,14.32,14.57,14.31,14.55
20161208,14.72,14.73,14.47,14.49
20161209,14.45,14.46,14.16,14.21
20161212,14.31,14.34,14.15,14.29
20161213,14.44,14.64,14.42,14.53
20161214,14.6,14.74,14.45,14.46
20161215,14.33,14.4,14.16,14.19
20161216,14.54,14.63,14.5,14.59
20161219,14.73,14.81,14.68,14.68
20161220,14.73,14.76,14.64,14.7
20161221,14.76,14.79,14.7,14.74
20161222,14.76,14.8,14.69,14.74
20161223,14.89,14.93,14.84,14.86
20161226,14.86,14.86,14.86,14.86
20161227,14.83,14.95,14.82,14.88
20161228,14.73,14.76,14.68,14.68
20161229,15.0,15.05,14.97,15.0
20161230,15.13,15.2,15.07,15.14
20170102,15.14,15.14,15.14,15.14
20170103,15.05,15.22,15.03,15.19
20170104,15.3,15.4,15.27,15.36
20170105,15.42,15.7,15.42,15.69
20170106,15.53,15.6,15.5,15.56
20170109,15.5,15.65,15.48,15.56
20170110,15.34,15.46,15.32,15.37
20170111,15.26,15.52,15.25,15.47
20170112,15.52,15.77,15.51,15.75
20170113,15.89,15.95,15.81,15.88
20170116,15.88,15.88,15.88,15.88
20170117,15.88,16.11,15.85,16.06
20170118,15.93,15.98,15.84,15.88
20170119,15.84,15.89,15.7,15.78
20170120,15.8,15.9,15.77,15.87
20170123,15.81,15.9,15.74,15.88
20170124,15.67,15.74,15.64,15.71
20170125,15.66,15.67,15.53,15.64
20170126,15.54,15.6,15.45,15.56
20170127,15.42,15.51,15.38,15.47
20170130,15.28,15.43,15.25,15.38
20170131,15.57,15.63,15.47,15.55
20170201,15.45,15.47,15.29,15.39
20170202,15.57,15.62,15.39,15.46
20170203,15.49,15.55,15.45,15.53
20170206,15.39,15.44,15.33,15.4
20170207,15.18,15.25,15.11,15.25
20170208,15.25,15.38,15.2,15.37
20170209,15.45,15.51,15.38,15.44
20170210,15.32,15.41,15.28,15.4
20170213,15.41,15.46,15.3,15.45
20170214,15.44,15.49,15.33,15.42
20170215,15.4,15.52,15.39,15.48
20170216,15.64,15.69,15.61,15.66
20170217,15.36,15.38,15.26,15.37
20170220,15.37,15.37,15.37,15.37
20170221,15.31,15.37,15.24,15.35
20170222,15.22,15.56,15.17,15.54
20170223,15.61,15.62,15.46,15.61
20170224,15.32,15.35,15.24,15.28
20170227,15.14,15.17,15.07,15.11
20170228,15.12,15.15,15.04,15.05
20170301,15.1,15.23,15.1,15.15
20170302,15.04,15.15,14.94,15.0
20170303,15.26,15.34,15.13,15.31
20170306,15.27,15.27,15.19,15.25
20170307,15.16,15.19,15.06,15.09
20170308,15.14,15.15,15.06,15.07
20170309,15.47,15.48,15.4,15.45
20170310,15.72,15.76,15.65,15.7
20170313,15.72,15.73,15.59,15.61
20170314,15.46,15.5,15.4,15.42
20170315,15.36,15.6,15.33,15.59
20170316,15.7,15.8,15.69,15.79
20170317,15.88,15.97,15.8,15.87
20170320,16.0,16.0,15.81,15.84
20170321,16.0,16.03,15.77,15.84
20170322,15.87,15.99,15.87,15.96
20170323,15.72,15.98,15.7,15.88
20170324,15.84,15.84,15.74,15.81
20170327,16.01,16.03,15.95,15.99
20170328,15.84,15.91,15.81,15.82
20170329,15.65,15.71,15.6,15.7
20170330,15.63,15.66,15.58,15.61
20170331,15.51,15.58,15.44,15.54
20170403,15.52,15.56,15.41,15.54
20170404,15.43,15.47,15.38,15.46
20170405,15.34,15.35,15.27,15.31
20170406,15.28,15.33,15.25,15.29
20170407,15.14,15.2,15.11,15.13
20170410,15.16,15.21,15.13,15.14
20170411,15.19,15.3,15.13,15.25
20170412,15.23,15.32,15.2,15.29
20170413,15.11,15.11,15.01,15.02
20170414,15.02,15.02,15.02,15.02
20170417,15.05,15.2,15.04,15.2
20170418,15.0,15.04,14.94,15.01
20170419,15.02,15.11,15.0,15.07
20170420,15.06,15.21,15.05,15.12
20170421,14.95,15.05,14.95,15.04
20170424,15.96,16.04,15.92,16.03
20170425,15.97,16.08,15.96,16.0
20170426,16.09,16.11,15.95,15.98
20170427,15.8,15.82,15.68,15.78
20170428,15.43,15.5,15.42,15.5
20170501,15.58,15.74,15.56,15.57
20170502,15.61,15.71,15.58,15.68
20170503,15.73,15.74,15.64,15.65
20170504,15.85,16.08,15.8,16.05
20170505,16.37,16.5,16.36,16.5
20170508,16.39,16.45,16.36,16.36
20170509,16.32,16.41,16.27,16.3
20170510,16.22,16.25,16.17,16.23
20170511,16.19,16.21,16.09,16.09
20170512,16.56,16.77,16.55,16.69
20170515,16.69,16.76,16.65,16.76
20170516,17.11,17.13,17.01,17.06
20170517,16.85,17.0,16.81,16.82
20170518,16.78,16.92,16.75,16.87
20170519,17.0,17.11,16.99,17.09
20170522,17.42,17.51,17.35,17.43
20170523,17.6,17.6,17.35,17.4
20170524,17.47,17.59,17.43,17.59
20170525,17.56,17.6,17.51,17.57
20170526,17.54,17.56,17.47,17.5
20170529,17.5,17.5,17.5,17.5
20170530,17.39,17.49,17.38,17.44
20170531,17.58,17.63,17.49,17.54
20170601,17.46,17.5,17.34,17.41
20170602,17.43,17.57,17.38,17.57
20170605,17.35,17.41,17.3,17.41
20170606,17.29,17.36,17.2,17.22
20170607,16.93,16.99,16.73,16.8
20170608,16.72,16.73,16.55,16.65
20170609,16.67,16.7,16.48,16.56
20170612,16.76,16.84,16.72,16.83
20170613,16.63,16.69,16.57,16.68
20170614,16.8,16.85,16.58,16.68
20170615,16.25,16.35,16.19,16.31
20170616,16.34,16.52,16.32,16.52
20170619,16.32,16.35,16.19,16.22
20170620,16.2,16.2,16.02,16.06
20170621,16.08,16.19,16.08,16.1
20170622,16.07,16.07,15.95,16.01
20170623,16.04,16.14,15.99,16.05
20170626,16.19,16.2,16.05,16.07
20170627,16.05,16.16,16.03,16.07
20170628,16.16,16.24,16.1,16.21
20170629,16.05,16.08,15.89,16.03
20170630,16.03,16.06,15.82,15.98
20170703,15.97,16.06,15.97,16.02
20170704,16.02,16.02,16.02,16.02
20170705,16.01,16.08,15.97,16.08
20170706,16.02,16.06,15.96,15.97
20170707,15.93,16.05,15.89,15.98
20170710,15.96,16.09,15.94,16.08
20170711,15.97,16.09,15.93,16.09
20170712,16.19,16.28,16.14,16.26
20170713,16.51,16.535,16.4,16.42
20170714,16.4,16.505,16.32,16.46
20170717,16.5,16.6,16.47,16.57
20170718,16.55,16.6,16.53,16.57
20170719,16.62,16.645,16.57,16.6
20170720,16.74,16.84,16.67,16.82
20170721,16.66,16.69,16.515,16.68
20170724,16.6,16.64,16.545,16.62
20170725,16.9,16.9,16.57,16.63
20170726,16.79,16.87,16.71,16.84
20170727,17.01,17.05,16.81,16.92
20170728,16.81,16.92,16.79,16.89
20170731,16.86,16.87,16.76,16.85
20170801,17.0,17.03,16.81,16.84
20170802,16.94,16.97,16.84,16.97
20170803,17.0,17.06,16.98,17.05
20170804,17.13,17.17,16.98,17.11
20170807,17.13,17.145,17.09,17.13
20170808,17.13,17.17,16.945,17.02
20170809,16.72,16.89,16.72,16.89
20170810,16.92,16.92,16.75,16.81
20170811,16.7,16.74,16.6,16.69
20170814,16.79,16.93,16.77,16.91
20170815,16.92,16.92,16.83,16.85
20170816,16.82,16.91,16.78,16.86
20170817,16.73,16.79,16.67,16.68
20170818,16.71,16.79,16.69,16.78
20170821,16.72,16.78,16.665,16.78
20170822,16.79,16.815,16.75,16.81
20170823,16.9,16.91,16.85,16.85
20170824,16.84,16.85,16.77,16.82
20170825,16.72,16.93,16.7,16.86
20170828,16.96,17.0,16.935,16.94
20170829,16.91,17.07,16.91,17.05
20170830,17.01,17.06,16.92,16.96
20170831,16.98,17.03,16.95,17.01
20170901,17.06,17.095,16.96,16.99
20170904,16.99,16.99,16.99,16.99
20170905,16.66,16.7,16.585,16.63
20170906,16.65,16.685,16.58,16.64
20170907,16.7,16.795,16.67,16.76
20170908,16.76,16.76,16.59,16.64
20170911,16.68,16.77,16.67,16.71
20170912,16.68,16.75,16.63,16.71
20170913,16.7,16.715,16.58,16.64
20170914,16.58,16.65,16.54,16.63
20170915,16.67,16.69,16.58,16.67
20170918,16.71,16.8,16.69,16.76
20170919,16.78,16.97,16.77,16.96
20170920,17.01,17.03,16.79,16.89
20170921,16.43,16.5,16.36,16.48
20170922,16.55,16.55,16.47,16.51
20170925,16.47,16.47,16.36,16.38
20170926,16.33,16.41,16.285,16.37
20170927,16.28,16.37,16.255,16.36
20170928,16.3,16.38,16.28,16.36
20170929,16.35,16.43,16.3,16.42
20171002,16.2,16.23,16.18,16.19
20171003,16.33,16.33,16.21,16.3
20171004,16.17,16.235,16.1,16.22
20171005,16.16,16.25,16.14,16.2
20171006,16.21,16.4,16.17,16.38
20171009,16.19,16.26,16.155,16.24
20171010,16.33,16.44,16.33,16.44
20171011,16.44,16.57,16.43,16.52
20171012,16.39,16.44,16.37,16.42
20171013,16.47,16.47,16.31,16.35
20171016,16.46,16.46,16.36,16.37
20171017,16.29,16.33,16.245,16.3
20171018,16.29,16.32,16.17,16.29
20171019,16.17,16.2,16.03,16.16
20171020,16.04,16.07,15.94,16.01
20171023,16.14,16.15,15.95,16.0
20171024,16.07,16.09,15.99,16.04
20171025,16.04,16.04,15.89,16.01
20171026,16.14,16.14,15.95,16.02
20171027,16.1,16.18,16.02,16.15
20171030,16.35,16.47,16.33,16.41
20171031,16.41,16.42,16.33,16.4
20171101,16.48,16.5,16.42,16.47
20171102,16.48,16.69,16.48,16.61
20171103,16.64,16.7,16.49,16.53
20171106,16.46,16.54,16.44,16.54
20171107,16.47,16.55,16.44,16.54
20171108,16.57,16.63,16.53,16.59
20171109,16.5,16.64,16.5,16.63
20171110,16.61,16.62,16.54,16.61
20171113,16.36,16.5,16.34,16.46
20171114,16.4,16.5,16.33,16.44
20171115,16.44,16.5,16.37,16.47
20171116,16.5,16.56,16.49,16.54
20171117,16.5,16.64,16.49,16.62
20171120,16.65,16.67,16.54,16.6
20171121,16.56,16.64,16.54,16.59
20171122,16.7,16.75,16.67,16.74
20171123,16.74,16.74,16.74,16.74
20171124,17.0,17.025,16.97,16.97
20171127,17.04,17.07,17.0,17.05
20171128,17.08,17.14,17.01,17.08
20171129,17.1,17.17,17.04,17.12
20171130,17.23,17.29,17.135,17.23
20171201,16.87,17.02,16.85,16.92
20171204,16.98,16.99,16.83,16.87
20171205,16.97,17.01,16.77,16.82
20171206,16.83,16.83,16.74,16.78
20171207,17.24,17.24,17.1,17.14
20171208,17.18,17.3,17.16,17.26
20171211,17.26,17.33,17.25,17.26
20171212,17.37,17.45,17.34,17.42
20171213,17.37,17.4,17.27,17.4
20171214,17.29,17.34,17.15,17.15
20171215,17.26,17.34,17.225,17.32
20171218,17.44,17.5,17.39,17.41
20171219,17.5,17.54,17.33,17.41
20171220,17.35,17.45,17.3,17.4
20171221,17.4,17.55,17.38,17.47
20171222,17.37,17.42,17.29,17.42
20171225,17.42,17.42,17.42,17.42
20171226,17.47,17.48,17.4,17.42
20171227,17.38,17.4,17.29,17.37
20171228,17.36,17.41,17.32,17.39
20171229,17.4,17.45,17.37,17.4
20180101,17.4,17.4,17.4,17.4
20180102,17.5,17.59,17.44,17.58
20180103,17.46,17.48,17.39,17.4
20180104,17.51,17.565,17.45,17.53
20180105,17.59,17.62,17.51,17.6
20180108,17.58,17.65,17.56,17.65
20180109,17.56,17.57,17.48,17.53
20180110,17.39,17.39,17.2,17.28
20180111,17.25,17.28,17.2,17.25
20180112,17.51,17.615,17.47,17.58
20180115,17.58,17.58,17.58,17.58
20180116,17.83,17.86,17.79,17.85
20180117,17.82,17.87,17.74,17.84
20180118,17.68,17.75,17.63,17.75
20180119,17.75,17.77,17.6,17.65
20180122,18.02,18.18,18.015,18.17
20180123,18.19,18.28,18.08,18.28
20180124,18.24,18.28,18.145,18.19
20180125,18.48,18.48,18.27,18.3
20180126,18.48,18.565,18.429000000000002,18.5
20180129,18.14,18.3,18.13,18.24
20180130,18.18,18.2,18.05,18.12
20180131,18.15,18.18,18.06,18.17
20180201,18.11,18.17,18.03,18.1
20180202,17.54,17.76,17.47,17.67
20180205,17.45,17.5,16.87,16.99
20180206,16.81,17.21,16.78,17.19
20180207,17.02,17.175,16.94,17.03
20180208,16.83,16.83,16.52,16.57
20180209,16.59,16.65,16.2,16.54
20180212,16.79,16.85,16.69,16.8
20180213,16.65,16.74,16.6,16.73
20180214,16.64,16.87,16.625,16.87
20180215,16.88,16.99,16.8,16.98
20180216,16.97,17.06,16.93,17.0
20180219,17.0,17.0,17.0,17.0
20180220,16.84,16.97,16.82,16.9
20180221,17.11,17.12,16.84,16.88
20180222,17.01,17.1,16.95,17.04
20180223,17.26,17.4,17.21,17.36
20180226,17.32,17.43,17.21,17.42
20180227,17.16,17.19,17.06,17.07
20180228,17.13,17.14,16.97,17.01
20180301,16.98,17.11,16.81,16.95
20180302,17.05,17.07,16.88,17.05
20180305,17.02,17.22,17.01,17.17
20180306,17.3,17.38,17.245,17.3
20180307,17.3,17.43,17.27,17.43
20180308,17.53,17.58,17.45,17.5
20180309,17.52,17.74,17.46,17.62
20180312,17.47,17.64,17.43,17.63
20180313,17.47,17.5,17.305,17.33
20180314,17.4,17.43,17.28,17.39
20180315,17.28,17.29,17.2,17.23
20180316,17.21,17.34,17.21,17.34
20180319,17.21,17.29,17.14,17.27
20180320,17.11,17.13,17.03,17.1
20180321,17.05,17.07,16.93,17.01
20180322,16.73,16.86,16.68,16.74
20180323,16.84,16.87,16.65,16.68
20180326,16.92,16.97,16.7,16.95
20180327,16.97,17.02,16.8,16.86
20180328,16.85,17.09,16.81,16.99
20180329,17.05,17.12,16.95,17.08
20180330,17.08,17.08,17.08,17.08
20180402,17.04,17.08,16.77,16.89
20180403,16.93,16.95,16.825,16.94
20180404,16.82,17.07,16.81,17.06
20180405,17.13,17.195,17.08,17.18
20180406,17.22,17.3,17.13,17.14
20180409,17.48,17.5,17.34,17.35
20180410,17.5,17.59,17.44,17.53
20180411,17.53,17.58,17.44,17.49
20180412,17.45,17.52,17.405,17.48
20180413,17.48,17.5,17.435,17.47
20180416,17.56,17.91,17.49,17.78
20180417,17.89,17.97,17.87,17.93
20180418,17.98,18.05,17.95,18.0
20180419,17.99,18.02,17.88,17.95
20180420,18.07,18.19,18.05,18.12
20180423,18.21,18.24,18.17,18.18
20180424,18.09,18.165,18.03,18.09
20180425,17.92,18.09,17.87,18.07
20180426,18.26,18.3,18.16,18.24
20180427,18.18,18.29,18.15,18.28
20180430,18.27,18.29,18.2,18.21
20180501,18.24,18.24,18.09,18.1
20180502,18.17,18.17,18.04,18.06
20180503,18.09,18.13,18.01,18.07
20180504,18.03,18.13,18.0,18.12
20180507,17.94,18.02,17.92,17.96
20180508,17.87,17.98,17.8,17.96
20180509,17.96,18.09,17.93,18.07
20180510,18.0,18.07,17.96,18.07
20180511,18.13,18.17,18.09,18.1
20180514,18.1,18.1,17.96,17.98
20180515,17.16,17.32,17.13,17.28
20180516,17.11,17.275,17.08,17.23
20180517,17.27,17.29,17.22,17.22
20180518,17.1,17.1,16.91,16.99
20180521,16.88,16.925,16.8,16.9
20180522,17.49,17.605,17.48,17.49
20180523,17.61,17.73,17.41,17.48
20180524,17.51,17.62,17.45,17.57
20180525,17.38,17.42,17.33,17.39
20180528,17.39,17.39,17.39,17.39
20180529,17.08,17.14,16.92,17.01
20180530,17.19,17.32,17.07,17.22
20180531,17.18,17.35,17.11,17.32
20180601,16.94,16.96,16.81,16.85
20180604,17.22,17.28,17.09,17.16
20180605,17.11,17.17,17.085,17.13
20180606,17.2,17.38,17.17,17.38
20180607,17.32,17.39,17.28,17.35
20180608,17.3,17.39,17.255,17.28
20180611,17.4,17.55,17.37,17.52
20180612,17.42,17.43,17.31,17.36
20180613,17.13,17.2,16.99,17.07
20180614,17.11,17.15,17.01,17.01
20180615,17.04,17.08,16.96,16.96
20180618,16.86,16.94,16.73,16.78
20180619,16.69,16.83,16.68,16.77
20180620,16.75,16.75,16.61,16.62
20180621,16.57,16.61,16.52,16.57
20180622,16.9,16.93,16.79,16.89
20180625,16.93,16.935,16.83,16.86
20180626,16.87,16.87,16.66,16.67
20180627,16.74,16.86,16.58,16.6
20180628,16.56,16.64,16.51,16.61
20180629,16.7,16.82,16.67,16.67
20180702,16.5,16.63,16.44,16.57
20180703,16.79,16.85,16.7,16.73
20180704,16.73,16.73,16.73,16.73
20180705,17.28,17.36,17.27,17.3
20180706,17.5,17.53,17.39,17.4
20180709,17.44,17.54,17.41,17.53
20180710,17.26,17.4,17.25,17.38
20180711,17.39,17.41,17.18,17.21
20180712,17.2,17.21,17.11,17.19
20180713,17.04,17.07,16.99,17.05
20180716,17.06,17.13,17.04,17.04
20180717,16.55,16.67,16.52,16.66
20180718,16.52,16.55,16.45,16.54
20180719,16.29,16.44,16.26,16.38
20180720,16.4,16.555,16.4,16.53
20180723,16.56,16.59,16.52,16.55
20180724,16.57,16.57,16.45,16.48
20180725,16.39,16.56,16.28,16.51
20180726,16.68,16.735,16.61,16.61
20180727,17.04,17.11,17.0,17.06
20180730,17.02,17.16,17.0,17.13
20180731,17.1,17.17,17.04,17.06
20180801,17.07,17.09,16.99,17.07
20180802,16.89,16.95,16.85,16.91
20180803,16.85,17.02,16.83,17.0
20180806,16.85,16.95,16.82,16.9
20180807,17.0,17.07,16.99,17.06
20180808,16.79,16.83,16.74,16.81
20180809,16.76,16.79,16.715,16.73
20180810,16.28,16.31,16.16,16.22
20180813,16.29,16.33,16.25,16.25
20180814,16.29,16.3,16.15,16.23
20180815,16.08,16.14,15.98,16.14
20180816,16.16,16.24,16.13,16.21
20180817,16.13,16.25,16.08,16.19
20180820,16.27,16.34,16.245,16.27
20180821,16.44,16.6,16.41,16.57
20180822,16.7,16.74,16.59,16.67
20180823,16.58,16.66,16.49,16.56
20180824,16.62,16.7,16.585,16.66
20180827,16.74,16.85,16.74,16.85
20180828,16.77,16.81,16.7,16.71
20180829,16.65,16.76,16.62,16.75
20180830,16.38,16.45,16.355,16.36
20180831,16.28,16.325,16.123,16.16
20180903,16.16,16.16,16.16,16.16
20180904,15.98,16.07,15.91,16.03
20180905,15.94,15.97,15.85,15.86
20180906,15.74,15.8,15.67,15.72
20180907,15.79,15.81,15.73,15.73
20180910,15.99,16.005,15.85,15.86
20180911,15.74,15.89,15.72,15.84
20180912,15.84,15.98,15.82,15.88
20180913,15.94,15.99,15.9,15.98
20180914,15.92,15.93,15.83,15.83
20180917,15.89,15.96,15.87,15.88
20180918,15.94,16.055,15.94,15.95
20180919,15.93,15.96,15.885,15.91
20180920,16.08,16.13,16.03,16.13
20180921,16.12,16.21,16.1,16.12
20180924,16.22,16.23,16.07,16.09
20180925,16.19,16.21,16.07,16.1
20180926,16.11,16.22,16.1,16.12
20180927,16.22,16.31,16.11,16.16
20180928,15.93,16.02,15.89,15.89
20181001,15.89,15.89,15.7,15.71
20181002,15.73,15.77,15.67,15.68
20181003,15.88,15.94,15.79,15.8
20181004,15.85,15.87,15.77,15.8
20181005,15.82,15.85,15.67,15.7
20181008,15.65,15.68,15.56,15.64
20181009,15.52,15.64,15.48,15.55
20181010,15.99,16.04,15.81,15.81
20181011,16.03,16.03,15.69,15.76
20181012,15.66,15.66,15.45,15.52
20181015,15.79,15.81,15.65,15.7
20181016,15.86,15.88,15.78,15.87
20181017,15.93,15.97,15.82,15.83
20181018,16.08,16.11,15.84,15.85
20181019,16.07,16.24,16.07,16.12
20181022,15.94,15.95,15.83,15.85
20181023,15.76,15.84,15.64,15.76
20181024,15.72,15.76,15.59,15.59
20181025,15.63,15.81,15.6,15.69
20181026,15.46,15.63,15.35,15.54
20181029,15.55,15.62,15.34,15.44
20181030,15.55,15.61,15.485,15.57
20181031,15.54,15.62,15.53,15.55
20181101,16.01,16.03,15.87,15.98
20181102,15.85,15.95,15.79,15.93
20181105,16.1,16.24,16.09,16.18
20181106,16.08,16.12,16.03,16.1
20181107,16.58,16.61,16.52,16.6
20181108,16.64,16.7,16.53,16.53
20181109,16.59,16.62,16.45,16.56
20181112,16.36,16.39,16.27,16.32
20181113,16.4,16.54,16.36,16.45
20181114,16.71,16.73,16.56,16.62
20181115,16.51,16.64,16.43,16.61
20181116,16.58,16.76,16.58,16.73
20181119,16.84,16.86,16.725,16.73
20181120,16.62,16.65,16.49,16.57
20181121,16.76,16.88,16.68,16.75
20181122,16.75,16.75,16.75,16.75
20181123,16.57,16.61,16.535,16.57
20181126,16.72,16.955,16.72,16.94
20181127,16.96,17.01,16.9,16.95
20181128,16.86,17.06,16.79,17.01
20181129,17.01,17.06,16.96,17.02
20181130,16.8,16.88,16.74,16.76
20181203,16.7,16.78,16.67,16.76
20181204,16.81,16.84,16.5,16.59
20181205,16.59,16.59,16.59,16.59
20181206,16.63,16.68,16.45,16.67
20181207,16.74,16.78,16.56,16.6
20181210,16.57,16.58,16.37,16.5
20181211,16.64,16.66,16.41,16.46
20181212,16.8,16.89,16.71,16.74
20181213,16.55,16.61,16.42,16.46
20181214,16.3,16.44,16.29,16.32
20181217,16.41,16.42,16.21,16.24
20181218,16.18,16.21,16.03,16.07
20181219,16.28,16.47,16.1,16.17
20181220,16.12,16.245,16.12,16.16
20181221,16.13,16.19,15.85,15.86
20181224,16.02,16.08,15.61,15.7
20181225,15.7,15.7,15.7,15.7
20181226,15.65,15.94,15.52,15.94
20181227,15.84,16.0,15.7,15.98
20181228,16.13,16.21,16.03,16.1
20181231,16.07,16.19,16.02,16.19
20190101,16.19,16.19,16.19,16.19
20190102,15.94,16.08,15.91,16.07
20190103,16.09,16.16,16.03,16.11
20190104,16.07,16.31,16.07,16.29
20190107,16.22,16.34,16.16,16.29
20190108,15.97,15.97,15.72,15.76
20190109,15.6,15.88,15.58,15.84
20190110,15.6,15.64,15.55,15.63
20190111,15.73,15.82,15.71,15.75
20190114,15.55,15.62,15.49,15.56
20190115,15.38,15.395,15.22,15.28
20190116,15.23,15.26,15.16,15.17
20190117,15.24,15.36,15.22,15.34
20190118,15.43,15.45,15.34,15.4
20190121,15.4,15.4,15.4,15.4
20190122,15.09,15.14,15.05,15.11
20190123,15.21,15.28,15.17,15.23
20190124,15.18,15.18,15.02,15.04
20190125,15.24,15.39,15.225,15.3
20190128,15.34,15.39,15.32,15.36
20190129,15.35,15.4,15.33,15.36
20190130,15.3,15.46,15.23,15.42
20190131,15.49,15.49,15.4,15.45
20190201,15.47,15.57,15.45,15.47
20190204,15.28,15.35,15.25,15.34
20190205,15.44,15.5,15.43,15.46
20190206,15.38,15.43,15.335,15.4
20190207,15.24,15.27,15.1,15.16
20190208,15.01,15.08,14.95,15.07
20190211,14.96,15.025,14.95,14.97
20190212,14.97,15.0,14.93,14.93
20190213,14.98,15.01,14.93,14.93
20190214,14.93,14.94,14.84,14.84
20190215,15.02,15.15,15.01,15.15
20190218,15.15,15.15,15.15,15.15
20190219,15.41,15.45,15.38,15.41
20190220,15.4,15.47,15.38,15.39
20190221,15.29,15.44,15.26,15.36
20190222,15.44,15.48,15.39,15.4
20190225,15.4,15.41,15.28,15.3
20190226,15.21,15.23,15.16,15.18
20190227,15.21,15.22,15.07,15.11
20190228,15.19,15.25,15.17,15.24
20190301,15.22,15.24,15.08,15.09
20190304,15.11,15.11,14.96,15.01
20190305,15.03,15.1,15.0,15.07
20190306,15.04,15.05,14.95,14.98
20190307,15.02,15.02,14.905,14.94
20190308,15.19,15.255,15.17,15.24
20190311,15.2,15.27,15.18,15.26
20190312,15.21,15.27,15.19,15.23
20190313,15.3,15.36,15.25,15.32
20190314,15.51,15.58,15.48,15.49
20190315,15.79,16.04,15.77,16.03
20190318,16.18,16.2,16.1,16.12
20190319,16.26,16.3,16.18,16.2
20190320,16.26,16.4,16.23,16.36
20190321,16.43,16.53,16.39,16.46
20190322,16.28,16.32,16.19,16.22
20190325,16.32,16.3401,16.1,16.14
20190326,16.21,16.29,16.16,16.22
20190327,16.26,16.285,16.14,16.23
20190328,16.18,16.21,16.06,16.08
20190329,16.11,16.31,16.08,16.3
20190401,16.3,16.38,16.28,16.35
20190402,16.38,16.38,16.2961,16.36
20190403,16.5,16.71,16.5,16.69
20190404,16.61,16.7,16.58,16.64
20190405,16.58,16.66,16.55,16.65
20190408,16.74,16.75,16.62,16.7
20190409,16.7,16.8,16.65,16.69
20190410,16.62,16.63,16.4986,16.55
20190411,16.49,16.51,16.4133,16.48
20190412,16.47,16.49,16.42,16.49
20190415,16.49,16.56,16.41,16.5
20190416,16.5,16.53,16.41,16.41
20190417,16.45,16.485,16.4031,16.43
20190418,16.4,16.455,16.345,16.44
20190419,16.44,16.44,16.44,16.44
20190422,16.41,16.515,16.41,16.43
20190423,16.24,16.265,16.1524,16.21
20190424,16.0,16.0027,15.84,15.88
20190425,15.78,15.9065,15.722999999999999,15.85
20190426,16.05,16.075,15.9815,16.02
20190429,15.98,16.06,15.9601,16.01
20190430,15.5,15.63,15.47,15.56
20190501,15.52,15.71,15.5,15.51
20190502,15.76,15.77,15.66,15.67
20190503,15.53,15.6,15.49,15.54
20190506,15.43,15.56,15.42,15.53
20190507,15.65,15.67,15.47,15.49
20190508,15.61,15.66,15.505,15.51
20190509,15.48,15.59,15.48,15.57
20190510,15.37,15.47,15.34,15.47
20190513,15.1,15.15,15.05,15.13
20190514,15.23,15.27,15.19,15.22
20190515,15.16,15.29,15.14,15.2
20190516,15.26,15.38,15.25,15.28
20190517,15.3,15.38,15.29,15.34
20190520,15.43,15.58,15.42,15.45
20190521,15.48,15.51,15.39,15.42
20190522,15.38,15.46,15.37,15.42
20190523,15.25,15.399000000000001,15.2389,15.39
20190524,15.64,15.66,15.53,15.57
20190527,15.57,15.57,15.57,15.57
20190528,15.59,15.64,15.44,15.44
20190529,15.45,15.53,15.29,15.33
20190530,15.62,15.63,15.34,15.45
20190531,15.21,15.24,15.01,15.03
20190603,15.27,15.445,15.24,15.44
20190604,15.53,15.56,15.44,15.55
20190605,15.57,15.6,15.51,15.54
20190606,15.27,15.36,15.26,15.34
20190607,15.48,15.57,15.46,15.54
20190610,15.57,15.6,15.51,15.59
20190611,15.65,15.71,15.62,15.68
20190612,15.66,15.69,15.64,15.64
20190613,15.6,15.65,15.56,15.58
20190614,15.5,15.51,15.44,15.45
20190617,15.5,15.54,15.46,15.49
20190618,15.81,15.87,15.73,15.75
20190619,15.62,15.71,15.59,15.7
20190620,15.84,15.86,15.71,15.77
20190621,15.67,15.779000000000002,15.62,15.72
20190624,15.81,15.84,15.755,15.78
20190625,15.82,15.83,15.71,15.72
20190626,15.72,15.8,15.67,15.71
20190627,15.66,15.75,15.64,15.73
20190628,15.77,15.79,15.71,15.72
20190701,15.76,15.76,15.51,15.56
20190702,15.6,15.67,15.6,15.62
20190703,15.62,15.66,15.54,15.59
20190704,15.59,15.59,15.59,15.59
20190705,15.62,15.68,15.55,15.66
20190708,15.57,15.59,15.520999999999999,15.55
20190709,15.49,15.54,15.3,15.35
20190710,15.49,15.49,15.35,15.39
20190711,15.31,15.33,15.14,15.26
20190712,15.07,15.07,14.98,15.03
20190715,15.07,15.08,14.95,14.98
20190716,14.98,15.0,14.835,14.93
20190717,14.95,14.98,14.875,14.93
20190718,14.88,14.93,14.815,14.9
20190719,14.77,14.83,14.74,14.74
20190722,14.7,14.71,14.64,14.66
20190723,14.75,14.78,14.63,14.7
20190724,14.64,14.66,14.57,14.58
20190725,15.04,15.06,14.8,14.88
20190726,14.96,15.01,14.73,14.8
20190729,15.16,15.19,15.05,15.06
20190730,14.91,14.94,14.85,14.91
20190731,14.87,14.955,14.685,14.72
20190801,14.86,14.92,14.69,14.73
20190802,14.86,14.88,14.735,14.86
20190805,14.8,14.86,14.695,14.75
20190806,14.95,14.96,14.75,14.82
20190807,14.81,14.91,14.81,14.9
20190808,14.85,14.91,14.82,14.82
20190809,14.75,14.85,14.6921,14.79
20190812,14.79,14.86,14.75,14.8
20190813,14.91,15.11,14.91,15.03
20190814,14.68,14.76,14.62,14.63
20190815,14.67,14.74,14.62,14.68
20190816,14.83,14.97,14.82,14.91
20190819,15.04,15.08,14.98,15.0
20190820,14.94,14.96,14.88,14.92
20190821,15.0,15.02,14.92,14.97
20190822,14.93,14.945,14.82,14.87
20190823,14.89,14.955,14.79,14.84
20190826,14.9,14.92,14.84,14.92
20190827,14.94,14.96,14.87,14.87
20190828,14.95,15.05,14.89,15.04
20190829,15.23,15.24,15.11,15.15
20190830,15.22,15.25,15.11,15.19
20190902,15.19,15.19,15.19,15.19
20190903,15.1,15.17,15.08,15.16
20190904,15.11,15.26,15.11,15.26
20190905,15.23,15.23,15.08,15.11
20190906,15.11,15.14,15.06,15.06
20190909,14.84,14.91,14.82,14.87
20190910,14.84,14.92,14.8,14.86
20190911,14.83,14.97,14.83,14.96
20190912,15.19,15.36,15.165,15.34
20190913,15.32,15.34,15.26,15.29
20190916,15.28,15.34,15.24,15.26
20190917,15.14,15.31,15.14,15.31
20190918,15.35,15.46,15.3,15.37
20190919,15.5,15.51,15.41,15.42
20190920,15.63,15.68,15.56,15.58
20190923,15.59,15.695,15.58,15.65
20190924,15.66,15.69,15.56,15.58
20190925,15.52,15.54,15.42,15.44
20190926,15.53,15.604000000000001,15.53,15.56
20190927,15.61,15.735,15.5822,15.65
20190930,15.55,15.645,15.55,15.57
20191001,15.68,15.7,15.59,15.61
20191002,15.46,15.5,15.2752,15.35
20191003,15.34,15.43,15.305,15.37
20191004,15.52,15.64,15.49,15.59
20191007,15.79,15.87,15.75,15.79
20191008,15.71,15.72,15.63,15.67
20191009,15.7,15.7447,15.67,15.71
20191010,15.87,15.95,15.84,15.86
20191011,16.25,16.35,16.21,16.22
20191014,16.12,16.175,16.11,16.12
20191015,16.24,16.39,16.24,16.32
20191016,16.34,16.42,16.34,16.41
20191017,16.44,16.55,16.44,16.49
20191018,16.52,16.62,16.5,16.62
20191021,16.64,16.64,16.475,16.56
20191022,16.53,16.6,16.51,16.53
20191023,16.48,16.57,16.48,16.54
20191024,16.35,16.37,16.23,16.35
20191025,16.17,16.26,16.11,16.24
20191028,16.09,16.15,16.075,16.11
20191029,15.61,15.745,15.54,15.66
20191030,15.75,15.93,15.75,15.92
20191031,15.99,16.14,15.98,16.08
20191101,16.07,16.1,15.99,16.07
20191104,16.05,16.06,15.97,15.98
20191105,15.82,15.91,15.78,15.88
20191106,15.89,15.99,15.88,15.99
20191107,15.91,15.94,15.87,15.92
20191108,15.8,15.83,15.68,15.82
20191111,15.81,15.87,15.8,15.81
20191112,16.05,16.09,15.93,15.93
20191113,15.93,15.96,15.88,15.89
20191114,15.79,16.13,15.76,15.97
20191115,16.0,16.52,15.98,16.5
20191118,16.29,16.41,16.24,16.31
20191119,16.25,16.27,16.19,16.23
20191120,16.23,16.31,16.2,16.31
20191121,16.4,16.41,16.31,16.35
20191122,16.45,16.47,16.36,16.37
20191125,16.43,16.5799,16.384,16.53
20191126,16.49,16.58,16.45,16.58
20191127,16.21,16.32,16.2,16.31
20191128,16.31,16.31,16.31,16.31
20191129,16.22,16.32,16.19,16.32
20191202,16.07,16.08,15.88,15.98
20191203,15.94,16.025,15.9,16.01
20191204,15.51,15.51,15.16,15.17
20191205,15.18,15.185,15.05,15.08
20191206,15.09,15.12,15.0,15.02
20191209,14.91,15.01,14.84,14.85
20191210,14.78,14.81,14.71,14.72
20191211,14.84,14.87,14.72,14.77
20191212,14.9,14.95,14.8144,14.84
20191213,14.8,14.84,14.69,14.69
20191216,14.83,14.84,14.75,14.79
20191217,14.94,15.0,14.8,14.88
20191218,14.86,15.03,14.695,14.85
20191219,14.64,14.85,14.62,14.76
20191220,14.78,14.8,14.69,14.69
20191223,14.66,14.73,14.63,14.68
20191224,14.65,14.705,14.59,14.59
20191225,14.59,14.59,14.59,14.59
20191226,14.61,14.69,14.525,14.64
20191227,14.72,14.75,14.68,14.68
20191230,14.78,14.79,14.64,14.64
20191231,14.64,14.68,14.57,14.59
20200101,14.59,14.59,14.59,14.59
20200102,14.73,14.78,14.65,14.71
20200103,14.7,14.8,14.7,14.75
20200106,14.72,14.81,14.69,14.79
20200107,14.68,14.72,14.59,14.71
20200108,14.58,14.6,14.51,14.52
20200109,14.59,14.6,14.53,14.6
20200110,14.56,14.69,14.54,14.55
20200113,14.5,14.6,14.46,14.57
20200114,14.55,14.56,14.5,14.55
20200115,14.5,14.56,14.49,14.53
20200116,14.29,14.35,14.24,14.35
20200117,14.43,14.53,14.39,14.52
20200120,14.52,14.52,14.52,14.52
20200121,14.54,14.84,14.51,14.58
20200122,14.61,14.63,14.55,14.56
20200123,14.48,14.52,14.41,14.46
20200124,14.45,14.47,14.34,14.36
20200127,14.27,14.3,14.2,14.26
20200128,14.41,14.46,14.3232,14.37
20200129,14.24,14.25,14.16,14.18
20200130,14.11,14.21,14.09,14.2
20200131,14.16,14.17,14.05,14.09
20200203,14.15,14.15,14.04,14.09
20200204,13.9,13.91,13.805,13.84
20200205,13.83,13.85,13.77,13.83
20200206,14.01,14.04,13.93,13.98
20200207,13.97,13.97,13.9,13.94
20200210,13.91,13.93,13.87,13.93
20200211,13.86,13.9,13.8,13.84
20200212,14.02,14.0271,13.89,13.97
20200213,14.25,14.39,14.22,14.31
20200214,14.45,14.57,14.42,14.47
20200217,14.47,14.47,14.47,14.47
20200218,14.42,14.48,14.39,14.43
20200219,14.54,14.54,14.46,14.49
20200220,14.57,14.61,14.42,14.51
20200221,14.48,14.59,14.46,14.59
20200224,14.21,14.33,14.2,14.24
20200225,14.12,14.12,13.91,13.92
20200226,13.95,14.04,13.885,13.92
20200227,14.07,14.11,13.81,13.83
20200228,13.23,13.46,13.09,13.38
20200302,13.38,13.68,13.37,13.67
20200303,13.57,13.78,13.33,13.44
20200304,13.84,14.04,13.77,14.02
20200305,13.79,13.88,13.68,13.78
20200306,13.71,13.77,13.51,13.67
20200309,13.01,13.25,12.61,12.72
20200310,12.62,12.76,12.26,12.56
20200311,12.32,12.38,11.87,11.98
20200312,11.12,11.12,10.58,10.74
20200313,11.41,11.43,10.52,11.01
20200316,10.0,10.58,9.9324,10.25
20200317,10.62,11.56,10.38,11.45
20200318,11.61,12.1,10.98,11.29
20200319,11.88,12.37,11.51,11.67
20200320,11.97,12.47,11.62,11.67
20200323,12.09,12.32,11.91,12.08
20200324,12.35,12.6,12.07,12.55
20200325,12.15,12.4796,11.87,12.45
20200326,12.27,12.645,12.11,12.55
20200327,11.95,12.22,11.72,12.04
20200330,12.17,12.42,12.03,12.41
20200331,12.04,12.35,12.0,12.08
20200401,12.04,12.06,11.74,11.81
20200402,11.58,12.04,11.49,12.04
20200403,11.7,11.94,11.7,11.94
20200406,12.36,12.48,12.24,12.47
20200407,12.54,12.54,12.13,12.18
20200408,12.33,12.56,12.2,12.47
20200409,12.36,12.55,12.175,12.48
20200413,12.5,12.57,12.33,12.51
20200414,12.66,12.96,12.66,12.82
20200415,12.22,12.4,12.16,12.25
20200416,12.18,12.23,12.03,12.11
20200417,12.48,12.49,12.255,12.38
20200420,12.38,12.535,12.3,12.43
20200421,12.15,12.18,11.9242,12.01
20200422,12.4,12.4,12.18,12.31
20200423,12.25,12.34,12.1,12.18
20200424,12.16,12.19,12.0,12.19
20200427,12.26,12.28,12.16,12.21
20200428,12.05,12.18,12.0,12.0
20200429,12.05,12.34,11.93,12.15
20200430,12.34,12.34,12.01,12.03
20200501,12.02,12.02,11.77,11.84
20200504,11.74,11.78,11.68,11.71
20200505,11.77,11.97,10.75,11.87
20200506,11.67,11.68,11.53,11.54
20200507,11.5,11.59,11.43,11.43
20200508,11.63,11.645,11.53,11.55
20200511,11.43,11.51,11.38,11.46
20200512,11.57,11.58,11.37,11.37
20200513,11.36,11.37,11.12,11.16
20200514,10.97,11.1,10.88,11.04
20200515,10.94,10.99,10.84,10.91
20200518,11.19,11.47,11.19,11.46
20200519,11.14,11.14,10.92,10.93
20200520,11.14,11.32,11.11,11.2
20200521,11.23,11.27,11.1613,11.17
20200522,11.17,11.2,11.1,11.14
20200526,11.14,11.21,11.1,11.11
20200527,11.28,11.44,11.22,11.43
20200528,11.81,11.99,11.76,11.77
20200529,12.14,12.16,11.88,12.02
20200601,12.21,12.28,12.19,12.23
20200602,12.38,12.43,12.33,12.4
20200603,12.67,12.82,12.62,12.79
20200604,12.79,13.0,12.79,12.96
20200605,12.87,13.01,12.83,12.95
20200608,12.98,13.03,12.87,12.99
20200609,12.34,12.505,12.31,12.45
20200610,12.35,12.4,12.27,12.35
