20120102,10.53,10.53,10.53,10.53
20120103,10.8,10.94,10.76,10.9
20120104,10.87,11.17,10.84,11.13
20120105,11.11,11.14,10.98,11.09
20120106,11.11,11.11,10.81,10.84
20120109,10.89,10.89,10.76,10.87
20120110,11.05,11.06,10.94,11.03
20120111,10.89,10.89,10.51,10.56
20120112,10.56,10.59,10.3,10.41
20120113,10.34,10.37,10.18,10.28
20120116,10.28,10.28,10.28,10.28
20120117,10.52,10.54,10.35,10.48
20120118,10.5,10.59,10.42,10.59
20120119,10.58,10.58,10.35,10.37
20120120,10.37,10.39,10.1,10.27
20120123,10.37,10.65,10.35,10.61
20120124,10.48,10.5,10.3,10.33
20120125,10.28,10.49,10.1,10.45
20120126,10.54,10.55,10.1,10.17
20120127,10.17,10.19,9.95,10.07
20120130,10.02,10.14,9.95,10.13
20120131,10.19,10.2,10.01,10.02
20120201,10.07,10.12,9.97,9.99
20120202,9.99,10.05,9.94,9.95
20120203,10.02,10.02,9.9,9.99
20120206,9.89,10.08,9.89,10.04
20120207,10.08,10.09,9.89,9.93
20120208,9.98,10.0,9.87,9.95
20120209,10.02,10.1,9.97,10.04
20120210,9.96,10.0,9.86,9.92
20120213,10.0,10.01,9.89,10.0
20120214,10.0,10.04,9.92,9.98
20120215,10.03,10.05,9.92,10.01
20120216,10.0,10.07,9.92,10.05
20120217,10.11,10.16,10.01,10.09
20120220,10.09,10.09,10.09,10.09
20120221,10.11,10.15,10.03,10.05
20120222,10.0,10.04,9.88,9.88
20120223,9.92,10.03,9.91,10.02
20120224,10.02,10.03,9.9,9.91
20120227,9.93,9.97,9.9,9.92
20120228,9.95,9.97,9.86,9.88
20120229,9.94,10.25,9.88,10.22
20120301,10.28,10.3,10.06,10.14
20120302,10.13,10.14,9.97,10.0
20120305,9.97,9.97,9.67,9.67
20120306,9.58,9.59,9.44,9.52
20120307,9.67,9.81,9.65,9.68
20120308,9.8,9.82,9.67,9.74
20120309,9.8,10.01,9.78,9.96
20120312,9.92,9.93,9.82,9.88
20120313,9.92,9.95,9.81,9.9
20120314,9.89,9.96,9.82,9.87
20120315,9.9,9.95,9.84,9.95
20120316,9.94,10.12,9.94,10.12
20120319,10.17,10.21,10.08,10.2
20120320,10.08,10.09,9.96,10.09
20120321,10.1,10.1,9.98,10.05
20120322,9.97,9.97,9.86,9.91
20120323,9.73,9.84,9.63,9.76
20120326,9.89,9.9,9.82,9.83
20120327,9.87,9.88,9.7,9.71
20120328,9.7,9.71,9.58,9.62
20120329,9.62,9.62,9.43,9.48
20120330,9.52,9.53,9.4,9.4
20120402,9.42,9.55,9.35,9.5
20120404,9.29,9.29,9.11,9.14
20120405,9.15,9.25,9.07,9.09
20120406,9.09,9.09,9.09,9.09
20120409,8.99,9.11,8.95,9.08
20120410,9.07,9.11,8.75,8.82
20120411,8.9,9.0,8.86,8.88
20120412,8.96,9.09,8.93,9.07
20120413,9.07,9.08,8.93,8.96
20120416,8.98,8.98,8.81,8.82
20120417,8.91,8.93,8.8,8.82
20120418,8.83,8.84,8.71,8.75
20120419,8.69,8.71,8.55,8.57
20120420,8.65,8.71,8.55,8.62
20120423,8.56,8.59,8.46,8.58
20120424,8.63,8.67,8.59,8.62
20120425,8.66,8.7,8.62,8.68
20120426,8.69,8.93,8.68,8.86
20120427,8.9,8.99,8.87,8.91
20120430,8.91,8.99,8.84,8.97
20120501,8.99,9.26,8.98,9.24
20120502,9.19,9.23,9.06,9.08
20120503,9.05,9.06,8.78,8.8
20120504,8.74,8.75,8.55,8.66
20120507,8.58,8.63,8.48,8.56
20120508,8.48,8.54,8.29,8.41
20120509,8.31,8.49,8.21,8.42
20120510,8.48,8.54,8.37,8.4
20120511,8.35,8.48,8.31,8.31
20120514,8.23,8.26,8.11,8.13
20120515,8.1,8.14,7.94,7.94
20120516,7.93,7.99,7.58,7.62
20120517,7.64,7.65,7.4,7.52
20120518,7.58,7.63,7.28,7.33
20120521,7.32,7.55,7.3,7.55
20120522,7.53,7.62,7.4,7.42
20120523,7.34,7.47,7.2,7.47
20120524,7.49,7.49,7.32,7.38
20120525,7.36,7.39,7.28,7.31
20120528,7.31,7.31,7.31,7.31
20120529,7.38,7.46,7.22,7.26
20120530,7.17,7.17,7.02,7.02
20120531,7.04,7.12,6.87,7.09
20120601,6.98,6.98,6.78,6.86
20120604,6.92,7.07,6.81,7.07
20120605,7.09,7.43,7.06,7.43
20120606,7.46,7.63,7.44,7.52
20120607,7.64,7.69,7.38,7.39
20120608,7.33,7.37,7.2,7.25
20120611,7.34,7.39,7.04,7.05
20120612,7.18,7.29,7.1,7.26
20120613,7.17,7.23,7.01,7.01
20120614,6.99,7.0,6.82,6.87
20120615,6.9,6.96,6.74,6.94
20120618,6.93,6.96,6.84,6.91
20120619,6.97,7.03,6.93,7.02
20120620,7.02,7.08,6.86,6.99
20120621,6.98,6.99,6.52,6.53
20120622,6.6,6.61,6.37,6.39
20120625,6.29,6.35,5.9,6.02
20120626,5.98,6.04,5.8,5.87
20120627,5.89,6.05,5.87,6.01
20120628,5.97,6.28,5.95,6.24
20120629,6.44,6.54,6.28,6.37
20120702,6.3,6.45,6.28,6.36
20120703,6.5,6.6,6.42,6.56
20120704,6.56,6.56,6.56,6.56
20120705,6.47,6.57,6.45,6.49
20120706,6.04,6.34,6.03,6.3
20120709,6.22,6.23,6.1,6.13
20120710,6.15,6.2,5.83,5.89
20120711,5.86,6.07,5.86,6.02
20120712,5.97,5.99,5.79,5.94
20120713,5.99,6.05,5.94,6.0
20120716,5.95,6.09,5.92,6.03
20120717,6.02,6.18,5.97,6.17
20120718,6.17,6.21,6.1,6.16
20120719,6.15,6.28,6.15,6.22
20120720,6.14,6.24,6.13,6.24
20120723,6.1,6.16,6.0,6.14
20120724,6.13,6.17,5.93,6.02
20120725,6.05,6.06,5.9,5.98
20120726,6.06,6.15,6.02,6.13
20120727,6.14,6.26,6.14,6.2
20120730,6.23,6.5,6.21,6.5
20120731,6.47,6.51,6.31,6.37
20120801,6.39,6.56,5.9,6.4
20120802,6.26,6.36,6.1,6.14
20120803,6.28,6.45,6.25,6.43
20120806,6.45,6.59,6.41,6.55
20120807,6.53,6.81,6.52,6.75
20120808,6.71,6.89,6.67,6.75
20120809,6.76,6.91,6.7,6.9
20120810,6.83,6.88,6.74,6.82
20120813,6.77,6.9,6.73,6.8
20120814,6.81,7.02,6.81,7.01
20120815,6.97,7.04,6.87,7.01
20120816,6.98,7.21,6.98,7.18
20120817,7.2,7.37,7.2,7.3
20120820,7.24,7.33,7.15,7.3
20120821,7.32,7.49,7.31,7.34
20120822,7.29,7.32,7.15,7.22
20120823,7.2,7.22,7.0,7.04
20120824,7.03,7.15,6.99,7.08
20120827,7.11,7.18,7.01,7.04
20120828,7.09,7.09,7.01,7.08
20120829,7.04,7.09,6.89,6.98
20120830,6.9,6.97,6.73,6.77
20120831,6.81,6.84,6.65,6.77
20120903,6.77,6.77,6.77,6.77
20120904,6.74,6.75,6.54,6.56
20120905,6.55,6.62,6.51,6.51
20120906,6.59,6.8,6.54,6.71
20120907,6.74,6.97,6.74,6.92
20120910,6.91,6.99,6.89,6.9
20120911,6.92,7.06,6.92,7.02
20120912,7.02,7.13,7.01,7.13
20120913,7.11,7.2,7.03,7.16
20120914,7.22,7.4,7.21,7.31
20120917,7.32,7.36,7.26,7.31
20120918,7.31,7.31,7.1,7.16
20120919,7.1,7.12,7.0,7.03
20120920,6.91,7.08,6.88,7.06
20120921,7.08,7.15,7.02,7.15
20120924,7.08,7.09,6.98,7.03
20120925,7.03,7.08,6.93,6.95
20120926,6.87,6.9,6.68,6.69
20120927,6.77,6.88,6.72,6.81
20120928,6.78,6.79,6.65,6.74
20121001,6.81,6.85,6.74,6.79
20121002,6.81,6.82,6.63,6.63
20121003,6.65,6.65,6.45,6.51
20121004,6.53,6.64,6.5,6.62
20121005,6.68,6.69,6.52,6.54
20121008,6.5,6.57,6.5,6.54
20121009,6.54,6.6,6.5,6.52
20121010,6.52,6.54,6.35,6.36
20121011,6.4,6.55,6.4,6.51
20121012,6.41,6.5,6.38,6.44
20121015,6.44,6.47,6.34,6.45
20121016,6.45,6.5,6.43,6.48
20121017,6.51,6.63,6.5,6.59
20121018,6.55,6.62,6.53,6.6
20121019,6.54,6.6,6.41,6.51
20121022,6.49,6.51,6.28,6.33
20121023,6.26,6.27,6.14,6.2
20121024,6.23,6.25,6.1,6.1
20121025,6.14,6.18,6.12,6.12
20121026,6.12,6.12,6.0,6.0
20121029,6.0,6.0,6.0,6.0
20121030,6.0,6.0,6.0,6.0
20121031,5.95,6.0,5.88,5.99
20121101,6.07,6.25,6.02,6.2
20121102,6.23,6.24,6.0,6.0
20121105,5.95,6.0,5.78,5.82
20121106,5.84,5.85,5.71,5.76
20121107,5.74,5.74,5.35,5.61
20121108,5.6,5.66,5.45,5.51
20121109,5.48,5.58,5.37,5.37
20121112,5.41,5.46,5.28,5.32
20121113,5.19,5.25,5.06,5.12
20121114,5.1,5.21,5.07,5.14
20121115,5.15,5.22,5.06,5.1
20121116,5.07,5.19,5.03,5.19
20121119,5.25,5.3,5.13,5.17
20121120,5.14,5.17,5.03,5.11
20121121,5.1,5.15,5.04,5.04
20121122,5.04,5.04,5.04,5.04
20121123,5.06,5.22,5.06,5.21
20121126,5.2,5.23,5.11,5.16
20121127,5.15,5.2,5.05,5.05
20121128,5.03,5.12,5.0,5.1
20121129,5.13,5.19,5.1,5.15
20121130,5.14,5.19,5.05,5.15
20121203,5.18,5.21,5.06,5.11
20121204,5.09,5.11,5.01,5.09
20121205,5.07,5.14,5.04,5.08
20121206,5.06,5.12,5.0,5.05
20121207,5.04,5.08,4.95,4.95
20121210,4.95,4.96,4.84,4.87
20121211,4.85,5.0,4.84,4.94
20121212,4.98,5.01,4.9,4.94
20121213,4.92,4.95,4.87,4.91
20121214,4.91,4.94,4.88,4.9
20121217,4.92,4.93,4.85,4.89
20121218,4.88,5.23,4.88,5.19
20121219,5.23,5.3,5.12,5.13
20121220,5.11,5.18,5.08,5.11
20121221,5.01,5.06,4.95,4.99
20121224,4.99,5.03,4.9,4.92
20121225,4.92,4.92,4.92,4.92
20121226,4.92,4.95,4.86,4.87
20121227,4.89,4.91,4.78,4.8
20121228,4.78,4.8,4.74,4.75
20121231,4.72,4.98,4.68,4.97
20130101,4.97,4.97,4.97,4.97
20130102,5.09,5.14,4.94,5.01
20130103,5.0,5.08,4.97,4.99
20130104,5.01,5.09,5.0,5.06
20130107,5.05,5.12,5.03,5.1
20130108,5.07,5.11,5.03,5.06
20130109,5.06,5.09,4.97,5.02
20130110,5.01,5.04,4.85,4.99
20130111,5.03,5.06,4.98,5.01
20130114,5.0,5.05,4.94,4.99
20130115,4.98,4.99,4.92,4.97
20130116,4.96,4.99,4.9,4.92
20130117,4.9,4.92,4.82,4.9
20130118,4.87,4.9,4.84,4.88
20130121,4.88,4.88,4.88,4.88
20130122,4.86,4.89,4.75,4.84
20130123,4.84,4.88,4.8,4.8
20130124,4.79,4.8,4.7,4.71
20130125,4.73,4.73,4.61,4.63
20130128,4.67,4.67,4.55,4.55
20130129,4.54,4.55,4.36,4.43
20130130,4.44,4.53,4.42,4.49
20130131,4.43,4.59,4.43,4.57
20130201,4.6,4.71,4.59,4.71
20130204,4.66,4.79,4.65,4.69
20130205,4.69,4.79,4.66,4.75
20130206,4.75,4.77,4.73,4.73
20130207,4.74,4.74,4.62,4.65
20130208,4.62,4.64,4.58,4.6
20130211,4.6,4.6,4.55,4.59
20130212,4.57,4.58,4.48,4.5
20130213,4.49,4.57,4.44,4.57
20130214,4.54,4.64,4.52,4.52
20130215,4.5,4.51,4.41,4.45
20130218,4.45,4.45,4.45,4.45
20130219,4.4,4.47,4.4,4.45
20130220,4.46,4.49,4.42,4.45
20130221,4.45,4.45,4.3,4.31
20130222,4.32,4.32,4.16,4.23
20130225,4.2,4.24,4.0,4.0
20130226,4.01,4.02,3.82,3.96
20130227,3.95,4.18,3.93,4.17
20130228,4.17,4.17,4.1,4.13
20130301,4.4,4.57,4.24,4.48
20130304,4.54,4.75,4.54,4.66
20130305,4.74,4.81,4.62,4.65
20130306,4.65,4.75,4.56,4.75
20130307,4.8,4.99,4.78,4.94
20130308,5.0,5.1,4.96,5.08
20130311,5.11,5.37,5.02,5.37
20130312,5.45,5.49,5.24,5.33
20130313,5.39,5.41,5.2,5.26
20130314,5.26,5.39,5.25,5.37
20130315,5.39,5.53,5.36,5.53
20130318,5.52,5.68,5.46,5.49
20130319,5.53,5.56,5.36,5.45
20130320,5.44,5.46,5.32,5.4
20130321,5.37,5.43,5.3,5.33
20130322,5.34,5.36,5.21,5.24
20130325,5.23,5.25,5.05,5.11
20130326,5.12,5.21,4.96,5.2
20130327,5.16,5.19,5.07,5.16
20130328,5.12,5.15,5.06,5.1
20130329,5.1,5.1,5.1,5.1
20130401,5.1,5.12,5.01,5.07
20130402,5.1,5.19,5.05,5.07
20130403,5.08,5.12,4.82,4.91
20130404,4.89,4.9,4.78,4.83
20130405,4.76,4.87,4.7,4.86
20130408,4.87,5.03,4.86,5.03
20130409,5.02,5.17,5.01,5.13
20130410,5.16,5.21,5.07,5.09
20130411,5.08,5.14,5.01,5.1
20130412,5.07,5.08,4.95,5.01
20130415,4.91,4.94,4.75,4.75
20130416,4.83,4.94,4.75,4.84
20130417,4.79,4.79,4.51,4.55
20130418,4.56,4.71,4.46,4.63
20130419,4.68,4.7,4.52,4.57
20130422,4.55,4.66,4.52,4.64
20130423,4.63,4.71,4.58,4.68
20130424,4.7,4.9,4.7,4.83
20130425,4.85,5.07,4.85,4.96
20130426,4.93,4.95,4.82,4.87
20130429,4.9,4.98,4.86,4.96
20130430,4.96,5.08,4.95,5.06
20130501,5.03,5.05,4.92,4.98
20130502,4.99,5.1,4.96,5.04
20130503,5.06,5.19,5.04,5.14
20130506,5.15,5.26,5.12,5.26
20130507,5.25,5.33,5.08,5.09
20130508,5.1,5.17,5.02,5.06
20130509,5.05,5.08,4.98,5.02
20130510,4.99,5.09,4.96,5.08
20130513,5.08,5.1,5.0,5.01
20130514,5.0,5.06,4.98,5.03
20130515,4.98,5.04,4.95,4.96
20130516,4.98,5.13,4.96,5.08
20130517,5.06,5.12,5.06,5.11
20130520,5.11,5.24,5.1,5.23
20130521,5.11,5.15,5.07,5.08
20130522,5.07,5.15,5.01,5.03
20130523,4.97,5.08,4.94,5.07
20130524,5.03,5.17,5.01,5.14
20130527,5.14,5.14,5.14,5.14
20130528,5.15,5.2,5.03,5.06
20130529,5.03,5.11,5.01,5.08
20130530,5.08,5.12,5.03,5.07
20130531,5.07,5.12,5.05,5.08
20130603,5.08,5.19,5.08,5.16
20130604,5.14,5.31,5.13,5.21
20130605,5.19,5.26,5.15,5.24
20130606,5.24,5.3,5.18,5.22
20130607,5.22,5.25,5.13,5.18
20130610,5.16,5.23,5.1,5.22
20130611,5.18,5.18,5.08,5.11
20130612,5.1,5.14,4.97,5.02
20130613,5.0,5.07,4.98,5.05
20130614,5.04,5.09,5.01,5.04
20130617,5.04,5.11,5.0,5.06
20130618,5.04,5.09,5.03,5.08
20130619,5.08,5.14,5.02,5.05
20130620,4.95,4.98,4.81,4.86
20130621,4.83,4.92,4.75,4.81
20130624,4.76,4.76,4.58,4.68
20130625,4.7,4.79,4.63,4.77
20130626,4.8,4.83,4.7,4.75
20130627,4.79,4.86,4.76,4.83
20130628,4.83,4.93,4.79,4.93
20130701,4.96,5.04,4.93,4.97
20130702,4.94,4.98,4.86,4.9
20130703,4.88,4.91,4.78,4.82
20130704,4.82,4.82,4.82,4.82
20130705,4.82,4.84,4.72,4.81
20130708,4.8,4.91,4.79,4.9
20130709,4.93,4.98,4.89,4.95
20130710,4.95,5.09,4.93,5.07
20130711,5.12,5.15,5.03,5.11
20130712,5.11,5.14,5.05,5.1
20130715,5.1,5.17,5.05,5.13
20130716,5.15,5.25,5.13,5.24
20130717,5.44,5.75,5.41,5.67
20130718,5.68,5.84,5.65,5.8
20130719,5.8,5.91,5.74,5.84
20130722,5.85,5.99,5.85,5.98
20130723,6.01,6.06,5.88,5.9
20130724,5.89,5.94,5.67,5.73
20130725,5.73,5.83,5.73,5.8
20130726,5.77,5.84,5.74,5.82
20130729,5.8,5.81,5.68,5.74
20130730,5.73,5.76,5.64,5.71
20130731,5.7,5.82,5.65,5.78
20130801,5.8,5.87,5.75,5.84
20130802,5.83,5.88,5.68,5.71
20130805,5.66,5.73,5.66,5.68
20130806,5.68,5.71,5.63,5.64
20130807,5.6,5.65,5.57,5.6
20130808,5.6,5.75,5.6,5.69
20130809,5.66,5.79,5.65,5.77
20130812,5.78,5.83,5.73,5.81
20130813,5.77,5.78,5.69,5.72
20130814,5.71,5.77,5.67,5.73
20130815,5.7,5.78,5.66,5.77
20130816,5.78,5.81,5.7,5.71
20130819,5.71,5.72,5.52,5.55
20130820,5.44,5.52,5.33,5.45
20130821,5.41,5.45,5.31,5.39
20130822,5.37,5.47,5.33,5.45
20130823,5.43,5.54,5.38,5.53
20130826,5.52,5.59,5.46,5.47
20130827,5.44,5.52,5.42,5.48
20130828,5.5,5.6,5.47,5.56
20130829,5.52,5.57,5.41,5.43
20130830,5.42,5.5,5.4,5.5
20130902,5.5,5.5,5.5,5.5
20130903,5.54,5.71,5.53,5.7
20130904,5.7,5.9,5.68,5.87
20130905,5.9,5.92,5.81,5.86
20130906,5.88,5.94,5.8,5.88
20130909,5.86,5.94,5.81,5.81
20130910,5.81,5.83,5.72,5.81
20130911,5.8,5.9,5.75,5.87
20130912,5.83,5.92,5.79,5.8
20130913,5.78,5.84,5.77,5.8
20130916,5.8,5.87,5.8,5.82
20130917,5.83,5.88,5.8,5.86
20130918,5.82,5.97,5.8,5.91
20130919,5.86,5.92,5.82,5.84
20130920,5.81,5.86,5.76,5.8
20130923,5.8,5.85,5.74,5.84
20130924,5.82,5.93,5.79,5.93
20130925,5.93,6.01,5.83,5.85
20130926,5.86,5.93,5.82,5.91
20130927,5.92,5.92,5.84,5.87
20130930,5.84,5.98,5.8,5.92
20131001,5.87,5.99,5.86,5.96
20131002,5.95,6.09,5.89,6.07
20131003,6.08,6.1,6.01,6.06
20131004,6.02,6.27,6.01,6.26
20131007,6.21,6.32,6.17,6.26
20131008,6.22,6.35,6.12,6.18
20131009,6.14,6.18,6.02,6.11
20131010,6.14,6.27,6.14,6.22
20131011,6.22,6.4,6.2,6.39
20131014,6.38,6.39,6.31,6.35
20131015,6.39,6.4,6.21,6.27
20131016,6.28,6.37,6.27,6.37
20131017,6.39,6.48,6.35,6.45
20131018,6.42,6.48,6.38,6.45
20131021,6.43,6.5,6.4,6.41
20131022,6.47,6.5,6.38,6.47
20131023,6.39,6.4,6.15,6.18
20131024,6.15,6.31,6.08,6.28
20131025,6.3,6.41,6.28,6.38
20131028,6.39,6.43,6.33,6.38
20131029,6.41,6.44,6.33,6.36
20131030,6.37,6.4,6.2,6.26
20131031,6.25,6.46,6.21,6.45
20131101,6.45,6.45,6.3,6.34
20131104,6.39,6.39,6.31,6.36
20131105,6.32,6.5,6.3,6.48
20131106,6.48,6.54,6.33,6.37
20131107,6.37,6.39,6.1,6.14
20131108,6.09,6.3,6.02,6.29
20131111,6.28,6.35,6.19,6.31
20131112,6.26,6.32,6.23,6.26
20131113,6.22,6.48,6.21,6.44
20131114,6.43,6.43,6.35,6.36
20131115,6.34,6.49,6.34,6.47
20131118,6.47,6.52,6.3,6.3
20131119,6.3,6.42,6.27,6.31
20131120,6.25,6.38,6.25,6.29
20131121,6.3,6.46,6.27,6.37
20131122,6.35,6.47,6.33,6.47
20131125,6.43,6.45,6.35,6.39
20131126,6.38,6.4,6.25,6.3
20131127,6.25,6.3,6.15,6.22
20131128,6.22,6.22,6.22,6.22
20131129,6.18,6.3,6.18,6.21
20131202,6.17,6.35,6.16,6.27
20131203,6.25,6.33,6.17,6.29
20131204,6.26,6.35,6.2,6.35
20131205,6.29,6.42,6.26,6.29
20131206,6.34,6.34,6.22,6.24
20131209,6.25,6.31,6.2,6.24
20131210,6.23,6.33,6.23,6.32
20131211,6.3,6.31,6.18,6.19
20131212,6.18,6.2,6.13,6.17
20131213,6.15,6.29,6.15,6.28
20131216,6.28,6.34,6.27,6.27
20131217,6.27,6.32,6.25,6.3
20131218,6.28,6.3,6.2,6.28
20131219,6.19,6.31,6.17,6.27
20131220,6.25,6.31,6.23,6.24
20131223,6.27,6.3,6.19,6.21
20131224,6.19,6.25,6.16,6.24
20131225,6.24,6.24,6.24,6.24
20131226,6.24,6.28,6.12,6.17
20131227,6.14,6.25,6.12,6.24
20131230,6.21,6.27,6.14,6.15
20131231,6.18,6.23,6.13,6.2
20140101,6.2,6.2,6.2,6.2
20140102,6.22,6.23,6.02,6.08
20140103,6.1,6.2,6.06,6.12
20140106,6.12,6.18,6.06,6.16
20140107,6.14,6.21,6.13,6.19
20140108,6.17,6.2,6.13,6.17
20140109,6.13,6.16,6.01,6.05
20140110,6.03,6.1,6.01,6.08
20140113,6.06,6.1,5.98,6.03
20140114,6.0,6.02,5.94,5.96
20140115,5.97,6.09,5.94,6.02
20140116,6.08,6.2,6.02,6.18
20140117,6.23,6.55,6.21,6.53
20140120,6.53,6.53,6.53,6.53
20140121,6.56,6.62,6.44,6.56
20140122,6.61,6.62,6.49,6.62
20140123,6.62,6.7,6.55,6.57
20140124,6.56,6.58,6.38,6.5
20140127,6.49,6.58,6.35,6.42
20140128,6.45,6.54,6.44,6.48
20140129,6.46,6.54,6.38,6.46
20140130,6.48,6.59,6.46,6.49
20140131,6.43,6.52,6.39,6.46
20140203,6.48,6.5,6.3,6.32
20140204,6.34,6.43,6.29,6.33
20140205,6.31,6.44,6.29,6.44
20140206,6.43,6.6,6.41,6.59
20140207,6.61,6.73,6.58,6.66
20140210,6.64,6.69,6.52,6.53
20140211,6.55,6.69,6.49,6.63
20140212,6.68,6.71,6.64,6.7
20140213,6.62,6.71,6.62,6.65
20140214,6.67,6.75,6.65,6.7
20140217,6.7,6.7,6.7,6.7
20140218,6.7,6.82,6.69,6.78
20140219,6.74,6.85,6.74,6.81
20140220,6.82,6.86,6.75,6.78
20140221,6.74,6.8,6.71,6.74
20140224,6.74,6.88,6.74,6.82
20140225,6.82,6.84,6.74,6.81
20140226,6.79,6.8,6.73,6.73
20140227,6.74,6.74,6.58,6.6
20140228,6.6,6.75,6.58,6.74
20140303,6.68,6.8,6.3,6.32
20140304,6.34,6.48,6.28,6.31
20140305,6.34,6.47,6.29,6.31
20140306,6.34,6.45,6.34,6.42
20140307,6.39,6.46,6.39,6.44
20140310,6.44,6.44,6.22,6.29
20140311,6.32,6.33,6.12,6.15
20140312,6.1,6.11,5.97,6.05
20140313,6.08,6.12,5.99,6.02
20140314,5.99,6.12,5.97,6.11
20140317,6.12,6.14,6.01,6.04
20140318,6.02,6.13,6.01,6.09
20140319,6.09,6.13,6.03,6.09
20140320,6.04,6.05,5.97,6.01
20140321,6.04,6.11,6.03,6.04
20140324,6.0,6.07,5.95,5.97
20140325,6.01,6.05,6.0,6.04
20140326,6.02,6.08,5.96,5.98
20140327,5.97,6.07,5.96,6.07
20140328,6.1,6.18,6.1,6.14
20140331,6.14,6.17,6.04,6.08
20140401,6.07,6.14,6.06,6.1
20140402,6.1,6.2,6.08,6.17
20140403,6.2,6.28,6.18,6.23
20140404,6.26,6.33,6.23,6.24
20140407,6.22,6.29,6.16,6.18
20140408,6.23,6.29,6.17,6.25
20140409,6.27,6.37,6.21,6.29
20140410,6.27,6.4,6.21,6.23
20140411,6.22,6.25,6.17,6.19
20140414,6.19,6.3,6.17,6.25
20140415,6.21,6.32,6.2,6.26
20140416,6.29,6.33,6.26,6.32
20140417,6.33,6.42,6.32,6.4
20140418,6.4,6.4,6.4,6.4
20140421,6.34,6.39,6.23,6.27
20140422,6.23,6.31,6.19,6.28
20140423,6.27,6.34,6.26,6.26
20140424,6.29,6.35,6.29,6.32
20140425,6.31,6.33,6.24,6.29
20140428,6.31,6.33,6.28,6.31
20140429,6.34,6.6,6.33,6.55
20140430,6.52,6.53,6.44,6.5
20140501,6.47,6.55,6.43,6.51
20140502,6.49,6.59,6.48,6.58
20140505,6.58,6.7,6.53,6.66
20140506,6.68,6.79,6.65,6.65
20140507,6.68,6.8,6.64,6.69
20140508,6.7,6.72,6.59,6.59
20140509,6.59,6.6,6.45,6.57
20140512,6.55,6.75,6.55,6.66
20140513,6.61,6.68,6.46,6.48
20140514,6.48,6.51,6.46,6.47
20140515,6.47,6.49,6.3,6.4
20140516,6.41,6.41,6.31,6.34
20140519,6.33,6.43,6.3,6.4
20140520,6.39,6.41,6.32,6.34
20140521,6.33,6.39,6.31,6.39
20140522,6.38,6.39,6.33,6.33
20140523,6.33,6.41,6.31,6.37
20140526,6.37,6.37,6.37,6.37
20140527,6.35,6.37,6.28,6.34
20140528,6.32,6.4,6.28,6.38
20140530,6.35,6.42,6.32,6.33
20140602,6.3,6.37,6.29,6.36
20140603,6.36,6.39,6.33,6.38
20140604,6.37,6.56,6.37,6.51
20140605,6.51,6.58,6.47,6.56
20140606,6.57,6.59,6.51,6.57
20140609,6.58,6.62,6.56,6.61
20140610,6.59,6.65,6.58,6.64
20140611,6.61,6.7,6.61,6.68
20140612,6.69,6.9,6.65,6.9
20140613,6.89,6.95,6.84,6.93
20140616,6.87,6.98,6.87,6.93
20140617,6.92,6.97,6.89,6.91
20140618,6.96,7.17,6.93,7.15
20140619,7.13,7.15,7.0,7.03
20140620,7.03,7.1,7.01,7.06
20140623,7.06,7.11,7.02,7.06
20140624,7.06,7.11,6.79,6.79
20140625,6.98,7.14,6.91,6.96
20140626,7.0,7.12,6.94,7.12
20140627,7.1,7.16,7.07,7.16
20140630,7.14,7.21,7.13,7.18
20140701,7.18,7.2,7.1,7.11
20140702,7.14,7.22,7.12,7.18
20140703,7.21,7.21,7.14,7.14
20140704,7.14,7.14,7.14,7.14
20140707,7.08,7.11,6.88,6.93
20140708,6.91,6.92,6.78,6.85
20140709,6.84,6.91,6.81,6.89
20140710,6.85,6.88,6.77,6.82
20140711,6.82,6.83,6.71,6.71
20140714,6.67,6.79,6.67,6.71
20140715,6.71,6.74,6.57,6.62
20140716,6.67,6.79,6.65,6.7
20140718,6.59,6.7,6.58,6.66
20140721,6.64,6.66,6.6,6.62
20140722,6.64,6.79,6.63,6.74
20140723,6.75,6.83,6.73,6.83
20140724,6.82,6.85,6.75,6.75
20140725,6.75,6.76,6.67,6.69
20140728,6.69,6.73,6.59,6.61
20140729,6.61,6.62,6.56,6.56
20140730,6.55,6.6,6.42,6.49
20140731,6.46,6.49,6.32,6.4
20140801,6.35,6.39,6.21,6.35
20140804,6.34,6.51,6.32,6.48
20140805,6.41,6.47,6.17,6.21
20140806,6.19,6.29,6.19,6.27
20140807,6.29,6.29,6.13,6.23
20140808,6.22,6.22,5.98,6.21
20140811,6.22,6.24,6.1,6.16
20140812,6.15,6.17,6.12,6.16
20140813,6.15,6.21,6.12,6.14
20140814,6.15,6.16,6.03,6.03
20140815,6.04,6.15,6.04,6.15
20140818,6.15,6.21,6.14,6.17
20140819,6.16,6.23,6.15,6.22
20140820,6.18,6.18,6.1,6.15
20140821,6.13,6.17,6.07,6.15
20140822,6.15,6.15,6.07,6.1
20140825,6.1,6.17,6.08,6.14
20140826,6.17,6.21,6.16,6.19
20140827,6.23,6.28,6.18,6.25
20140828,6.22,6.32,6.21,6.29
20140829,6.29,6.41,6.29,6.39
20140901,6.39,6.39,6.39,6.39
20140902,6.36,6.38,6.24,6.26
20140903,6.32,6.33,6.13,6.15
20140904,6.17,6.19,6.0,6.02
20140905,6.03,6.07,6.0,6.05
20140908,6.04,6.04,5.9,5.93
20140909,5.92,5.96,5.84,5.9
20140910,5.88,5.88,5.83,5.87
20140911,5.81,5.89,5.76,5.89
20140912,5.88,5.88,5.76,5.78
20140915,5.78,5.84,5.7,5.8
20140916,5.8,5.84,5.77,5.8
20140917,5.8,5.8,5.68,5.7
20140918,5.69,5.7,5.6,5.64
20140919,5.64,5.64,5.48,5.53
20140922,5.47,5.51,5.27,5.35
20140923,5.35,5.47,5.34,5.44
20140924,5.43,5.56,5.35,5.48
20140925,5.46,5.47,5.3,5.3
20140926,5.3,5.37,5.25,5.35
20140929,5.3,5.35,5.26,5.32
20140930,5.3,5.34,5.15,5.2
20141001,5.22,5.23,4.96,4.99
20141002,4.95,4.99,4.73,4.97
20141003,4.95,4.95,4.76,4.84
20141006,4.87,4.94,4.75,4.81
20141007,4.79,4.84,4.62,4.64
20141008,4.61,4.61,4.38,4.54
20141009,4.55,4.56,4.36,4.37
20141010,4.33,4.41,4.13,4.22
20141013,4.21,4.31,4.05,4.09
20141014,4.16,4.18,3.91,3.92
20141015,3.86,3.99,3.74,3.88
20141016,3.79,4.17,3.79,4.12
20141017,4.28,4.41,4.15,4.15
20141020,4.15,4.21,4.03,4.18
20141021,4.27,4.41,4.22,4.41
20141022,4.38,4.44,4.07,4.07
20141023,4.14,4.21,4.1,4.12
20141024,4.12,4.13,4.02,4.09
20141027,4.03,4.1,3.86,3.94
20141028,4.05,4.14,4.01,4.02
20141029,4.08,4.17,3.97,4.05
20141030,4.06,4.07,3.9,3.92
20141031,4.06,4.12,3.93,4.03
20141103,4.05,4.07,3.85,3.88
20141104,3.83,3.84,3.66,3.7
20141105,3.76,3.88,3.66,3.82
20141106,3.82,3.87,3.75,3.8
20141107,3.84,4.0,3.78,3.95
20141110,3.99,4.09,3.79,3.82
20141111,3.8,3.92,3.72,3.87
20141112,3.84,3.97,3.8,3.93
20141113,3.89,3.93,3.69,3.75
20141114,3.76,3.82,3.68,3.79
20141117,3.77,3.85,3.71,3.8
20141118,3.81,3.85,3.74,3.8
20141119,3.85,3.85,3.72,3.75
20141120,3.75,3.94,3.74,3.87
20141121,3.94,4.07,3.94,4.05
20141124,4.05,4.07,3.85,3.93
20141125,3.93,4.05,3.87,3.95
20141126,4.02,4.03,3.83,3.83
20141127,3.83,3.83,3.83,3.83
20141128,3.57,3.6,3.27,3.36
20141201,3.24,3.28,3.05,3.1
20141202,3.07,3.22,3.0,3.06
20141204,3.02,3.05,2.76,2.8
20141205,2.77,2.81,2.7,2.71
20141208,2.67,2.68,2.41,2.46
20141209,2.49,2.72,2.48,2.67
20141210,2.59,2.6,2.45,2.59
20141211,2.59,2.75,2.51,2.52
20141212,2.51,2.74,2.46,2.73
20141215,2.79,2.89,2.6,2.67
20141216,2.61,3.0,2.6,2.88
20141217,2.89,3.32,2.87,3.18
20141218,3.29,3.45,3.1,3.2
20141219,3.22,3.45,3.16,3.43
20141222,3.4,3.45,3.21,3.21
20141223,3.25,3.32,3.18,3.28
20141224,3.25,3.3,3.18,3.27
20141225,3.27,3.27,3.27,3.27
20141226,3.28,3.35,3.22,3.23
20141229,3.26,3.32,3.11,3.12
20141230,3.1,3.17,3.02,3.12
20141231,3.03,3.18,2.95,3.11
20150101,3.11,3.11,3.11,3.11
20150102,3.12,3.25,3.07,3.22
20150105,3.19,3.19,2.97,3.06
20150106,3.05,3.07,2.82,2.87
20150107,2.94,3.01,2.83,2.84
20150108,2.86,3.0,2.78,2.89
20150109,2.99,3.06,2.92,2.99
20150112,2.93,2.93,2.76,2.78
20150113,2.78,2.93,2.72,2.9
20150114,2.87,3.05,2.84,3.04
20150115,3.07,3.08,2.85,2.92
20150116,2.95,3.08,2.92,3.04
20150119,3.04,3.04,3.04,3.04
20150120,2.98,2.98,2.66,2.66
20150121,2.69,2.72,2.56,2.57
20150122,2.63,2.71,2.57,2.63
20150123,2.61,2.89,2.6,2.72
20150126,2.73,2.89,2.69,2.84
20150127,2.84,2.92,2.8,2.86
20150128,2.85,2.85,2.57,2.61
20150129,2.63,2.64,2.5,2.52
20150130,2.5,2.71,2.48,2.68
20150202,2.75,2.94,2.74,2.94
20150203,3.01,3.45,3.0,3.37
20150204,3.25,3.29,3.03,3.21
20150205,3.26,3.37,3.22,3.28
20150206,3.33,3.37,3.27,3.34
20150209,3.37,3.56,3.36,3.52
20150210,3.47,3.48,3.21,3.33
20150211,3.24,3.44,3.13,3.29
20150212,3.4,3.48,3.31,3.35
20150213,3.44,3.51,3.35,3.49
20150216,3.49,3.49,3.49,3.49
20150217,3.46,3.62,3.41,3.56
20150218,3.53,3.54,3.4,3.41
20150219,3.24,3.44,3.21,3.39
20150220,3.33,3.45,3.27,3.28
20150223,3.18,3.3,3.16,3.24
20150224,3.25,3.33,3.19,3.2
20150225,3.25,3.39,3.17,3.39
20150226,3.33,3.34,3.18,3.2
20150227,3.21,3.34,3.21,3.32
20150302,3.27,3.28,3.18,3.19
20150303,3.23,3.29,3.2,3.21
20150304,3.22,3.28,3.17,3.26
20150305,3.24,3.24,3.14,3.16
20150306,3.14,3.2,3.03,3.05
20150309,3.05,3.09,2.91,2.92
20150310,2.89,2.89,2.7,2.75
20150311,2.75,2.82,2.73,2.8
20150312,2.85,2.85,2.7,2.71
20150313,2.68,2.76,2.61,2.75
20150316,2.66,2.68,2.54,2.59
20150317,2.55,2.66,2.55,2.6
20150318,2.57,2.82,2.55,2.78
20150319,2.7,2.7,2.63,2.64
20150320,2.71,2.77,2.68,2.71
20150323,2.71,2.97,2.71,2.95
20150324,2.95,3.15,2.93,3.07
20150325,3.11,3.19,3.01,3.15
20150326,3.19,3.25,3.07,3.17
20150327,3.13,3.13,3.01,3.01
20150330,3.0,3.03,2.91,2.98
20150331,2.95,3.05,2.93,2.99
20150401,3.01,3.07,3.01,3.01
20150402,3.01,3.09,2.98,3.06
20150403,3.06,3.06,3.06,3.06
20150406,3.08,3.25,3.08,3.23
20150407,3.22,3.35,3.18,3.32
20150408,3.29,3.33,3.13,3.15
20150409,3.18,3.28,3.16,3.25
20150410,3.25,3.33,3.25,3.3
20150413,3.3,3.32,3.14,3.14
20150414,3.22,3.28,3.2,3.26
20150415,3.29,3.5,3.28,3.42
20150416,3.39,3.53,3.35,3.4
20150417,3.38,3.46,3.35,3.43
20150420,3.43,3.5,3.37,3.41
20150421,3.41,3.42,3.26,3.3
20150422,3.29,3.38,3.28,3.37
20150423,3.36,3.48,3.35,3.43
20150424,3.41,3.46,3.37,3.42
20150427,3.44,3.46,3.34,3.39
20150428,3.4,3.45,3.2,3.26
20150429,3.29,3.45,3.26,3.41
20150430,3.42,3.43,3.28,3.36
20150504,3.34,3.38,3.3,3.31
20150505,3.36,3.41,3.24,3.25
20150506,3.28,3.29,3.15,3.19
20150507,3.17,3.19,3.01,3.05
20150508,3.18,3.3,3.08,3.23
20150511,3.25,3.33,3.18,3.22
20150512,3.22,3.29,3.2,3.2
20150513,3.24,3.24,3.11,3.12
20150514,3.14,3.2,3.03,3.05
20150515,3.0,3.07,2.96,3.04
20150518,3.04,3.06,2.99,2.99
20150519,2.95,2.96,2.86,2.9
20150520,2.88,2.94,2.86,2.9
20150521,2.93,3.0,2.9,2.97
20150522,2.92,2.95,2.87,2.88
20150525,2.88,2.88,2.88,2.88
20150526,2.81,2.85,2.73,2.76
20150527,2.75,2.8,2.66,2.68
20150528,2.65,2.67,2.55,2.59
20150529,2.59,2.67,2.58,2.67
20150601,2.69,2.7,2.57,2.59
20150602,2.6,2.68,2.6,2.65
20150603,2.64,2.68,2.6,2.61
20150604,2.6,2.61,2.52,2.53
20150605,2.53,2.58,2.5,2.55
20150608,2.56,2.57,2.46,2.51
20150609,2.59,2.79,2.58,2.76
20150610,2.83,2.93,2.73,2.75
20150611,2.74,2.77,2.68,2.69
20150612,2.65,2.75,2.61,2.63
20150615,2.6,2.64,2.52,2.59
20150616,2.59,2.66,2.54,2.59
20150617,2.63,2.68,2.54,2.61
20150618,2.6,2.64,2.54,2.55
20150619,2.53,2.58,2.47,2.51
20150622,2.5,2.56,2.49,2.5
20150623,2.5,2.54,2.49,2.5
20150624,2.51,2.54,2.46,2.47
20150625,2.47,2.52,2.46,2.5
20150626,2.51,2.52,2.46,2.48
20150629,2.44,2.46,2.41,2.43
20150630,2.45,2.53,2.45,2.49
20150701,2.47,2.48,2.35,2.39
20150702,2.43,2.49,2.39,2.46
20150703,2.46,2.46,2.46,2.46
20150706,2.42,2.42,2.31,2.35
20150707,2.34,2.39,2.25,2.37
20150708,2.35,2.39,2.25,2.28
20150709,2.32,2.36,2.24,2.27
20150710,2.3,2.31,2.23,2.27
20150713,2.23,2.26,2.2,2.21
20150714,2.2,2.27,2.17,2.24
20150715,2.25,2.25,2.15,2.17
20150716,2.19,2.2,2.1,2.1
20150717,2.1,2.11,2.01,2.02
20150720,1.99,2.02,1.88,1.9
20150721,1.89,1.98,1.87,1.91
20150722,1.87,1.88,1.79,1.79
20150723,1.8,1.85,1.71,1.76
20150724,1.75,1.75,1.65,1.66
20150727,1.6,1.65,1.5,1.53
20150728,1.53,1.63,1.53,1.57
20150729,1.58,1.62,1.56,1.6
20150730,1.62,1.65,1.6,1.63
20150731,1.64,1.64,1.57,1.6
20150803,1.58,1.59,1.53,1.53
20150804,1.57,1.58,1.5,1.5
20150805,1.54,1.56,1.38,1.38
20150806,1.38,1.47,1.32,1.44
20150807,1.44,1.49,1.24,1.24
20150810,1.25,1.35,1.21,1.35
20150811,1.29,1.32,1.25,1.29
20150812,1.29,1.38,1.29,1.31
20150813,1.31,1.33,1.26,1.29
20150814,1.32,1.37,1.24,1.24
20150817,1.25,1.31,1.19,1.24
20150818,1.24,1.26,1.22,1.25
20150819,1.23,1.25,1.13,1.16
20150820,1.16,1.21,1.13,1.18
20150821,1.19,1.19,1.08,1.09
20150824,0.98,1.14,0.84,1.08
20150826,1.15,1.16,1.08,1.11
20150827,1.15,1.28,1.15,1.26
20150828,1.23,1.32,1.23,1.3
20150831,1.29,1.49,1.2,1.46
20150901,1.36,1.38,1.22,1.24
20150902,1.26,1.27,1.15,1.23
20150903,1.23,1.3,1.19,1.23
20150904,1.21,1.22,1.18,1.21
20150907,1.21,1.21,1.21,1.21
20150908,1.2,1.2,1.12,1.19
20150909,1.18,1.2,1.1,1.1
20150910,1.1,1.12,1.01,1.02
20150911,1.0,1.01,0.94,0.97
20150914,0.98,0.98,0.9,0.92
20150915,0.92,0.98,0.91,0.94
20150916,0.96,1.03,0.96,1.0
20150917,1.02,1.1,0.99,1.08
20150918,1.07,1.12,1.02,1.12
20150921,1.14,1.14,1.05,1.05
20150922,1.01,1.06,1.01,1.03
20150923,1.04,1.04,0.94,0.94
20150924,0.95,0.97,0.91,0.94
20150925,0.96,0.97,0.9,0.9
20150928,0.88,0.9,0.85,0.85
20150929,0.85,0.87,0.85,0.87
20150930,0.87,0.89,0.85,0.86
20151001,0.89,0.92,0.81,0.84
20151002,0.82,0.92,0.78,0.92
20151005,0.86,0.98,0.85,0.96
20151006,1.0,1.11,0.98,1.09
20151007,1.16,1.2,1.12,1.13
20151008,1.13,1.25,1.11,1.2
20151009,1.25,1.27,1.15,1.16
20151012,1.17,1.18,1.06,1.09
20151013,1.06,1.15,1.05,1.1
20151014,1.1,1.13,1.05,1.08
20151015,1.06,1.13,1.05,1.11
20151016,1.14,1.15,1.07,1.08
20151019,1.06,1.06,0.99,1.0
20151020,1.0,1.03,0.96,0.99
20151021,0.97,0.98,0.91,0.92
20151022,0.95,0.95,0.9,0.9
20151023,0.91,0.95,0.9,0.91
20151026,0.92,0.92,0.85,0.86
20151027,0.86,0.86,0.8,0.82
20151028,0.86,0.92,0.83,0.89
20151029,0.89,0.95,0.87,0.93
20151030,0.93,1.01,0.91,0.99
20151102,0.96,1.04,0.95,1.02
20151103,1.04,1.12,1.04,1.09
20151104,1.12,1.13,1.01,1.04
20151105,1.01,1.05,0.99,1.0
20151106,1.0,1.01,0.95,0.96
20151109,0.96,1.01,0.94,0.96
20151110,0.94,0.98,0.94,0.95
20151111,0.94,0.95,0.88,0.88
20151112,0.85,0.89,0.82,0.84
20151113,0.83,0.9,0.82,0.84
20151116,0.85,0.99,0.83,0.97
20151117,0.96,0.96,0.87,0.87
20151118,0.9,0.92,0.87,0.88
20151119,0.88,0.89,0.85,0.86
20151120,0.86,0.87,0.82,0.82
20151123,0.82,0.85,0.81,0.81
20151124,0.84,0.85,0.83,0.84
20151125,0.83,0.88,0.82,0.85
20151126,0.85,0.85,0.85,0.85
20151127,0.83,0.85,0.82,0.82
20151130,0.82,0.88,0.82,0.86
20151201,0.85,0.91,0.84,0.91
20151202,0.88,0.95,0.85,0.86
20151203,0.88,0.91,0.87,0.89
20151204,0.86,0.87,0.82,0.86
20151207,0.83,0.83,0.78,0.78
20151208,0.78,0.83,0.75,0.8
20151209,0.8,0.92,0.8,0.88
20151210,0.85,0.93,0.84,0.91
20151211,0.86,0.88,0.82,0.84
20151214,0.81,0.86,0.77,0.77
20151215,0.79,0.81,0.76,0.76
20151216,0.75,0.79,0.7,0.74
20151217,0.74,0.74,0.7,0.73
20151218,0.7,0.74,0.7,0.72
20151221,0.72,0.78,0.72,0.75
20151222,0.75,0.77,0.72,0.73
20151223,0.75,0.79,0.75,0.79
20151224,0.79,0.8,0.77,0.79
20151225,0.79,0.79,0.79,0.79
20151228,0.78,0.79,0.72,0.72
20151229,0.76,0.77,0.73,0.74
20151230,0.72,0.72,0.7,0.7
20151231,0.7,0.74,0.68,0.73
20160101,0.73,0.73,0.73,0.73
20160104,0.75,0.77,0.73,0.77
20160105,0.77,0.78,0.74,0.76
20160106,0.74,0.77,0.72,0.74
20160107,0.71,0.73,0.69,0.69
20160108,0.71,0.71,0.65,0.69
20160111,0.67,0.69,0.57,0.58
20160112,0.6,0.61,0.5,0.53
20160113,0.55,0.57,0.5,0.51
20160114,0.51,0.57,0.48,0.55
20160115,0.49,0.55,0.49,0.54
20160118,0.54,0.54,0.54,0.54
20160119,0.53,0.56,0.5,0.51
20160120,0.5,0.56,0.45,0.56
20160121,0.54,0.59,0.52,0.59
20160122,0.57,0.6,0.55,0.59
20160125,0.57,0.64,0.55,0.55
20160126,0.55,0.64,0.55,0.64
20160127,0.62,0.7,0.61,0.68
20160128,0.72,0.76,0.69,0.74
20160129,0.77,0.83,0.75,0.83
20160201,0.79,0.81,0.77,0.8
20160202,0.76,0.77,0.72,0.74
20160203,0.79,0.83,0.7,0.83
20160204,0.8,0.83,0.76,0.77
20160205,0.77,0.79,0.74,0.74
20160208,0.72,0.75,0.72,0.73
20160209,0.72,0.73,0.67,0.68
20160210,0.67,0.72,0.65,0.67
20160211,0.63,0.68,0.6,0.67
20160212,0.7,0.78,0.7,0.75
20160215,0.75,0.75,0.75,0.75
20160216,0.78,0.78,0.71,0.72
20160217,0.73,0.77,0.73,0.77
20160218,0.79,0.8,0.75,0.76
20160219,0.74,0.75,0.72,0.72
20160222,0.77,0.79,0.76,0.76
20160223,0.76,0.77,0.7,0.72
20160224,0.7,0.76,0.68,0.75
20160225,0.75,0.77,0.68,0.68
20160226,0.72,0.76,0.71,0.74
20160229,0.76,0.77,0.72,0.75
20160301,0.76,0.78,0.75,0.77
20160302,0.76,0.88,0.76,0.88
20160303,0.87,0.92,0.83,0.84
20160304,0.86,0.97,0.86,0.94
20160307,0.96,1.03,0.96,1.0
20160308,1.01,1.02,0.9,0.94
20160309,1.01,1.01,0.94,1.0
20160310,0.98,1.0,0.96,1.0
20160311,1.01,1.07,0.95,0.98
20160314,0.95,0.96,0.89,0.91
20160315,0.87,0.95,0.87,0.94
20160316,0.96,1.01,0.93,0.96
20160317,1.02,1.04,1.0,1.0
20160318,1.02,1.16,0.99,1.13
20160321,1.13,1.13,0.97,0.98
20160322,0.99,1.01,0.97,0.98
20160323,1.03,1.09,1.01,1.04
20160324,0.99,1.07,0.97,1.07
20160325,1.07,1.07,1.07,1.07
20160328,1.09,1.1,1.03,1.06
20160329,1.05,1.09,1.03,1.09
20160330,1.1,1.2,1.1,1.17
20160331,1.19,1.33,1.18,1.31
20160401,1.22,1.29,1.2,1.23
20160404,1.2,1.24,1.15,1.18
20160405,1.16,1.16,1.08,1.11
20160406,1.14,1.21,1.11,1.17
20160407,1.18,1.2,1.12,1.16
20160408,1.21,1.26,1.2,1.24
20160411,1.24,1.29,1.24,1.24
20160412,1.26,1.32,1.24,1.32
20160413,1.32,1.35,1.27,1.27
20160414,1.26,1.28,1.21,1.24
20160415,1.22,1.27,1.18,1.26
20160418,1.18,1.27,1.18,1.25
20160419,1.29,1.35,1.29,1.35
20160420,1.33,1.39,1.31,1.38
20160421,1.34,1.36,1.31,1.35
20160422,1.38,1.56,1.37,1.47
20160425,1.47,1.51,1.38,1.4
20160426,1.44,1.49,1.41,1.49
20160427,1.51,1.55,1.48,1.52
20160428,1.52,1.58,1.5,1.54
20160429,1.55,1.64,1.52,1.64
20160502,1.62,1.64,1.54,1.59
20160503,1.54,1.55,1.43,1.47
20160504,1.48,1.54,1.4,1.41
20160505,1.51,1.55,1.44,1.46
20160506,1.45,1.62,1.44,1.6
20160509,1.59,1.59,1.52,1.56
20160510,1.55,1.63,1.54,1.6
20160511,1.61,1.64,1.55,1.62
20160512,1.64,1.69,1.6,1.61
20160513,1.6,1.67,1.58,1.66
20160516,1.73,1.92,1.71,1.89
20160517,1.89,2.03,1.88,2.0
20160518,2.0,2.08,1.85,1.87
20160519,1.78,1.85,1.7,1.82
20160520,1.85,1.91,1.78,1.79
20160523,1.78,1.86,1.71,1.83
20160524,1.83,1.83,1.73,1.78
20160525,1.81,1.91,1.8,1.9
20160526,1.96,1.98,1.83,1.83
20160527,1.8,1.8,1.68,1.74
20160530,1.74,1.74,1.74,1.74
20160531,1.74,1.82,1.73,1.75
20160601,1.72,1.79,1.69,1.76
20160602,1.74,1.81,1.7,1.8
20160603,1.83,1.85,1.8,1.83
20160606,1.85,1.9,1.85,1.89
20160607,1.92,1.96,1.89,1.95
20160608,2.01,2.05,1.96,1.98
20160609,1.91,1.99,1.89,1.94
20160610,1.9,1.92,1.79,1.79
20160613,1.76,1.97,1.74,1.86
20160614,1.86,1.96,1.86,1.92
20160615,1.88,1.91,1.82,1.85
20160616,1.82,1.82,1.71,1.79
20160617,1.83,1.89,1.76,1.79
20160620,1.87,1.88,1.81,1.84
20160621,1.83,1.86,1.8,1.85
20160622,1.86,1.88,1.77,1.8
20160623,1.82,1.9,1.8,1.9
20160624,1.76,1.83,1.75,1.77
20160627,1.75,1.79,1.68,1.7
20160628,1.75,1.81,1.75,1.77
20160629,1.77,1.86,1.77,1.84
20160630,1.83,1.85,1.81,1.84
20160701,1.84,1.92,1.84,1.87
20160704,1.87,1.87,1.87,1.87
20160705,1.82,1.84,1.77,1.78
20160706,1.76,1.82,1.75,1.8
20160707,1.82,1.86,1.75,1.77
20160708,1.8,1.8,1.74,1.76
20160711,1.76,1.8,1.74,1.74
20160712,1.79,1.84,1.76,1.81
20160713,1.77,1.81,1.75,1.78
20160714,1.79,1.8,1.76,1.78
20160715,1.79,1.79,1.72,1.74
20160718,1.72,1.72,1.66,1.69
20160719,1.66,1.69,1.59,1.59
20160720,1.57,1.61,1.52,1.58
20160721,1.58,1.64,1.54,1.55
20160722,1.51,1.55,1.49,1.53
20160725,1.5,1.51,1.39,1.41
20160726,1.37,1.51,1.36,1.5
20160727,1.51,1.57,1.43,1.47
20160728,1.46,1.5,1.43,1.46
20160729,1.45,1.55,1.44,1.5
20160801,1.47,1.48,1.41,1.44
20160802,1.48,1.53,1.41,1.47
20160803,1.44,1.5,1.44,1.5
20160804,1.47,1.57,1.46,1.57
20160805,1.53,1.54,1.44,1.48
20160808,1.49,1.57,1.49,1.53
20160809,1.53,1.55,1.47,1.5
20160810,1.49,1.55,1.46,1.48
20160811,1.48,1.53,1.47,1.49
20160812,1.49,1.51,1.45,1.47
20160815,1.48,1.56,1.48,1.55
20160816,1.56,1.67,1.54,1.64
20160817,1.63,1.65,1.58,1.6
20160818,1.61,1.69,1.61,1.67
20160819,1.68,1.71,1.63,1.68
20160822,1.63,1.65,1.58,1.6
20160823,1.59,1.66,1.59,1.62
20160824,1.6,1.63,1.54,1.55
20160825,1.56,1.56,1.49,1.55
20160826,1.54,1.59,1.5,1.51
20160829,1.5,1.52,1.49,1.5
20160830,1.53,1.54,1.45,1.48
20160831,1.47,1.49,1.41,1.44
20160901,1.42,1.45,1.41,1.43
20160902,1.46,1.5,1.46,1.48
20160905,1.48,1.48,1.48,1.48
20160906,1.48,1.65,1.48,1.58
20160907,1.57,1.64,1.57,1.63
20160908,1.65,1.77,1.64,1.74
20160909,1.69,1.7,1.58,1.59
20160912,1.56,1.64,1.53,1.56
20160913,1.55,1.56,1.5,1.53
20160914,1.5,1.52,1.45,1.47
20160915,1.47,1.5,1.44,1.44
20160916,1.42,1.47,1.4,1.46
20160919,1.47,1.5,1.44,1.45
20160920,1.43,1.46,1.41,1.45
20160921,1.46,1.52,1.45,1.51
20160922,1.54,1.58,1.51,1.53
20160923,1.5,1.54,1.44,1.45
20160926,1.46,1.49,1.43,1.44
20160927,1.41,1.45,1.38,1.42
20160928,1.41,1.55,1.38,1.55
20160929,1.57,1.61,1.53,1.56
20160930,1.58,1.62,1.55,1.59
20161003,1.61,1.7,1.56,1.66
20161004,1.65,1.67,1.61,1.61
20161005,1.66,1.7,1.65,1.66
20161006,1.68,1.73,1.66,1.68
20161007,1.7,1.73,1.65,1.66
20161010,1.67,1.73,1.63,1.63
20161011,1.7,1.74,1.68,1.74
20161012,1.73,1.74,1.69,1.7
20161013,1.68,1.73,1.67,1.72
20161014,1.73,1.73,1.68,1.68
20161017,1.67,1.68,1.6,1.6
20161018,1.62,1.7,1.62,1.68
20161019,1.7,1.77,1.7,1.75
20161020,1.7,1.76,1.7,1.73
20161021,1.69,1.74,1.68,1.71
20161024,1.69,1.71,1.65,1.69
20161025,1.68,1.71,1.62,1.63
20161026,1.62,1.66,1.59,1.64
20161027,1.62,1.68,1.62,1.66
20161028,1.64,1.68,1.63,1.66
20161031,1.62,1.64,1.55,1.56
20161101,1.59,1.59,1.53,1.56
20161102,1.54,1.54,1.48,1.51
20161103,1.49,1.49,1.39,1.4
20161104,1.39,1.4,1.31,1.32
20161107,1.34,1.41,1.34,1.38
20161108,1.38,1.4,1.36,1.37
20161109,1.35,1.43,1.33,1.37
20161110,1.36,1.38,1.3,1.31
20161111,1.3,1.3,1.22,1.25
20161114,1.27,1.29,1.22,1.25
20161115,1.32,1.39,1.3,1.37
20161116,1.37,1.39,1.34,1.37
20161117,1.37,1.41,1.34,1.36
20161118,1.36,1.38,1.33,1.34
20161121,1.39,1.44,1.37,1.44
20161122,1.44,1.45,1.38,1.4
20161123,1.37,1.41,1.37,1.37
20161124,1.37,1.37,1.37,1.37
20161125,1.37,1.38,1.34,1.35
20161128,1.35,1.36,1.31,1.34
20161129,1.32,1.32,1.25,1.29
20161130,1.39,1.52,1.38,1.52
20161201,1.58,1.67,1.55,1.57
20161202,1.57,1.6,1.53,1.55
20161205,1.57,1.63,1.56,1.6
20161206,1.56,1.59,1.53,1.58
20161207,1.55,1.6,1.53,1.57
20161208,1.57,1.59,1.55,1.58
20161209,1.58,1.64,1.57,1.62
20161212,1.71,1.76,1.65,1.66
20161213,1.69,1.69,1.62,1.66
20161214,1.62,1.65,1.53,1.54
20161215,1.52,1.66,1.51,1.62
20161216,1.62,1.66,1.62,1.63
20161219,1.62,1.65,1.6,1.61
20161220,1.62,1.65,1.61,1.63
20161221,1.62,1.65,1.6,1.64
20161222,1.61,1.62,1.52,1.54
20161223,1.52,1.54,1.39,1.41
20161226,1.41,1.41,1.41,1.41
20161227,1.4,1.43,1.34,1.4
20161228,1.41,1.48,1.4,1.47
20161229,1.45,1.48,1.44,1.45
20161230,1.44,1.47,1.42,1.42
