20120405,8.78,8.85,8.54,8.75
20120406,8.75,8.75,8.75,8.75
20120409,8.65,9.18,8.63,9.02
20120410,9.12,9.44,8.73,8.73
20120411,8.96,9.09,8.8,9.05
20120412,9.0,9.15,8.87,9.15
20120413,9.11,9.24,8.85,9.0
20120416,9.15,9.18,8.86,9.02
20120417,9.03,9.12,8.92,8.99
20120418,8.95,9.1,8.95,9.01
20120419,9.0,9.11,8.97,9.06
20120420,9.05,9.2,9.0,9.16
20120423,9.05,9.2,9.0,9.14
20120424,9.07,9.18,9.07,9.15
20120425,9.09,9.22,9.08,9.15
20120426,9.12,9.16,9.07,9.1
20120427,9.08,9.11,9.05,9.08
20120430,9.08,9.09,9.0,9.05
20120501,9.02,9.14,9.02,9.1
20120502,9.05,9.13,9.01,9.07
20120503,8.93,9.12,8.93,9.05
20120504,8.93,9.08,8.93,8.97
20120507,8.91,9.0,8.88,8.97
20120508,8.9,9.0,8.8,8.98
20120509,8.5,9.0,8.5,8.93
20120510,8.9,9.1,8.9,9.1
20120511,9.0,9.12,9.0,9.09
20120514,9.08,9.15,9.08,9.11
20120515,9.1,9.17,9.06,9.1
20120516,9.06,9.1,8.95,9.0
20120517,8.96,8.97,8.78,8.79
20120518,8.75,8.8,8.63,8.64
20120521,8.71,9.0,8.71,8.93
20120522,8.86,8.93,8.81,8.88
20120523,8.8,8.96,8.8,8.87
20120524,8.9,8.95,8.83,8.93
20120525,8.89,8.94,8.7,8.91
20120528,8.91,8.91,8.91,8.91
20120529,8.97,9.07,8.87,9.02
20120530,8.97,9.04,8.87,9.04
20120531,9.0,9.15,8.95,9.15
20120601,8.94,9.13,8.86,8.86
20120604,8.83,8.85,8.5,8.65
20120605,8.65,8.9,8.65,8.89
20120606,8.9,9.12,8.83,9.0
20120607,9.1,9.13,8.94,8.94
20120608,8.98,9.62,8.92,9.38
20120611,9.44,9.44,8.85,8.88
20120612,8.93,9.26,8.86,9.25
20120613,9.14,9.65,9.11,9.42
20120614,9.47,9.61,9.43,9.44
20120615,9.43,9.65,9.36,9.65
20120618,9.58,9.79,9.56,9.71
20120619,9.79,9.79,9.63,9.68
20120620,9.64,9.72,9.47,9.48
20120621,9.54,9.54,9.14,9.21
20120622,9.29,9.42,9.15,9.26
20120625,9.2,9.52,9.05,9.41
20120626,9.44,9.57,9.31,9.53
20120627,9.47,9.65,9.21,9.64
20120628,9.56,9.69,9.43,9.64
20120629,9.75,9.76,9.62,9.72
20120702,9.69,9.74,9.54,9.65
20120703,9.61,9.79,9.61,9.77
20120704,9.77,9.77,9.77,9.77
20120705,9.72,9.8,9.68,9.69
20120706,9.64,9.75,9.62,9.67
20120709,9.68,9.75,9.45,9.63
20120710,9.56,9.7,9.46,9.68
20120711,9.59,9.72,9.49,9.71
20120712,9.57,9.83,9.52,9.76
20120713,9.73,9.76,9.7,9.76
20120716,9.65,9.75,9.52,9.73
20120717,9.73,9.77,9.62,9.74
20120718,9.68,9.75,9.68,9.73
20120719,9.65,9.74,9.65,9.71
20120720,9.63,9.75,9.63,9.71
20120723,9.6,9.76,9.6,9.76
20120724,9.75,9.8,9.72,9.77
20120725,9.8,9.87,9.7,9.75
20120726,9.84,9.93,9.73,9.91
20120727,9.86,9.88,9.75,9.85
20120730,9.89,10.0,9.89,10.0
20120731,9.97,9.99,9.94,9.97
20120801,9.98,10.0,9.93,9.94
20120802,9.95,9.99,9.83,9.96
20120803,10.0,10.09,9.93,10.04
20120806,10.03,10.1,10.03,10.1
20120807,10.08,10.09,9.96,10.0
20120808,10.0,11.36,10.0,10.22
20120809,10.2,10.25,10.11,10.16
20120810,10.13,10.36,10.1,10.22
20120813,10.22,10.34,10.2,10.24
20120814,10.28,10.39,10.25,10.36
20120815,10.39,10.47,10.23,10.36
20120816,10.39,10.48,10.29,10.38
20120817,10.35,10.46,10.31,10.35
20120820,10.38,10.6,10.38,10.41
20120821,10.43,10.57,10.41,10.46
20120822,10.46,10.68,10.44,10.63
20120823,10.63,10.89,10.56,10.8
20120824,10.77,11.09,10.77,10.96
20120827,11.04,11.11,10.96,11.11
20120828,11.08,11.23,11.03,11.1
20120829,11.1,11.23,11.01,11.11
20120830,11.05,11.29,11.05,11.17
20120831,11.23,11.27,11.15,11.22
20120903,11.22,11.22,11.22,11.22
20120904,11.22,11.28,11.15,11.2
20120905,11.23,11.25,11.13,11.17
20120906,11.22,11.3,11.16,11.23
20120907,11.3,11.46,11.25,11.46
20120910,11.43,11.54,11.38,11.43
20120911,11.38,11.52,11.38,11.52
20120912,11.5,11.54,11.42,11.45
20120913,11.45,11.58,11.38,11.58
20120914,11.65,11.65,11.49,11.58
20120917,11.6,11.73,11.57,11.63
20120918,11.6,11.6,11.45,11.51
20120919,11.75,11.75,11.45,11.55
20120920,11.48,11.69,11.46,11.53
20120921,11.6,11.75,11.54,11.67
20120924,11.62,11.78,11.62,11.74
20120925,11.7,11.75,11.52,11.58
20120926,11.38,11.45,11.3,11.35
20120927,11.28,11.54,11.22,11.51
20120928,11.48,11.48,11.29,11.32
20121001,11.3,11.57,11.3,11.43
20121002,11.42,11.68,11.42,11.58
20121003,11.55,11.85,11.45,11.78
20121004,11.76,11.91,11.75,11.77
20121005,11.75,11.94,11.72,11.85
20121008,11.72,11.82,11.51,11.7
20121009,11.61,11.93,11.55,11.81
20121010,11.81,11.92,11.77,11.82
20121011,11.82,11.94,11.68,11.9
20121012,11.8,11.84,11.63,11.66
20121015,11.67,11.96,11.64,11.91
20121016,11.84,12.11,11.83,12.02
20121017,11.97,12.11,11.9,12.04
20121018,12.0,12.18,12.0,12.1
20121019,12.06,12.19,12.04,12.19
20121022,12.29,12.41,12.19,12.28
20121023,12.25,12.31,12.2,12.26
20121024,12.33,12.55,12.28,12.52
20121025,12.54,12.75,12.5,12.5
20121026,12.45,12.52,12.37,12.37
20121029,12.37,12.37,12.37,12.37
20121030,12.37,12.37,12.37,12.37
20121031,11.92,12.35,11.7,12.24
20121101,12.19,12.37,12.18,12.31
20121102,12.22,12.6,12.21,12.47
20121105,12.44,12.58,12.43,12.54
20121106,12.06,12.6,11.5,12.52
20121107,12.59,12.59,12.36,12.49
20121108,11.93,12.55,11.85,12.35
20121109,12.06,12.55,12.02,12.4
20121112,12.29,12.39,12.11,12.33
20121113,12.23,12.44,12.17,12.38
20121114,12.15,12.44,12.08,12.1
20121115,12.2,12.54,12.03,12.08
20121116,12.09,12.28,12.0,12.2
20121119,12.12,12.38,12.1,12.22
20121120,12.27,12.45,12.13,12.22
20121121,12.18,12.35,12.17,12.35
20121122,12.35,12.35,12.35,12.35
20121123,12.33,12.56,12.33,12.56
20121126,12.51,12.66,12.43,12.52
20121127,12.43,12.55,12.28,12.33
20121128,12.24,12.37,12.19,12.25
20121129,12.27,12.35,12.23,12.29
20121130,12.31,12.59,12.14,12.28
20121203,12.19,12.29,11.93,11.98
20121204,11.93,12.0,11.75,11.82
20121205,11.65,11.91,11.65,11.83
20121206,11.75,11.93,11.73,11.91
20121207,11.81,12.19,11.81,12.18
20121210,12.14,12.25,11.81,11.95
20121211,11.93,12.13,11.93,11.98
20121212,12.0,12.06,11.89,11.93
20121213,11.88,12.02,11.84,11.88
20121214,11.84,12.0,11.75,11.91
20121217,11.78,12.0,11.78,11.94
20121218,11.91,12.07,11.87,12.0
20121219,11.98,12.12,11.85,12.09
20121220,11.95,12.11,11.95,12.09
20121221,12.1,12.12,11.97,12.07
20121224,12.04,12.12,12.02,12.08
20121225,12.08,12.08,12.08,12.08
20121226,12.03,12.16,11.89,11.9
20121227,11.85,11.96,11.76,11.95
20121228,11.88,11.98,11.79,11.9
20121231,11.85,11.98,11.85,11.97
20130101,11.97,11.97,11.97,11.97
20130102,12.08,12.09,11.95,11.99
20130103,11.93,12.0,11.86,11.94
20130104,11.91,12.06,11.9,12.05
20130107,12.05,12.09,11.95,12.02
20130108,11.9,12.04,11.85,12.03
20130109,12.01,12.26,12.01,12.24
20130110,12.36,12.39,12.2,12.3
20130111,12.28,12.36,12.18,12.35
20130114,12.28,12.48,12.24,12.46
20130115,12.41,12.7,12.32,12.66
20130116,12.54,12.56,12.41,12.52
20130117,12.56,12.63,12.46,12.57
20130118,12.54,12.65,12.39,12.57
20130121,12.57,12.57,12.57,12.57
20130122,12.52,12.6,12.47,12.59
20130123,12.53,12.66,12.5,12.57
20130124,12.66,12.98,12.5,12.64
20130125,12.61,12.75,12.53,12.75
20130128,12.66,12.99,12.5,12.94
20130129,12.9,13.07,12.76,13.03
20130130,12.96,13.11,12.9,13.1
20130131,13.1,13.1,12.88,12.94
20130201,13.08,13.2,12.89,13.19
20130204,13.11,13.2,13.04,13.19
20130205,13.17,13.27,13.03,13.27
20130206,13.23,13.23,12.99,13.11
20130207,13.09,13.19,12.99,13.06
20130208,13.05,13.17,13.0,13.06
20130211,13.03,13.19,13.0,13.1
20130212,13.13,13.23,12.97,13.19
20130213,13.18,13.39,13.11,13.28
20130214,13.35,13.75,13.28,13.69
20130215,13.67,13.68,13.54,13.63
20130218,13.63,13.63,13.63,13.63
20130219,13.67,13.67,13.51,13.62
20130220,13.49,13.86,13.48,13.69
20130221,13.75,13.94,13.46,13.94
20130222,13.89,14.06,13.79,14.04
20130225,14.04,14.43,14.04,14.17
20130226,14.3,14.76,14.29,14.56
20130227,14.5,14.99,14.5,14.92
20130228,14.87,15.22,14.74,14.8
20130301,14.75,14.76,14.49,14.69
20130304,14.7,14.99,14.56,14.92
20130305,15.0,15.17,14.96,15.1
20130306,15.1,15.26,15.0,15.08
20130307,15.04,15.21,14.84,14.85
20130308,14.93,14.97,14.81,14.91
20130311,14.93,15.07,14.86,14.91
20130312,14.85,15.06,14.71,14.76
20130313,14.8,14.86,14.58,14.72
20130314,14.65,14.81,14.59,14.71
20130315,14.77,14.77,14.44,14.71
20130318,14.6,14.86,14.58,14.71
20130319,14.67,14.82,14.65,14.8
20130320,14.73,14.87,14.57,14.67
20130321,14.64,14.78,14.55,14.64
20130322,14.62,14.77,14.56,14.65
20130325,14.65,14.8,14.6,14.7
20130326,14.49,14.69,14.48,14.63
20130327,14.56,14.7,14.41,14.62
20130328,14.6,14.91,14.6,14.8
20130329,14.8,14.8,14.8,14.8
20130401,14.72,14.78,14.37,14.63
20130402,14.59,14.85,14.56,14.73
20130403,14.76,14.76,14.39,14.45
20130404,14.45,14.93,14.36,14.91
20130405,14.69,14.96,14.55,14.9
20130408,14.87,14.98,14.76,14.98
20130409,14.92,15.12,14.78,14.95
20130410,14.79,14.91,14.57,14.69
20130411,14.58,14.81,14.35,14.73
20130412,14.61,14.79,14.54,14.72
20130415,14.56,14.75,14.07,14.17
20130416,14.19,14.72,14.12,14.71
20130417,14.59,14.76,14.38,14.7
20130418,14.64,14.9,14.55,14.86
20130419,14.72,14.91,14.64,14.88
20130422,14.86,14.97,14.72,14.91
20130423,14.87,14.94,14.77,14.9
20130424,14.78,14.96,14.78,14.96
20130425,14.91,15.3,14.85,15.07
20130426,14.98,15.12,14.96,14.98
20130429,14.98,15.19,14.94,15.16
20130430,15.11,15.32,15.01,15.31
20130501,15.14,15.28,15.04,15.13
20130502,15.18,15.89,15.18,15.64
20130503,15.63,15.83,15.51,15.75
20130506,15.65,15.85,15.56,15.81
20130507,15.79,16.04,15.4,16.03
20130508,16.0,16.04,15.82,15.99
20130509,15.91,16.02,15.6,15.61
20130510,15.61,15.65,15.5,15.63
20130513,15.66,15.73,15.5,15.56
20130514,15.54,15.64,15.43,15.63
20130515,15.73,15.8,15.54,15.73
20130516,15.6,15.82,15.35,15.42
20130517,15.47,15.93,15.34,15.92
20130520,15.83,15.99,15.81,15.92
20130521,15.92,16.0,15.68,15.8
20130522,15.77,16.0,15.22,15.34
20130523,15.16,15.16,14.61,14.67
20130524,14.65,14.74,14.09,14.72
20130527,14.72,14.72,14.72,14.72
20130528,14.78,15.01,14.62,14.98
20130529,14.96,14.96,14.65,14.81
20130530,14.81,15.08,14.72,14.79
20130531,14.69,15.31,14.56,15.26
20130603,15.18,15.3,14.96,15.08
20130604,15.03,15.14,14.72,14.87
20130605,14.78,14.95,14.73,14.85
20130606,14.81,15.27,14.81,15.26
20130607,15.23,15.38,14.97,15.36
20130610,15.27,15.57,15.27,15.53
20130611,15.31,15.77,15.22,15.69
20130612,15.74,15.8,14.99,15.0
20130613,14.96,14.99,14.71,14.79
20130614,14.84,15.04,14.69,14.93
20130617,14.9,15.12,14.89,14.98
20130618,15.06,15.48,14.93,15.38
20130619,15.35,15.45,15.12,15.21
20130620,14.99,15.02,14.53,14.63
20130621,14.69,14.98,14.58,14.74
20130624,14.72,14.72,14.12,14.24
20130625,14.46,14.48,14.11,14.29
20130626,14.14,14.35,13.95,14.15
20130627,14.2,14.55,14.18,14.45
20130628,14.54,14.6,14.28,14.28
20130701,14.36,14.6,14.32,14.51
20130702,14.46,14.78,14.46,14.68
20130703,14.7,14.74,14.53,14.58
20130704,14.58,14.58,14.58,14.58
20130705,14.64,14.77,14.35,14.59
20130708,14.67,14.8,14.56,14.68
20130709,14.73,14.8,14.64,14.66
20130710,14.69,14.76,14.59,14.63
20130711,14.76,14.91,14.7,14.9
20130712,14.91,15.06,14.8,14.87
20130715,14.9,15.0,14.79,14.87
20130716,14.91,14.98,14.62,14.85
20130717,14.84,15.07,14.77,14.79
20130718,14.74,14.95,14.74,14.82
20130719,14.68,14.97,14.64,14.91
20130722,14.9,15.03,14.82,14.86
20130723,14.82,15.0,14.76,14.9
20130724,14.89,14.94,14.42,14.53
20130725,14.59,14.73,14.45,14.68
20130726,14.73,14.77,14.46,14.57
20130729,14.52,14.76,14.4,14.43
20130730,14.39,14.7,14.32,14.34
20130731,14.34,14.38,13.88,14.09
20130801,14.1,14.28,14.03,14.17
20130802,14.04,14.24,14.04,14.15
20130805,14.09,14.09,13.84,13.91
20130806,13.77,13.99,12.37,13.98
20130807,13.83,14.06,13.83,14.02
20130808,14.0,14.09,13.8,14.0
20130809,13.86,14.18,13.86,14.15
20130812,14.02,14.18,13.91,14.18
20130813,14.13,14.24,14.1,14.18
20130814,14.14,14.26,14.05,14.22
20130815,14.04,14.08,13.75,14.05
20130816,13.93,14.03,13.6,13.79
20130819,13.75,13.75,13.39,13.42
20130820,13.39,13.69,13.39,13.61
20130821,13.52,13.74,13.41,13.65
20130822,13.66,13.7,13.16,13.29
20130823,13.38,13.66,13.29,13.66
20130826,13.64,13.8,13.58,13.72
20130827,13.6,13.7,13.42,13.5
20130828,13.54,13.63,13.4,13.52
20130829,13.44,13.54,13.36,13.53
20130830,13.48,13.55,13.3,13.34
20130902,13.34,13.34,13.34,13.34
20130903,13.47,13.57,13.21,13.3
20130904,13.27,13.64,13.27,13.58
20130905,13.59,13.65,13.48,13.53
20130906,13.6,13.93,13.6,13.86
20130909,13.81,14.13,13.63,14.0
20130910,14.03,14.17,13.92,13.97
20130911,14.01,14.15,13.88,14.15
20130912,14.11,14.2,13.89,13.97
20130913,13.92,14.25,13.92,14.14
20130916,14.42,14.42,14.19,14.26
20130917,14.23,14.37,14.06,14.33
20130918,14.26,14.7,14.2,14.68
20130919,14.68,14.92,14.62,14.74
20130920,14.82,14.86,14.62,14.86
20130923,14.74,14.78,14.37,14.41
20130924,14.44,14.5,14.06,14.11
20130925,13.91,14.24,13.83,14.1
20130926,14.1,14.19,13.97,14.05
20130927,14.04,14.04,13.81,13.9
20130930,13.8,13.92,13.71,13.75
20131001,13.7,14.11,13.65,13.96
20131002,13.8,14.01,13.78,13.86
20131003,13.77,13.91,13.68,13.86
20131004,13.85,14.01,13.73,13.79
20131007,13.74,13.85,13.69,13.75
20131008,13.66,13.7,13.45,13.54
20131009,13.45,13.69,13.42,13.65
20131010,13.36,13.93,13.36,13.92
20131011,13.8,13.97,13.7,13.89
20131014,13.79,13.96,13.77,13.88
20131015,13.77,14.0,13.6,13.91
20131016,13.91,14.24,13.88,14.14
20131017,14.05,14.18,13.88,14.11
20131018,13.96,14.17,13.96,14.13
20131021,14.06,14.16,13.96,14.16
20131022,14.13,14.38,14.1,14.27
20131023,14.17,14.35,14.1,14.33
20131024,14.3,14.45,14.25,14.44
20131025,14.4,14.54,14.34,14.53
20131028,14.5,14.51,14.34,14.41
20131029,14.33,14.38,14.14,14.35
20131030,14.09,14.34,14.09,14.2
20131031,14.14,14.34,13.94,14.31
20131101,14.24,14.37,14.03,14.25
20131104,14.23,14.35,14.2,14.27
20131105,12.49,14.16,12.49,14.04
20131106,13.99,14.16,13.89,13.98
20131107,13.94,14.01,13.68,13.88
20131108,13.85,14.1,13.81,13.92
20131111,13.85,13.99,13.81,13.93
20131112,13.86,13.97,13.75,13.83
20131113,13.75,13.96,13.65,13.84
20131114,13.79,14.23,13.79,13.94
20131115,13.91,14.1,13.82,13.89
20131118,13.89,14.0,13.77,13.79
20131119,13.71,13.79,13.51,13.62
20131120,13.61,13.7,13.35,13.42
20131121,13.38,13.57,13.36,13.42
20131122,13.36,13.43,13.28,13.35
20131125,13.35,13.39,13.19,13.2
20131126,13.24,13.35,13.09,13.14
20131127,13.09,13.3,13.05,13.24
20131128,13.24,13.24,13.24,13.24
20131129,13.24,13.35,13.17,13.33
20131202,13.28,13.31,12.75,12.99
20131203,12.88,12.99,12.85,12.89
20131204,12.71,12.91,12.68,12.71
20131205,12.62,12.71,12.55,12.6
20131206,12.58,12.8,12.58,12.79
20131209,12.75,12.93,12.75,12.92
20131210,12.9,13.18,12.88,13.15
20131211,13.12,13.12,12.79,12.79
20131212,12.72,12.84,12.68,12.81
20131213,12.76,12.88,12.74,12.79
20131216,12.8,12.9,12.74,12.76
20131217,12.76,12.9,12.74,12.77
20131218,12.76,13.07,12.69,13.03
20131219,12.94,13.0,12.74,12.76
20131220,12.73,12.91,12.71,12.91
20131223,12.88,13.0,12.79,12.82
20131224,12.78,12.88,12.72,12.86
20131225,12.86,12.86,12.86,12.86
20131226,12.86,12.91,12.75,12.82
20131227,12.62,12.71,12.52,12.65
20131230,12.55,12.76,12.53,12.76
20131231,12.69,12.72,12.59,12.72
20140101,12.72,12.72,12.72,12.72
20140102,12.65,12.67,12.52,12.59
20140103,12.56,12.75,12.55,12.69
20140106,12.68,12.93,12.66,12.8
20140107,12.75,12.86,12.63,12.7
20140108,12.55,12.6,12.44,12.5
20140109,12.5,12.55,12.41,12.49
20140110,12.51,12.62,12.4,12.51
20140113,12.44,12.54,12.32,12.36
20140114,12.32,12.42,12.31,12.38
20140115,12.28,12.54,12.2,12.53
20140116,12.25,12.39,12.07,12.3
20140117,12.34,12.46,12.23,12.45
20140120,12.45,12.45,12.45,12.45
20140121,12.42,12.54,12.41,12.47
20140122,12.44,12.7,12.43,12.7
20140123,12.62,12.9,12.59,12.9
20140124,12.76,12.91,12.75,12.83
20140127,12.79,12.91,12.68,12.78
20140128,12.73,12.95,12.71,12.85
20140129,12.77,12.84,12.7,12.76
20140130,12.8,13.09,12.8,13.01
20140131,13.14,13.25,13.0,13.19
20140203,13.22,13.22,12.87,13.01
20140204,13.0,13.14,12.99,13.06
20140205,13.02,13.11,12.94,12.98
20140206,12.93,13.23,12.91,13.2
20140207,13.21,13.34,13.13,13.27
20140210,13.31,13.45,13.25,13.41
20140211,13.4,13.52,13.4,13.45
20140212,13.45,13.46,13.17,13.27
20140213,13.22,13.47,13.22,13.36
20140214,13.34,13.63,13.34,13.57
20140217,13.57,13.57,13.57,13.57
20140218,13.52,13.7,13.51,13.69
20140219,13.63,13.84,13.47,13.64
20140220,13.62,13.75,13.6,13.71
20140221,13.76,13.9,13.71,13.81
20140224,13.88,13.95,13.76,13.78
20140225,13.75,13.92,13.71,13.87
20140226,13.82,13.92,13.78,13.84
20140227,13.84,13.96,13.78,13.8
20140228,13.75,13.96,13.75,13.94
20140303,13.83,13.89,13.74,13.81
20140304,13.85,14.0,13.85,13.99
20140305,13.99,13.99,13.79,13.92
20140306,13.9,13.97,13.8,13.83
20140307,13.85,13.91,13.74,13.82
20140310,13.77,13.92,13.74,13.86
20140311,13.8,13.91,13.77,13.88
20140312,13.79,13.88,13.71,13.84
20140313,13.82,13.91,13.77,13.84
20140314,13.84,13.91,13.8,13.84
20140317,13.85,13.95,13.83,13.88
20140318,13.84,13.92,13.8,13.91
20140319,13.9,13.94,13.63,13.64
20140320,13.55,13.65,13.35,13.63
20140321,13.69,13.88,13.68,13.81
20140324,13.85,13.9,13.53,13.59
20140325,13.59,13.68,13.37,13.45
20140326,13.21,13.39,13.21,13.26
20140327,13.21,13.28,13.16,13.27
20140328,13.25,13.45,13.25,13.32
20140331,13.33,13.54,13.26,13.54
20140401,13.5,13.6,13.42,13.59
20140402,13.53,13.76,13.53,13.65
20140403,13.62,13.74,13.62,13.73
20140404,13.77,13.85,13.68,13.81
20140407,13.8,13.93,13.76,13.88
20140408,13.86,13.96,13.84,13.94
20140409,13.91,13.99,13.86,13.98
20140410,13.94,13.99,13.82,13.89
20140411,13.77,13.93,13.77,13.86
20140414,13.9,13.95,13.83,13.89
20140415,13.85,14.14,13.85,14.14
20140416,14.1,14.28,13.99,14.27
20140417,14.22,14.29,14.07,14.17
20140418,14.17,14.17,14.17,14.17
20140421,14.1,14.22,14.06,14.21
20140422,14.18,14.25,14.08,14.21
20140423,14.23,14.23,14.02,14.12
20140424,14.19,14.19,14.08,14.19
20140425,14.1,14.22,14.09,14.19
20140428,14.18,14.32,14.12,14.3
20140429,14.32,14.37,14.11,14.23
20140430,14.2,14.33,14.17,14.32
20140501,14.32,14.34,14.12,14.33
20140502,14.28,14.46,14.26,14.33
20140505,14.3,14.37,14.21,14.34
20140506,14.5,14.6,14.3,14.47
20140507,14.47,14.82,14.46,14.81
20140508,14.78,14.94,14.76,14.86
20140509,14.82,14.88,14.65,14.76
20140512,14.78,14.87,14.71,14.75
20140513,14.79,14.87,14.68,14.73
20140514,14.7,14.87,14.65,14.81
20140515,14.73,14.79,14.59,14.68
20140516,14.67,14.77,14.6,14.77
20140519,14.76,14.82,14.64,14.71
20140520,14.66,14.81,14.65,14.8
20140521,14.79,14.84,14.68,14.79
20140522,14.8,14.85,14.68,14.71
20140523,14.72,14.82,14.61,14.82
20140526,14.82,14.82,14.82,14.82
20140527,14.85,14.99,14.78,14.95
20140528,14.92,14.96,14.79,14.9
20140530,14.92,15.08,14.84,15.04
20140602,15.01,15.25,14.98,15.25
20140603,15.07,15.32,15.07,15.32
20140604,15.3,15.47,15.23,15.43
20140605,15.38,15.63,15.32,15.57
20140606,15.63,15.63,15.34,15.41
20140609,15.4,15.5,15.17,15.18
20140610,15.15,15.2,14.95,14.99
20140611,14.99,15.1,14.94,15.08
20140612,15.04,15.19,14.96,15.16
20140613,15.16,15.16,14.95,15.12
20140616,15.12,15.33,15.1,15.16
20140617,15.16,15.4,15.1,15.32
20140618,15.25,15.5,15.23,15.38
20140619,15.44,15.46,15.35,15.46
20140620,15.46,15.63,15.4,15.61
20140623,15.58,15.65,15.4,15.43
20140624,15.43,15.43,15.29,15.42
20140625,15.19,15.33,15.11,15.22
20140626,15.23,15.29,15.11,15.2
20140627,15.14,15.31,15.11,15.23
20140630,15.23,15.4,15.17,15.38
20140701,15.36,15.4,15.27,15.39
20140702,15.38,15.41,15.23,15.4
20140703,15.34,15.36,15.17,15.31
20140704,15.31,15.31,15.31,15.31
20140707,15.26,15.53,15.23,15.41
20140708,15.37,15.55,15.36,15.52
20140709,15.48,15.61,15.34,15.59
20140710,15.51,15.75,15.46,15.71
20140711,15.7,15.85,15.65,15.72
20140714,15.69,15.73,15.6,15.63
20140715,15.62,15.68,15.53,15.57
20140716,15.6,15.63,15.46,15.57
20140718,15.63,15.8,15.61,15.79
20140721,15.72,15.74,15.61,15.64
20140722,15.64,15.74,15.57,15.61
20140723,15.64,15.66,15.54,15.6
20140724,15.56,15.65,15.42,15.53
20140725,15.5,15.51,15.22,15.25
20140728,15.29,15.47,15.27,15.44
20140729,15.47,15.47,15.28,15.29
20140730,15.25,15.41,15.25,15.3
20140731,15.19,15.26,14.97,15.05
20140801,15.01,15.12,14.88,14.9
20140804,14.86,15.02,14.79,15.0
20140805,14.98,14.98,13.48,14.8
20140806,14.76,14.95,14.67,14.89
20140807,14.85,15.01,14.74,14.9
20140808,14.92,14.98,14.75,14.96
20140811,14.98,15.1,14.93,15.07
20140812,15.02,15.09,14.99,15.02
20140813,15.02,15.26,15.02,15.25
20140814,15.24,15.42,15.22,15.42
20140815,15.43,15.5,15.33,15.47
20140818,15.46,15.58,15.43,15.57
20140819,15.54,15.64,15.44,15.57
20140820,15.6,15.71,15.49,15.7
20140821,15.73,15.83,15.67,15.76
20140822,15.8,15.83,15.65,15.68
20140825,15.72,15.76,15.65,15.74
20140826,15.71,15.8,15.68,15.72
20140827,15.72,15.77,15.69,15.74
20140828,15.72,15.83,15.62,15.81
20140829,15.83,15.89,15.74,15.82
20140901,15.82,15.82,15.82,15.82
20140902,15.86,15.92,15.75,15.9
20140903,15.92,15.97,15.85,15.88
20140904,15.91,16.11,15.84,15.88
20140905,15.91,16.05,15.89,15.99
20140908,15.99,16.15,15.99,16.02
20140909,16.03,16.08,15.94,15.98
20140910,15.91,15.92,15.64,15.71
20140911,15.72,15.75,15.6,15.68
20140912,15.65,15.65,15.21,15.32
20140915,15.3,15.41,15.15,15.18
20140916,15.27,15.39,15.23,15.34
20140917,15.42,15.52,15.25,15.27
20140918,15.31,15.37,15.11,15.12
20140919,15.23,15.46,15.16,15.44
20140922,15.38,15.4,14.92,14.97
20140923,14.95,15.03,14.78,14.79
20140924,14.6,14.68,14.47,14.57
20140925,14.6,14.6,14.39,14.43
20140926,14.42,14.66,14.34,14.65
20140929,14.59,14.64,14.45,14.64
20140930,14.61,14.72,14.51,14.63
20141001,14.62,14.78,14.52,14.69
20141002,14.64,14.7,14.43,14.5
20141003,14.59,14.64,14.49,14.61
20141006,14.61,14.82,14.58,14.72
20141007,14.7,14.8,14.61,14.66
20141008,14.64,14.95,14.61,14.95
20141009,14.87,15.16,14.84,14.94
20141010,14.91,15.13,14.86,14.92
20141013,14.96,15.13,14.87,14.95
20141014,14.97,15.26,14.97,15.12
20141015,15.03,15.25,14.92,15.02
20141016,14.9,15.18,14.86,15.13
20141017,15.25,15.25,14.98,15.04
20141020,15.06,15.29,14.98,15.25
20141021,15.32,15.48,15.25,15.48
20141022,15.47,15.57,15.37,15.42
20141023,15.53,15.6,15.4,15.55
20141024,15.5,15.64,15.47,15.57
20141027,15.56,15.72,15.55,15.68
20141028,15.6,15.75,15.3,15.4
20141029,15.34,15.52,15.28,15.43
20141030,15.36,15.48,15.29,15.48
20141031,15.52,15.7,15.44,15.69
20141103,15.72,15.88,15.69,15.79
20141104,15.82,15.88,15.71,15.87
20141105,15.88,15.9,15.71,15.83
20141106,15.78,15.88,15.56,15.61
20141107,15.57,15.68,15.48,15.53
20141110,15.52,15.75,15.45,15.72
20141111,15.74,15.85,15.64,15.73
20141112,15.69,15.75,15.55,15.63
20141113,15.63,15.75,15.57,15.59
20141114,15.61,15.64,15.4,15.48
20141117,15.45,15.62,15.44,15.57
20141118,15.63,15.77,15.53,15.62
20141119,15.63,15.7,15.51,15.51
20141120,15.45,15.66,15.45,15.64
20141121,15.74,15.76,15.64,15.69
20141124,15.69,15.9,15.67,15.79
20141125,15.79,15.96,15.75,15.96
20141126,15.93,16.12,15.9,16.08
20141127,16.08,16.08,16.08,16.08
20141128,16.12,16.28,16.04,16.07
20141201,15.97,16.28,15.97,16.05
20141202,16.0,16.32,15.92,16.25
20141204,16.29,16.52,16.23,16.42
20141205,16.35,16.41,16.22,16.27
20141208,16.31,16.55,16.3,16.32
20141209,16.22,16.54,16.22,16.46
20141210,16.49,16.54,16.22,16.31
20141211,16.43,16.46,16.29,16.33
20141212,16.28,16.41,16.19,16.19
20141215,16.28,16.31,16.07,16.18
20141216,16.22,16.47,16.07,16.25
20141217,16.25,16.59,16.22,16.57
20141218,16.35,16.61,16.34,16.61
20141219,16.6,16.65,16.37,16.49
20141222,16.54,16.77,16.48,16.77
20141223,16.61,16.72,16.41,16.44
20141224,16.41,16.56,16.33,16.52
20141225,16.52,16.52,16.52,16.52
20141226,16.51,16.67,16.51,16.59
20141229,16.58,16.79,16.58,16.73
20141230,16.7,16.93,16.66,16.87
20141231,16.92,16.99,16.65,16.69
20150101,16.69,16.69,16.69,16.69
20150102,16.73,16.9,16.7,16.85
20150105,16.8,16.99,16.74,16.92
20150106,16.99,17.2,16.95,17.14
20150107,17.15,17.56,17.1,17.54
20150108,17.56,17.69,17.32,17.5
20150109,17.45,17.64,17.35,17.48
20150112,17.54,17.65,17.47,17.63
20150113,17.66,17.68,17.42,17.57
20150114,17.48,17.77,17.39,17.65
20150115,17.68,17.82,17.55,17.8
20150116,17.8,18.09,17.64,18.03
20150119,18.03,18.03,18.03,18.03
20150120,17.99,18.13,17.92,18.02
20150121,18.02,18.02,17.78,17.79
20150122,17.93,18.21,17.77,18.21
20150123,18.21,18.24,17.98,18.03
20150126,17.33,18.0,17.31,18.0
20150127,17.93,18.11,17.93,18.05
20150128,18.03,18.17,17.91,17.95
20150129,17.99,18.09,17.8,18.05
20150130,17.97,18.0,17.66,17.69
20150202,17.72,17.72,17.24,17.63
20150203,17.62,17.81,17.53,17.76
20150204,17.76,17.84,17.64,17.82
20150205,17.82,17.96,17.78,17.9
20150206,17.85,17.88,17.3,17.35
20150209,17.31,17.44,17.22,17.27
20150210,17.26,17.35,17.02,17.22
20150211,17.27,17.35,17.11,17.15
20150212,17.21,17.35,17.08,17.29
20150213,17.3,17.34,17.06,17.15
20150216,17.15,17.15,17.15,17.15
20150217,16.92,17.28,16.59,17.0
20150218,16.57,16.62,16.28,16.5
20150219,16.5,16.52,15.94,16.02
20150220,15.96,16.2,15.96,16.06
20150223,16.11,16.29,16.09,16.22
20150224,16.19,16.19,15.8,15.82
20150225,15.84,16.01,15.76,15.81
20150226,15.76,15.79,15.55,15.72
20150227,15.73,15.95,15.59,15.83
20150302,15.88,16.11,15.83,16.04
20150303,16.01,16.05,15.88,16.02
20150304,16.0,16.12,15.92,15.95
20150305,15.95,16.23,15.95,16.01
20150306,15.88,15.95,15.48,15.55
20150309,15.53,15.68,15.42,15.63
20150310,15.6,15.73,15.55,15.66
20150311,15.61,15.68,15.53,15.58
20150312,15.61,15.83,15.57,15.73
20150313,15.73,15.76,15.65,15.7
20150316,15.75,15.96,15.71,15.72
20150317,15.71,15.81,15.68,15.73
20150318,15.7,16.06,15.6,16.06
20150319,15.98,16.19,15.9,16.01
20150320,16.1,16.35,16.0,16.34
20150323,16.35,16.47,16.13,16.14
20150324,16.07,16.15,15.91,15.93
20150325,15.82,15.95,15.62,15.65
20150326,15.62,15.69,15.44,15.48
20150327,15.49,15.65,15.44,15.61
20150330,15.68,16.03,15.6,16.0
20150331,15.98,16.14,15.91,16.03
20150401,15.99,16.0,15.78,15.94
20150402,15.95,16.16,15.89,16.1
20150403,16.1,16.1,16.1,16.1
20150406,16.1,16.18,16.0,16.12
20150407,16.16,16.16,15.89,15.89
20150408,15.97,16.04,15.87,15.96
20150409,15.91,15.92,15.64,15.67
20150410,15.79,16.14,15.77,15.85
20150413,15.8,15.82,15.65,15.72
20150414,15.78,15.8,15.61,15.61
20150415,15.62,15.63,15.44,15.45
20150416,15.41,15.51,15.28,15.41
20150417,15.38,15.44,15.2,15.3
20150420,15.31,15.38,15.22,15.25
20150421,15.31,15.42,15.2,15.25
20150422,15.2,15.52,15.2,15.52
20150423,15.48,15.54,15.37,15.5
20150424,15.51,15.62,15.43,15.54
20150427,15.54,15.68,15.54,15.6
20150428,15.56,15.69,15.44,15.62
20150429,15.46,15.55,15.24,15.3
20150430,15.22,15.24,15.01,15.11
20150504,15.27,15.43,15.23,15.34
20150505,15.3,15.38,14.75,14.96
20150506,14.94,15.09,14.82,15.09
20150507,15.09,15.45,15.04,15.37
20150508,15.51,15.8,15.51,15.57
20150511,15.49,15.65,15.41,15.51
20150512,15.4,15.88,15.31,15.79
20150513,15.73,15.76,15.17,15.2
20150514,15.26,15.58,15.26,15.54
20150515,15.61,15.84,15.6,15.69
20150518,15.61,15.78,15.58,15.65
20150519,15.54,15.66,15.53,15.57
20150520,15.54,15.71,15.52,15.59
20150521,15.63,15.63,15.37,15.43
20150522,15.38,15.55,15.34,15.43
20150525,15.43,15.43,15.43,15.43
20150526,15.43,15.45,15.31,15.35
20150527,15.35,15.4,15.24,15.38
20150528,15.35,15.39,15.23,15.27
20150529,15.26,15.34,14.98,15.0
20150601,15.02,15.28,14.97,15.16
20150602,15.16,15.26,15.02,15.2
20150603,15.05,15.24,14.94,14.99
20150604,14.96,15.03,14.89,14.98
20150605,14.82,14.99,14.17,14.84
20150608,14.86,14.86,14.71,14.72
20150609,14.69,14.73,14.5,14.52
20150610,14.55,14.66,14.44,14.51
20150611,14.57,14.63,14.48,14.52
20150612,14.44,14.55,14.32,14.39
20150615,14.41,14.47,14.33,14.38
20150616,14.41,14.69,14.34,14.68
20150617,14.71,14.84,14.59,14.84
20150618,14.82,15.12,14.82,15.05
20150619,15.06,15.06,14.88,14.9
20150622,14.93,14.96,14.75,14.8
20150623,14.71,14.75,14.47,14.5
20150624,14.38,14.41,14.17,14.18
20150625,14.14,14.3,13.83,14.26
20150626,14.24,14.33,14.15,14.22
20150629,14.21,14.37,14.02,14.04
20150630,14.16,14.16,13.93,13.93
20150701,13.91,14.32,13.86,14.32
20150702,14.41,14.52,14.36,14.38
20150703,14.38,14.38,14.38,14.38
20150706,14.31,14.66,14.31,14.64
20150707,14.69,14.91,14.69,14.82
20150708,14.74,14.89,14.7,14.79
20150709,14.8,14.94,14.55,14.57
20150710,14.58,14.85,14.58,14.72
20150713,14.75,14.97,14.72,14.83
20150714,14.85,14.9,14.71,14.76
20150715,14.69,14.73,14.52,14.59
20150716,14.65,14.8,14.61,14.68
20150717,14.67,14.71,14.5,14.57
20150720,14.53,14.68,14.52,14.59
20150721,14.57,14.67,14.49,14.5
20150722,14.51,14.63,14.51,14.53
20150723,14.54,14.57,14.23,14.37
20150724,14.33,14.43,14.29,14.37
20150727,14.37,14.5,14.29,14.35
20150728,14.34,14.42,14.27,14.33
20150729,14.29,14.69,14.28,14.64
20150730,14.61,14.61,14.4,14.47
20150731,14.58,14.73,14.53,14.56
20150803,14.57,14.71,14.54,14.67
20150804,14.63,14.82,14.51,14.58
20150805,14.8,14.82,14.59,14.75
20150806,14.73,14.9,14.55,14.9
20150807,14.86,15.04,14.71,15.02
20150810,15.07,15.08,14.82,14.93
20150811,14.93,15.22,14.87,15.09
20150812,15.02,15.14,14.92,15.11
20150813,15.09,15.2,14.92,15.14
20150814,15.09,15.21,15.04,15.2
20150817,15.19,15.29,15.09,15.28
20150818,15.26,15.39,15.18,15.31
20150819,15.25,15.34,15.14,15.22
20150820,15.2,15.2,14.97,15.0
20150821,14.9,14.94,14.63,14.63
20150824,13.23,14.2,13.23,13.75
20150826,13.68,13.86,13.46,13.8
20150827,13.88,14.16,13.75,14.06
20150828,14.05,14.07,13.84,14.01
20150831,13.98,13.98,13.6,13.65
20150901,13.47,13.65,13.26,13.4
20150902,13.5,13.57,13.38,13.43
20150903,13.46,13.61,13.36,13.45
20150904,13.33,13.36,13.1,13.19
20150907,13.19,13.19,13.19,13.19
20150908,13.36,13.5,13.2,13.46
20150909,13.55,13.67,13.27,13.29
20150910,13.29,13.52,13.24,13.28
20150911,13.25,13.5,13.22,13.49
20150914,13.53,13.59,13.45,13.54
20150915,13.55,13.77,13.42,13.73
20150916,13.72,14.03,13.69,14.01
20150917,13.95,14.48,13.92,14.28
20150918,14.07,14.42,14.0,14.22
20150921,14.26,14.37,14.21,14.3
20150922,14.1,14.27,14.05,14.09
20150923,14.01,14.11,13.8,14.1
20150924,14.0,14.05,13.79,13.98
20150925,14.01,14.14,13.88,14.0
20150928,13.91,13.93,13.68,13.83
20150929,13.87,13.98,13.76,13.88
20150930,14.0,14.1,13.86,14.09
20151001,14.09,14.14,13.95,14.14
20151002,14.1,14.1,13.79,14.06
20151005,14.11,14.32,14.08,14.27
20151006,14.28,14.31,13.97,14.16
20151007,14.2,14.33,14.09,14.33
20151008,14.32,14.49,14.27,14.48
20151009,14.46,14.55,14.39,14.55
20151012,14.54,14.72,14.53,14.64
20151013,14.56,14.62,14.38,14.49
20151014,14.49,14.52,14.37,14.47
20151015,14.49,14.5,14.35,14.48
20151016,14.48,14.63,14.48,14.56
20151019,14.51,14.74,14.47,14.74
20151020,14.65,14.79,14.62,14.72
20151021,14.75,14.83,14.67,14.72
20151022,14.74,14.99,14.68,14.99
20151023,14.96,15.14,14.75,15.06
20151026,15.06,15.08,14.93,15.03
20151027,15.04,15.2,15.0,15.2
20151028,15.17,15.36,14.99,15.26
20151029,15.22,15.28,15.09,15.18
20151030,15.19,15.24,14.96,14.97
20151102,14.99,15.31,14.92,15.3
20151103,15.23,15.3,15.05,15.13
20151104,15.11,15.45,15.1,15.18
20151105,15.17,15.26,14.99,15.18
20151106,14.96,15.01,14.64,14.66
20151109,14.56,14.69,14.34,14.52
20151110,14.57,14.93,14.57,14.93
20151111,15.0,15.05,14.84,14.94
20151112,14.91,14.95,14.77,14.79
20151113,14.78,14.86,14.55,14.58
20151116,14.57,14.79,14.42,14.78
20151117,14.71,14.89,14.53,14.75
20151118,14.74,14.97,14.72,14.94
20151119,14.95,15.11,14.88,14.92
20151120,14.96,15.15,14.96,15.12
20151123,15.13,15.28,15.08,15.22
20151124,15.14,15.29,15.02,15.26
20151125,15.26,15.31,15.09,15.18
20151126,15.18,15.18,15.18,15.18
20151127,15.2,15.42,15.2,15.38
20151130,15.38,15.48,15.2,15.3
20151201,15.33,15.6,15.33,15.57
20151202,15.51,15.6,15.24,15.26
20151203,15.21,15.26,14.82,14.83
20151204,14.82,15.03,14.75,14.93
20151207,14.9,14.96,14.72,14.82
20151208,14.75,14.89,14.67,14.76
20151209,14.69,14.84,14.58,14.69
20151210,14.71,14.85,14.48,14.51
20151211,14.42,14.61,14.4,14.5
20151214,14.41,14.5,14.23,14.41
20151215,14.43,14.61,14.21,14.51
20151216,14.58,14.77,14.5,14.73
20151217,14.73,14.78,14.49,14.66
20151218,14.63,14.69,14.51,14.57
20151221,14.44,14.52,14.26,14.42
20151222,14.39,14.73,14.39,14.63
20151223,14.67,14.84,14.56,14.84
20151224,14.85,14.89,14.74,14.78
20151225,14.78,14.78,14.78,14.78
20151228,14.77,14.79,14.56,14.77
20151229,14.82,14.97,14.8,14.94
20151230,14.92,14.99,14.85,14.89
20151231,14.89,14.89,14.71,14.77
20160101,14.77,14.77,14.77,14.77
20160104,14.74,14.75,14.56,14.64
20160105,14.74,15.16,14.66,15.15
20160106,15.03,15.32,15.03,15.31
20160107,15.1,15.19,14.91,14.91
20160108,14.96,15.03,14.63,14.65
20160111,14.69,14.78,14.57,14.74
20160112,14.8,14.8,14.51,14.68
20160113,14.69,14.82,14.63,14.65
20160114,14.68,14.76,14.57,14.58
20160115,14.54,14.59,14.36,14.4
20160118,14.4,14.4,14.4,14.4
20160119,14.78,15.0,14.6,14.87
20160120,14.77,14.83,14.32,14.6
20160121,14.73,14.83,14.48,14.5
20160122,14.67,15.09,14.62,15.03
20160125,15.02,15.23,14.92,14.92
20160126,15.01,15.26,14.96,15.25
20160127,15.21,15.23,14.89,14.95
20160128,15.02,15.26,14.97,15.09
20160129,15.19,15.53,14.97,15.51
20160201,15.45,15.99,15.32,15.89
20160202,15.87,15.87,15.63,15.71
20160203,15.65,16.08,15.62,15.91
20160204,15.9,15.94,15.6,15.62
20160205,15.58,15.76,15.47,15.48
20160208,15.38,15.38,14.86,15.03
20160209,14.88,15.07,14.8,14.9
20160210,14.99,15.13,14.86,14.86
20160211,14.6,14.73,14.54,14.57
20160212,14.57,14.75,14.55,14.66
20160215,14.66,14.66,14.66,14.66
20160216,14.39,14.82,14.39,14.81
20160217,14.62,14.93,14.37,14.38
20160218,14.42,14.44,14.16,14.26
20160219,14.22,14.29,14.02,14.22
20160222,14.32,14.54,14.25,14.26
20160223,14.18,14.3,14.1,14.2
20160224,14.16,14.24,14.08,14.16
20160225,14.3,14.94,14.3,14.87
20160226,14.86,14.95,14.65,14.66
20160229,14.68,15.0,14.62,14.69
20160301,14.7,15.15,14.65,15.15
20160302,15.13,15.21,15.03,15.21
20160303,15.27,15.36,15.18,15.36
20160304,15.34,15.48,15.24,15.4
20160307,15.32,15.41,15.15,15.25
20160308,15.27,15.38,15.02,15.04
20160309,15.06,15.2,15.02,15.11
20160310,15.18,15.38,15.13,15.26
20160311,15.4,15.52,15.35,15.51
20160314,15.46,15.62,15.41,15.62
20160315,15.5,15.67,15.44,15.64
20160316,15.54,15.84,15.51,15.83
20160317,15.86,16.09,15.77,16.05
20160318,16.05,16.08,15.74,15.76
20160321,15.7,15.8,15.44,15.47
20160322,15.39,15.47,15.24,15.4
20160323,15.28,15.33,15.15,15.24
20160324,15.18,15.26,15.08,15.23
20160325,15.23,15.23,15.23,15.23
20160328,15.22,15.35,15.2,15.35
20160329,15.36,15.71,15.26,15.7
20160330,15.8,15.87,15.7,15.76
20160331,15.74,15.89,15.64,15.85
20160401,15.75,15.97,15.71,15.93
20160404,16.05,16.26,15.95,16.12
20160405,16.02,16.11,15.84,15.92
20160406,15.87,16.02,15.87,15.97
20160407,15.9,15.97,15.78,15.83
20160408,15.93,16.1,15.79,15.98
20160411,15.99,16.14,15.95,16.14
20160412,16.15,16.33,16.11,16.29
20160413,16.29,16.3,16.02,16.12
20160414,16.13,16.21,16.07,16.15
20160415,16.19,16.44,16.17,16.3
20160418,16.32,16.42,16.25,16.41
20160419,16.4,16.58,16.34,16.55
20160420,16.51,16.52,15.99,15.99
20160421,16.01,16.01,15.61,15.66
20160422,15.69,15.88,15.68,15.83
20160425,15.78,16.17,15.78,16.14
20160426,16.13,16.32,16.05,16.15
20160427,16.09,16.2,15.94,16.14
20160428,16.0,16.27,16.0,16.21
20160429,16.17,16.17,15.86,15.99
20160502,16.05,16.37,16.05,16.32
20160503,16.35,16.58,16.28,16.5
20160504,16.36,16.68,16.36,16.6
20160505,16.6,16.73,16.44,16.72
20160506,16.67,16.83,16.6,16.81
20160509,16.85,17.0,16.85,17.0
20160510,17.0,17.0,16.74,16.83
20160511,16.76,16.8,16.48,16.64
20160512,16.66,16.71,16.43,16.65
20160513,16.58,16.58,16.33,16.48
20160516,16.41,16.63,16.38,16.5
20160517,16.46,16.49,15.97,16.04
20160518,15.99,15.99,15.62,15.8
20160519,15.65,15.72,15.55,15.68
20160520,15.73,15.88,15.73,15.84
20160523,15.83,15.87,15.63,15.75
20160524,15.8,16.04,15.79,15.85
20160525,15.85,15.85,15.63,15.69
20160526,15.65,15.83,15.57,15.7
20160527,15.7,15.9,15.7,15.78
20160530,15.78,15.78,15.78,15.78
20160531,15.79,15.87,15.64,15.85
20160601,15.81,15.96,15.78,15.95
20160602,15.89,16.13,15.89,16.11
20160603,16.24,16.48,16.18,16.3
20160606,16.27,16.42,16.03,16.08
20160607,16.07,16.28,16.05,16.17
20160608,16.18,16.42,16.15,16.34
20160609,16.34,16.41,16.28,16.34
20160610,16.24,16.4,16.08,16.2
20160613,16.26,16.39,16.13,16.2
20160614,16.21,16.24,16.08,16.16
20160615,16.17,16.27,16.13,16.16
20160616,16.15,16.2,16.04,16.18
20160617,16.12,16.17,15.96,16.11
20160620,16.19,16.35,16.03,16.09
20160621,16.1,16.22,16.09,16.12
20160622,16.08,16.12,15.98,16.02
20160623,16.07,16.07,15.88,15.9
20160624,15.66,16.27,15.57,16.21
20160627,16.14,16.44,16.09,16.37
20160628,16.48,16.78,16.36,16.73
20160629,16.86,17.0,16.68,16.93
20160630,16.9,16.9,16.61,16.9
20160701,17.0,17.11,16.91,17.08
20160704,17.08,17.08,17.08,17.08
20160705,17.11,17.33,17.11,17.31
20160706,17.33,17.43,17.16,17.18
20160707,17.16,17.16,16.8,16.98
20160708,17.05,17.14,16.92,17.1
20160711,17.11,17.2,16.97,17.2
20160712,17.1,17.18,16.99,17.08
20160713,17.09,17.28,17.05,17.28
20160714,17.18,17.22,17.08,17.18
20160715,17.11,17.2,17.03,17.16
20160718,17.15,17.22,17.12,17.14
20160719,17.13,17.2,17.04,17.2
20160720,17.18,17.19,17.03,17.11
20160721,17.08,17.27,17.02,17.26
20160722,17.24,17.46,17.24,17.38
20160725,17.36,17.45,17.31,17.37
20160726,17.4,17.42,17.25,17.25
20160727,17.24,17.24,16.99,17.14
20160728,17.13,17.53,17.12,17.46
20160729,17.38,17.69,17.38,17.63
20160801,17.63,17.78,17.59,17.74
20160802,17.7,17.77,17.53,17.59
20160803,17.59,17.59,17.13,17.37
20160804,17.45,17.46,17.32,17.37
20160805,17.37,17.37,17.07,17.1
20160808,17.1,17.26,17.02,17.23
20160809,17.21,17.33,17.11,17.3
20160810,17.34,17.46,17.28,17.45
20160811,17.48,17.48,16.88,16.96
20160812,16.99,17.25,16.96,16.97
20160815,16.97,17.09,16.76,16.77
20160816,16.72,16.79,16.45,16.48
20160817,16.54,16.59,16.32,16.51
20160818,16.46,16.62,16.45,16.59
20160819,16.54,16.57,16.43,16.5
20160822,16.56,16.63,16.49,16.59
20160823,16.62,16.71,16.61,16.69
20160824,16.69,16.88,16.55,16.85
20160825,16.83,16.99,16.83,16.91
20160826,16.96,17.09,16.72,16.82
20160829,16.87,17.02,16.84,16.95
20160830,17.0,17.0,16.72,16.88
20160831,16.91,17.01,16.8,17.0
20160901,16.99,17.08,16.89,16.99
20160902,17.07,17.37,17.04,17.15
20160905,17.15,17.15,17.15,17.15
20160906,17.15,17.27,17.07,17.27
20160907,17.29,17.57,17.19,17.56
20160908,17.43,17.46,17.23,17.28
20160909,17.07,17.11,16.51,16.63
20160912,16.54,16.82,16.54,16.7
20160913,16.58,16.74,16.35,16.35
20160914,16.38,16.49,16.32,16.42
20160915,16.35,16.52,16.33,16.41
20160916,16.38,16.53,16.29,16.49
20160919,16.49,16.63,16.43,16.62
20160920,16.73,16.76,16.52,16.58
20160921,16.56,16.78,16.32,16.77
20160922,16.74,17.14,16.73,17.11
20160923,17.08,17.35,16.98,17.28
20160926,17.17,17.31,17.13,17.14
20160927,17.15,17.22,16.81,16.85
20160928,16.91,16.97,16.82,16.95
20160929,16.84,16.92,16.68,16.8
20160930,16.88,16.96,16.71,16.8
20161003,16.97,16.97,16.44,16.46
20161004,16.44,16.52,16.24,16.39
20161005,16.47,16.55,16.07,16.11
20161006,16.0,16.14,15.87,16.02
20161007,16.11,16.33,15.85,15.99
20161010,15.98,16.15,15.95,16.1
20161011,15.97,16.08,15.76,15.86
20161012,15.9,16.03,15.86,15.93
20161013,15.82,16.2,15.82,16.1
20161014,16.09,16.17,15.99,15.99
20161017,15.99,16.1,15.89,15.9
20161018,16.07,16.07,15.93,15.97
20161019,15.91,15.95,15.84,15.92
20161020,15.87,15.97,15.74,15.81
20161021,15.73,15.81,15.71,15.78
20161024,15.88,15.96,15.76,15.85
20161025,15.81,15.89,15.64,15.73
20161026,15.63,15.69,15.42,15.51
20161027,15.5,15.5,15.18,15.22
20161028,15.22,15.37,15.21,15.32
20161031,15.4,15.6,15.29,15.57
20161101,15.54,15.54,15.07,15.08
20161102,15.34,15.5,14.87,14.88
20161103,14.88,14.95,14.69,14.73
20161104,14.78,14.85,14.72,14.73
20161107,14.96,15.04,14.89,14.97
20161108,14.98,15.05,14.83,14.99
20161109,14.64,15.07,14.42,15.02
20161110,14.96,15.15,14.59,14.96
20161111,14.94,15.23,14.93,15.03
20161114,14.96,15.23,14.94,15.16
20161115,15.28,15.45,15.01,15.11
20161116,15.04,15.2,15.02,15.19
20161117,15.21,15.27,15.01,15.03
20161118,15.06,15.18,15.0,15.09
20161121,15.15,15.27,15.01,15.07
20161122,15.11,15.33,15.11,15.24
20161123,15.11,15.21,15.03,15.18
20161124,15.18,15.18,15.18,15.18
20161125,15.19,15.41,15.19,15.3
20161128,15.35,15.49,15.25,15.34
20161129,15.36,15.55,15.36,15.49
20161130,15.35,15.46,15.14,15.26
20161201,15.15,15.25,14.96,15.03
20161202,15.11,15.38,15.11,15.18
20161205,15.23,15.29,15.04,15.16
20161206,15.24,15.33,15.08,15.11
20161207,15.17,15.43,15.17,15.3
20161208,15.23,15.59,15.22,15.55
20161209,15.55,15.66,15.44,15.47
20161212,15.37,15.46,15.28,15.38
20161213,15.48,15.61,15.26,15.6
20161214,15.62,15.68,15.27,15.28
20161215,15.25,15.38,15.01,15.07
20161216,15.25,15.46,15.12,15.14
20161219,15.17,15.3,15.15,15.16
20161220,15.0,15.38,14.89,15.29
20161221,15.3,15.46,15.09,15.09
20161222,15.08,15.19,14.98,15.08
20161223,15.09,15.18,15.01,15.09
20161226,15.09,15.09,15.09,15.09
20161227,15.07,15.18,15.04,15.11
20161228,15.15,15.16,14.99,15.03
20161229,15.03,15.24,14.98,15.21
20161230,15.16,15.42,15.15,15.33
20170102,15.33,15.33,15.33,15.33
20170103,15.4,15.45,15.23,15.34
20170104,15.4,15.67,15.35,15.61
20170105,15.54,15.73,15.4,15.64
20170106,15.62,15.7,15.53,15.54
20170109,15.51,15.51,15.18,15.2
20170110,15.18,15.26,15.04,15.09
20170111,15.05,15.12,15.01,15.05
20170112,15.01,15.09,14.89,15.06
20170113,15.05,15.18,15.0,15.07
20170116,15.07,15.07,15.07,15.07
20170117,15.05,15.18,15.01,15.16
20170118,15.13,15.2,15.04,15.16
20170119,15.07,15.13,14.99,15.07
20170120,15.06,15.14,14.97,15.12
20170123,15.09,15.24,15.05,15.22
20170124,15.21,15.3,15.1,15.2
20170125,15.18,15.24,15.02,15.07
20170126,15.08,15.15,14.98,15.02
20170127,15.0,15.02,14.76,14.79
20170130,14.76,14.83,14.66,14.76
20170131,14.76,15.03,14.7,14.97
20170201,14.91,15.04,14.66,14.67
20170202,14.7,14.94,14.66,14.92
20170203,15.01,15.06,14.8,14.9
20170206,14.9,14.94,14.8,14.9
20170207,14.88,15.03,14.7,14.96
20170208,15.0,15.14,14.88,15.12
20170209,15.11,15.17,15.03,15.12
20170210,15.11,15.3,15.11,15.23
20170213,15.27,15.33,15.15,15.19
20170214,15.16,15.16,15.01,15.1
20170215,15.05,15.18,14.82,15.03
20170216,14.99,15.12,14.99,15.04
20170217,15.04,15.11,14.96,15.07
20170220,15.07,15.07,15.07,15.07
20170221,15.15,15.65,15.11,15.57
20170222,15.55,15.63,15.47,15.56
20170223,15.59,15.66,15.39,15.59
20170224,15.55,15.62,15.48,15.58
20170227,15.56,15.81,15.56,15.69
20170228,15.64,15.66,15.31,15.41
20170301,15.4,15.45,15.22,15.26
20170302,15.19,15.3,15.1,15.23
20170303,15.2,15.32,14.93,15.08
20170306,15.11,15.12,14.83,14.84
20170307,14.83,14.9,14.59,14.61
20170308,14.51,14.53,14.19,14.48
20170309,14.48,14.56,14.0,14.13
20170310,14.26,14.33,13.88,13.94
20170313,14.04,14.32,14.03,14.22
20170314,14.16,14.39,14.11,14.37
20170315,14.37,14.81,14.36,14.69
20170316,14.65,14.75,14.59,14.6
20170317,14.65,14.71,14.53,14.62
20170320,14.63,14.69,14.55,14.6
20170321,14.57,14.6,14.36,14.51
20170322,14.51,14.59,14.16,14.35
20170323,14.18,14.52,14.18,14.4
20170324,14.39,14.47,14.32,14.4
20170327,14.34,14.47,14.06,14.14
20170328,14.15,14.21,13.97,14.15
20170329,14.17,14.2,14.07,14.2
20170330,14.2,14.3,14.07,14.3
20170331,14.28,14.44,14.25,14.42
20170403,14.42,14.5,14.35,14.47
20170404,14.42,14.49,14.34,14.35
20170405,14.39,14.44,14.28,14.3
20170406,14.3,14.41,14.2,14.37
20170407,14.4,14.41,14.22,14.22
20170410,14.22,14.38,14.16,14.36
20170411,14.38,14.52,14.33,14.41
20170412,14.41,14.5,14.32,14.4
20170413,14.4,14.44,14.31,14.42
20170414,14.42,14.42,14.42,14.42
20170417,14.43,14.62,14.43,14.62
20170418,14.62,14.67,14.58,14.62
20170419,14.58,14.69,14.58,14.67
20170420,14.69,14.7,14.56,14.64
20170421,14.65,14.65,14.45,14.52
20170424,14.59,14.61,14.1,14.3
20170425,14.29,14.36,14.17,14.29
20170426,14.26,14.27,13.77,13.77
20170427,13.8,13.86,13.55,13.59
20170428,13.53,13.59,13.24,13.34
20170501,13.32,13.43,13.17,13.36
20170502,13.35,13.48,13.3,13.48
20170503,13.48,13.51,13.07,13.15
20170504,12.82,13.3,12.63,13.03
20170505,13.04,13.25,12.98,13.21
20170508,13.21,13.27,12.86,13.0
20170509,12.97,13.0,12.74,12.85
20170510,12.85,13.17,12.78,13.11
20170511,12.81,13.09,12.81,13.01
20170512,13.0,13.03,12.72,12.73
20170515,12.75,12.91,12.49,12.78
20170516,12.76,12.76,12.39,12.39
20170517,12.39,12.7,12.3,12.65
20170518,12.64,12.65,12.45,12.62
20170519,12.59,12.84,12.54,12.71
20170522,12.59,12.84,12.57,12.58
20170523,12.51,12.67,12.51,12.58
20170524,12.31,12.78,12.31,12.73
20170525,12.84,12.91,12.72,12.83
20170526,12.85,12.87,12.53,12.64
20170529,12.64,12.64,12.64,12.64
20170530,12.62,12.66,12.34,12.34
20170531,12.36,12.4,12.2,12.3
20170601,12.3,12.49,12.2,12.38
20170602,12.46,12.57,12.3,12.34
20170605,12.25,12.32,12.11,12.18
20170606,12.19,12.42,12.06,12.3
20170607,12.34,12.69,12.31,12.64
20170608,12.66,12.66,12.34,12.36
20170609,12.37,12.69,12.28,12.53
20170612,12.53,12.88,12.53,12.83
20170613,12.8,13.06,12.68,12.92
20170614,13.03,13.03,12.64,12.74
20170615,12.65,12.99,12.65,12.88
20170616,12.88,12.88,12.16,12.24
20170619,12.24,12.36,12.11,12.18
20170620,12.18,12.26,11.95,12.1
20170621,12.1,12.12,11.68,11.83
20170622,11.62,12.0,11.61,11.92
20170623,11.91,12.15,11.88,12.12
20170626,12.15,12.44,12.08,12.31
20170627,12.22,12.4,12.22,12.28
20170628,12.34,12.48,12.32,12.32
20170629,12.23,12.52,12.22,12.36
20170630,12.43,12.48,12.11,12.21
20170703,12.26,12.62,12.24,12.6
20170704,12.6,12.6,12.6,12.6
20170705,12.58,12.58,12.1,12.13
20170706,12.06,12.21,11.96,12.02
20170707,12.04,12.15,11.97,12.11
20170710,12.16,12.19,12.01,12.01
20170711,12.1,12.18,11.94,12.1
20170712,12.21,12.365,12.145,12.29
20170713,12.32,12.49,12.24,12.45
20170714,12.54,12.69,12.53,12.64
20170717,12.64,12.765,12.6,12.72
20170718,12.72,12.76,12.59,12.73
20170719,12.75,12.93,12.69,12.85
20170720,12.92,12.92,12.765,12.78
20170721,12.83,12.88,12.58,12.74
20170724,12.7,12.83,12.59,12.75
20170725,12.75,13.0,12.69,12.99
20170726,13.02,13.18,12.96,13.12
20170727,13.09,13.55,13.03,13.54
20170728,13.54,13.625,13.38,13.41
20170731,13.42,13.42,13.05,13.23
20170801,13.27,13.56,13.23,13.48
20170802,13.63,13.74,13.3,13.41
20170803,13.42,13.52,13.25,13.28
20170804,13.31,13.49,13.26,13.45
20170807,13.46,13.52,13.33,13.49
20170808,13.46,13.6,13.395,13.56
20170809,13.64,13.64,13.47,13.56
20170810,13.52,13.58,13.38,13.38
20170811,13.29,13.31,13.11,13.19
20170814,13.27,13.485,13.19,13.42
20170815,13.34,13.38,13.03,13.08
20170816,13.12,13.23,13.03,13.13
20170817,13.09,13.21,13.05,13.11
20170818,13.07,13.09,12.85,13.08
20170821,13.09,13.27,13.02,13.23
20170822,13.22,13.29,13.07,13.07
20170823,13.1,13.245,13.035,13.19
20170824,13.25,13.505,13.14,13.18
20170825,13.25,13.44,13.18,13.39
20170828,13.38,13.42,13.06,13.07
20170829,13.05,13.15,12.95,12.97
20170830,12.97,13.21,12.855,13.18
20170831,13.23,13.35,13.13,13.33
20170901,13.32,13.49,13.215,13.39
20170904,13.39,13.39,13.39,13.39
20170905,13.4,13.47,13.28,13.39
20170906,13.41,13.67,13.41,13.6
20170907,13.65,13.72,13.5,13.66
20170908,13.62,13.68,13.5,13.55
20170911,13.59,13.71,13.54,13.61
20170912,13.58,13.78,13.385,13.45
20170913,13.46,13.52,13.3,13.38
20170914,13.34,13.64,13.34,13.63
20170915,13.65,13.71,13.55,13.65
20170918,13.64,13.66,13.39,13.43
20170919,13.43,13.43,13.21,13.24
20170920,13.21,13.28,13.03,13.08
20170921,13.08,13.18,12.92,12.92
20170922,12.89,13.01,12.85,12.95
20170925,12.8,13.1,12.8,13.07
20170926,13.11,13.29,13.06,13.26
20170927,13.22,13.23,12.9,12.99
20170928,12.98,13.16,12.98,13.15
20170929,13.13,13.25,13.06,13.13
20171002,13.11,13.17,13.03,13.14
20171003,13.17,13.27,13.06,13.27
20171004,13.26,13.39,13.205,13.35
20171005,13.4,13.64,13.33,13.42
20171006,13.34,13.36,13.2,13.27
20171009,13.28,13.41,13.28,13.31
20171010,13.38,13.52,13.3,13.37
20171011,13.39,13.47,13.32,13.36
20171012,13.37,13.41,13.2,13.34
20171013,13.4,13.51,13.29,13.42
20171016,13.41,13.48,13.19,13.24
20171017,13.24,13.37,13.19,13.33
20171018,13.28,13.38,12.96,12.98
20171019,13.09,13.17,12.81,12.98
20171020,13.01,13.01,12.79,12.83
20171023,12.86,12.96,12.79,12.86
20171024,12.9,12.91,12.55,12.6
20171025,12.58,12.64,12.32,12.48
20171026,12.52,12.52,12.21,12.4
20171027,12.38,12.445,12.17,12.42
20171030,12.4,12.46,12.205,12.24
20171031,12.26,12.26,12.05,12.22
20171101,12.3,12.675,12.29,12.6
20171102,12.53,12.895,12.485,12.78
20171103,12.67,12.77,12.4,12.47
20171106,12.5,12.6,12.43,12.5
20171107,12.46,12.85,12.46,12.65
20171108,12.63,12.91,12.63,12.74
20171109,12.7,13.05,12.7,12.84
20171110,12.78,12.975,12.78,12.92
20171113,12.98,13.11,12.805,12.87
20171114,12.89,13.0,12.75,12.91
20171115,12.9,13.02,12.85,12.91
20171116,12.88,13.03,12.8,12.98
20171117,13.01,13.13,13.005,13.07
20171120,13.18,13.18,12.975,13.03
20171121,13.07,13.19,13.04,13.19
20171122,13.14,13.25,13.13,13.14
20171123,13.14,13.14,13.14,13.14
20171124,13.22,13.23,13.12,13.12
20171127,13.12,13.17,12.945,12.95
20171128,12.83,12.995,12.83,12.89
20171129,12.89,13.065,12.89,13.01
20171130,13.01,13.18,12.99,13.06
20171201,13.08,13.18,12.98,13.1
20171204,13.12,13.41,13.09,13.34
20171205,13.34,13.355,12.97,12.99
20171206,12.99,13.07,12.71,12.78
20171207,12.73,12.87,12.69,12.82
20171208,12.87,12.93,12.81,12.87
20171211,12.89,13.02,12.85,12.88
20171212,12.93,13.15,12.865,13.04
20171213,13.05,13.21,13.02,13.13
20171214,13.16,13.3,13.06,13.06
20171215,13.19,13.345,13.15,13.28
20171218,13.29,13.53,13.25,13.48
20171219,13.47,13.495,13.21,13.26
20171220,13.28,13.36,13.02,13.02
20171221,13.05,13.17,13.03,13.1
20171222,13.09,13.21,13.0,13.08
20171225,13.08,13.08,13.08,13.08
20171226,12.95,13.27,12.94,13.22
20171227,13.26,13.32,13.22,13.24
20171228,13.23,13.39,13.2,13.38
20171229,13.41,13.47,13.32,13.44
20180101,13.44,13.44,13.44,13.44
20180102,13.5,13.6,13.28,13.34
20180103,13.34,13.38,13.15,13.16
20180104,13.13,13.22,12.99,13.01
20180105,13.01,13.105,12.97,13.04
20180108,13.04,13.095,12.95,13.02
20180109,13.02,13.08,12.82,12.85
20180110,12.8,12.81,12.54,12.67
20180111,12.67,12.72,12.45,12.46
20180112,12.45,12.49,12.3,12.38
20180115,12.38,12.38,12.38,12.38
20180116,12.42,12.515,12.09,12.1
20180117,12.13,12.21,12.04,12.15
20180118,12.14,12.2,12.04,12.15
20180119,12.19,12.31,12.15,12.3
20180122,12.3,12.46,12.27,12.42
20180123,12.47,12.605,12.46,12.5
20180124,12.48,12.56,12.3,12.42
20180125,12.41,12.45,12.14,12.31
20180126,12.34,12.34,12.07,12.09
20180129,12.08,12.1,11.88,11.92
20180130,11.91,12.01,11.82,11.88
20180131,11.91,12.06,11.77,12.05
20180201,12.03,12.07,11.6,11.75
20180202,11.65,11.755,11.46,11.71
20180205,11.65,11.93,11.475,11.55
20180206,11.38,11.65,11.12,11.62
20180207,11.63,11.86,11.53,11.6
20180208,11.59,11.65,11.2,11.21
20180209,11.25,11.41,10.935,11.34
20180212,11.36,11.37,10.96,11.36
20180213,11.35,11.52,11.14,11.45
20180214,11.45,11.845,11.21,11.69
20180215,11.81,11.99,11.7,11.89
20180216,11.93,12.34,11.92,12.3
20180219,12.3,12.3,12.3,12.3
20180220,12.28,12.44,12.2,12.24
20180221,12.19,12.2,11.94,11.94
20180222,12.0,12.23,11.97,12.05
20180223,12.08,12.24,11.96,12.23
20180226,12.28,12.38,12.18,12.36
20180227,12.4,12.43,12.06,12.08
20180228,12.1,12.19,11.94,11.96
20180301,11.94,12.28,11.88,12.18
20180302,12.15,12.205,11.975,12.19
20180305,12.16,12.3,12.095,12.19
20180306,12.13,12.23,12.05,12.18
20180307,12.15,12.28,12.15,12.22
20180308,12.28,12.29,12.15,12.2
20180309,12.17,12.17,11.71,11.88
20180312,11.85,12.0,11.73,11.92
20180313,11.94,12.0,11.815,11.86
20180314,11.91,11.94,11.765,11.83
20180315,11.82,11.83,11.505,11.72
20180316,11.68,11.83,11.58,11.73
20180319,11.78,11.78,11.52,11.62
20180320,11.64,11.77,11.39,11.5
20180321,11.45,11.55,11.355,11.48
20180322,11.46,11.7,11.41,11.52
20180323,11.54,11.55,11.35,11.37
20180326,11.27,11.42,11.195,11.39
20180327,11.35,11.55,11.19,11.39
20180328,11.47,11.83,11.41,11.71
20180329,11.74,11.83,11.59,11.66
20180330,11.66,11.66,11.66,11.66
20180402,11.64,11.74,11.48,11.5
20180403,11.53,11.92,11.485,11.8
20180404,11.73,12.1,11.67,12.05
20180405,11.98,11.98,11.79,11.86
20180406,11.84,11.9,11.68,11.76
20180409,11.8,11.88,11.65,11.78
20180410,11.87,11.88,11.78,11.82
20180411,11.82,11.985,11.81,11.87
20180412,11.9,11.91,11.56,11.63
20180413,11.68,11.68,11.53,11.64
20180416,11.63,11.76,11.59,11.65
20180417,11.68,11.79,11.6,11.71
20180418,11.73,11.79,11.57,11.62
20180419,11.61,11.61,11.24,11.27
20180420,11.29,11.38,10.88,10.92
20180423,10.96,11.11,10.89,10.96
20180424,10.99,11.04,10.84,10.98
20180425,10.97,11.08,10.9,10.99
20180426,11.04,11.36,11.03,11.31
20180427,11.27,11.715,11.27,11.64
20180430,11.65,11.69,11.51,11.54
20180501,11.53,11.705,11.4,11.62
20180502,11.46,11.665,11.41,11.45
20180503,11.41,11.545,11.4,11.46
20180504,11.45,11.685,11.42,11.61
20180507,11.68,11.78,11.615,11.72
20180508,11.73,11.74,11.47,11.57
20180509,11.55,11.735,11.53,11.71
20180510,11.74,11.82,11.66,11.75
20180511,11.75,11.815,11.61,11.64
20180514,11.61,11.65,11.36,11.43
20180515,11.39,11.39,11.18,11.22
20180516,11.28,11.4,11.18,11.2
20180517,11.21,11.38,11.15,11.2
20180518,11.21,11.305,11.19,11.3
20180521,11.38,11.55,11.22,11.49
20180522,11.5,11.64,11.49,11.6
20180523,11.64,11.79,11.61,11.73
20180524,11.76,11.8,11.61,11.66
20180525,11.69,11.8,11.61,11.77
20180528,11.77,11.77,11.77,11.77
20180529,11.72,11.94,11.65,11.93
20180530,11.9,12.13,11.78,12.09
20180531,12.09,12.28,11.98,12.26
20180601,12.24,12.29,11.96,12.0
20180604,12.05,12.22,12.01,12.21
20180605,12.23,12.39,12.23,12.37
20180606,12.39,12.82,12.34,12.78
20180607,12.78,12.9,12.71,12.79
20180608,12.79,12.92,12.785,12.89
20180611,12.9,13.0,12.83,12.97
20180612,12.97,13.405,12.91,13.22
20180613,13.27,13.295,12.96,13.0
20180614,13.01,13.09,12.92,12.99
20180615,12.84,13.04,12.765,12.8
20180618,12.82,12.93,12.66,12.7
20180619,12.64,12.76,12.54,12.55
20180620,12.57,12.88,12.55,12.86
20180621,12.86,13.02,12.8,13.01
20180622,13.02,13.14,12.96,13.11
20180625,12.94,13.08,12.87,13.01
20180626,12.98,13.02,12.9,12.92
20180627,12.95,12.97,12.74,12.75
20180628,12.77,12.88,12.6,12.83
20180629,12.8,12.85,12.71,12.78
20180702,12.78,12.875,12.54,12.64
20180703,12.67,12.91,12.59,12.87
20180704,12.87,12.87,12.87,12.87
20180705,12.88,13.06,12.76,13.05
20180706,13.08,13.16,12.99,13.06
20180709,13.07,13.07,12.875,12.96
20180710,12.97,13.03,12.81,12.84
20180711,12.82,12.88,12.72,12.78
20180712,12.76,12.85,12.68,12.83
20180713,12.87,12.91,12.76,12.83
20180716,12.81,12.85,12.68,12.79
20180717,12.83,12.96,12.78,12.79
20180718,12.76,12.84,12.49,12.6
20180719,12.6,12.83,12.53,12.76
20180720,12.7,12.73,12.53,12.57
20180723,12.59,12.7,12.5,12.66
20180724,12.68,12.71,12.54,12.54
20180725,12.53,12.64,12.51,12.56
20180726,12.59,12.775,12.57,12.6
20180727,12.64,12.64,12.14,12.15
20180730,12.15,12.35,12.1,12.31
20180731,12.37,12.62,12.28,12.55
20180801,12.3,12.6,11.68,12.59
20180802,12.56,12.755,12.56,12.68
20180803,12.71,12.81,12.66,12.81
20180806,12.78,12.83,12.48,12.49
20180807,12.48,12.48,12.27,12.32
20180808,12.37,12.37,12.21,12.26
20180809,12.26,12.35,12.23,12.29
20180810,12.28,12.305,12.08,12.11
20180813,12.12,12.17,12.09,12.11
20180814,12.13,12.335,12.12,12.3
20180815,12.32,12.41,12.28,12.39
20180816,12.4,12.46,12.365,12.39
20180817,12.37,12.55,12.36,12.55
20180820,12.6,12.99,12.55,12.84
20180821,12.8,12.82,12.6,12.69
20180822,12.69,12.74,12.52,12.53
20180823,12.54,12.56,12.47,12.52
20180824,12.48,12.56,12.375,12.53
20180827,12.55,12.57,12.395,12.43
20180828,12.72,12.78,12.51,12.77
20180829,12.77,12.78,12.685,12.72
20180830,12.76,12.76,12.62,12.66
20180831,12.7,12.74,12.63,12.73
20180903,12.73,12.73,12.73,12.73
20180904,12.71,12.73,12.485,12.51
20180905,12.47,12.72,12.425,12.59
20180906,12.64,12.86,12.59,12.8
20180907,12.75,12.81,12.61,12.73
20180910,12.8,12.85,12.69,12.84
20180911,12.8,12.84,12.71,12.83
20180912,12.85,12.88,12.76,12.83
20180913,12.91,12.95,12.79,12.93
20180914,12.88,12.88,12.55,12.75
20180917,12.74,12.81,12.58,12.72
20180918,12.74,12.83,12.68,12.74
20180919,12.74,12.74,12.43,12.45
20180920,12.45,12.62,12.39,12.6
20180921,12.6,12.705,12.56,12.61
20180924,12.41,12.41,12.07,12.17
20180925,12.17,12.275,12.14,12.17
20180926,12.14,12.24,12.0,12.01
20180927,12.04,12.12,11.985,12.0
20180928,12.0,12.22,11.98,12.19
20181001,12.22,12.34,12.19,12.2
20181002,12.22,12.29,12.115,12.12
20181003,12.13,12.14,11.73,11.79
20181004,11.73,11.77,11.56,11.65
20181005,11.64,11.73,11.62,11.63
20181008,11.63,12.12,11.63,12.05
20181009,12.04,12.05,11.77,11.94
20181010,11.89,11.95,11.7,11.79
20181011,11.81,11.87,11.65,11.69
20181012,11.79,11.83,11.525,11.58
20181015,11.55,11.69,11.54,11.63
20181016,11.67,11.91,11.52,11.82
20181017,11.8,11.9,11.72,11.85
20181018,11.85,11.92,11.77,11.82
20181019,11.82,11.91,11.8,11.88
20181022,11.9,12.0,11.64,11.64
20181023,11.61,11.76,11.53,11.66
20181024,11.68,11.695,11.52,11.53
20181025,11.55,12.04,11.49,12.02
20181026,11.97,12.02,11.75,11.8
20181029,11.88,12.14,11.83,12.01
20181030,12.01,12.28,12.01,12.14
20181031,12.3,12.64,12.08,12.27
20181101,12.32,12.35,12.03,12.06
20181102,12.08,12.11,11.74,11.87
20181105,11.93,12.21,11.9,12.17
20181106,12.19,12.19,12.05,12.15
20181107,12.19,12.24,12.09,12.21
20181108,12.18,12.34,12.13,12.33
20181109,12.33,12.45,12.25,12.3
20181112,12.3,12.435,12.24,12.25
20181113,12.31,12.35,12.145,12.24
20181114,12.27,12.335,12.09,12.15
20181115,12.08,12.08,11.82,11.96
20181116,11.91,12.09,11.91,12.09
20181119,12.11,12.23,12.05,12.09
20181120,12.02,12.14,11.98,12.08
20181121,12.1,12.26,11.99,12.0
20181122,12.0,12.0,12.0,12.0
20181123,12.0,12.0,11.83,11.93
20181126,11.99,12.07,11.92,12.04
20181127,12.02,12.1,11.94,12.05
20181128,12.04,12.37,12.01,12.31
20181129,12.27,12.36,12.15,12.19
20181130,12.27,12.64,12.27,12.59
20181203,12.62,12.66,12.44,12.6
20181204,12.62,12.62,12.25,12.26
20181205,12.26,12.26,12.26,12.26
20181206,12.23,12.875,12.13,12.86
20181207,12.79,12.97,12.75,12.82
20181210,12.86,12.89,12.55,12.78
20181211,12.82,12.88,12.73,12.73
20181212,12.83,12.83,12.38,12.44
20181213,12.43,12.63,12.43,12.46
20181214,12.37,12.56,12.37,12.54
20181217,12.57,12.62,11.65,11.73
20181218,11.8,11.91,11.71,11.77
20181219,11.79,11.82,11.4,11.44
20181220,11.4,11.41,11.005,11.1
20181221,11.16,11.4,11.02,11.08
20181224,11.02,11.09,10.75,10.75
20181225,10.75,10.75,10.75,10.75
20181226,10.69,11.13,10.58,11.1
20181227,10.94,11.02,10.65,11.01
20181228,11.1,11.21,10.875,10.96
20181231,10.99,11.04,10.66,10.85
20190101,10.85,10.85,10.85,10.85
20190102,10.71,10.755,10.575,10.62
20190103,10.62,10.945,10.62,10.74
20190104,10.85,11.05,10.805,10.92
20190107,10.94,11.32,10.91,11.21
20190108,11.33,11.76,11.28,11.66
20190109,11.72,11.73,11.55,11.7
20190110,11.62,11.78,11.59,11.72
20190111,11.72,11.78,11.59,11.67
20190114,11.65,11.695,11.55,11.6
20190115,11.66,11.84,11.59,11.83
20190116,11.86,11.98,11.81,11.92
20190117,11.92,12.01,11.83,11.87
20190118,11.86,11.94,11.81,11.92
20190121,11.92,11.92,11.92,11.92
20190122,11.89,11.91,11.67,11.78
20190123,11.8,11.87,11.59,11.7
20190124,11.71,11.79,11.64,11.77
20190125,11.83,11.98,11.81,11.97
20190128,11.99,12.36,11.95,12.22
20190129,12.25,12.48,12.25,12.45
20190130,12.5,12.73,12.46,12.65
20190131,12.62,12.74,12.5,12.64
20190201,12.66,12.81,12.39,12.7
20190204,12.7,12.81,12.615,12.79
20190205,12.8,12.87,12.665,12.87
20190206,12.83,12.87,12.76,12.85
20190207,12.81,13.16,12.74,13.12
20190208,13.08,13.205,13.04,13.17
20190211,13.19,13.33,13.16,13.29
20190212,13.29,13.33,13.11,13.12
20190213,13.08,13.13,12.76,12.82
20190214,12.81,12.84,12.675,12.75
20190215,12.78,12.89,12.695,12.76
20190218,12.76,12.76,12.76,12.76
20190219,12.71,12.825,12.66,12.76
20190220,12.77,12.77,12.46,12.61
20190221,12.55,12.61,12.39,12.61
20190222,12.62,12.79,12.59,12.67
20190225,12.67,12.725,12.54,12.54
20190226,12.57,12.62,12.44,12.56
20190227,12.53,12.53,12.33,12.5
20190228,12.49,12.635,12.39,12.46
20190301,12.47,12.47,12.09,12.13
20190304,12.15,12.23,12.01,12.15
20190305,12.08,12.265,12.07,12.22
20190306,12.2,12.21,12.02,12.04
20190307,12.07,12.225,12.03,12.07
20190308,12.05,12.14,11.82,11.88
20190311,11.9,12.08,11.78,12.06
20190312,12.1,12.22,12.05,12.16
20190313,12.18,12.23,12.07,12.19
20190314,12.14,12.19,12.05,12.16
20190315,12.18,12.19,12.05,12.08
20190318,12.08,12.13,11.87,11.93
20190319,11.91,12.04,11.85,11.89
20190320,11.91,12.05,11.8,11.92
20190321,11.92,12.22,11.91,12.21
20190322,12.23,12.3,12.03,12.05
20190325,12.09,12.09,11.91,11.97
20190326,11.88,12.17,11.8639,12.17
20190327,12.16,12.16,11.96,12.06
20190328,12.05,12.29,12.025,12.28
20190329,12.33,12.33,12.16,12.19
20190401,12.24,12.24,12.02,12.24
20190402,12.22,12.31,12.01,12.3
20190403,12.25,12.29,12.15,12.19
20190404,12.17,12.29,12.17,12.23
20190405,12.27,12.46,12.2,12.43
20190408,12.43,12.45,12.31,12.35
20190409,12.33,12.36,12.27,12.32
20190410,12.37,12.63,12.33,12.52
20190411,12.55,12.66,12.4,12.47
20190412,12.45,12.6,12.39,12.6
20190415,12.57,12.61,12.42,12.45
20190416,12.43,12.48,12.01,12.1
20190417,12.13,12.13,11.98,12.03
20190418,12.02,12.2,11.97,12.18
20190419,12.18,12.18,12.18,12.18
20190422,12.08,12.11,11.7,11.87
20190423,11.91,12.12,11.81,12.07
20190424,12.12,12.365,12.11,12.24
20190425,12.15,12.33,12.08,12.26
20190426,12.3,12.42,12.24,12.38
20190429,12.39,12.42,12.17,12.19
20190430,12.24,12.35,12.12,12.29
20190501,12.16,12.66,12.16,12.56
20190502,12.6,12.81,12.44,12.63
20190503,12.63,12.775,12.51,12.74
20190506,12.64,12.75,12.605,12.66
20190507,12.6,12.69,12.25,12.38
20190508,12.38,12.55,12.33,12.35
20190509,12.33,12.51,12.29,12.48
20190510,12.49,12.65,12.43,12.64
20190513,12.54,12.635,12.465,12.5
20190514,12.53,12.61,12.43,12.6
20190515,12.58,12.64,12.52,12.64
20190516,12.6,12.72,12.56,12.64
20190517,12.58,12.63,12.465,12.59
20190520,12.6,12.6,12.335,12.43
20190521,12.44,12.575,12.42,12.53
20190522,12.54,12.54,12.4,12.46
20190523,12.34,12.45,12.27,12.37
20190524,12.44,12.48,12.34,12.43
20190527,12.43,12.43,12.43,12.43
20190528,12.46,12.53,12.23,12.23
20190529,12.19,12.24,11.88,11.94
20190530,11.93,12.06,11.86,11.87
20190531,11.79,11.98,11.67,11.89
20190603,11.96,11.98,11.74,11.9
20190604,11.92,11.975,11.75,11.92
20190605,11.95,12.24,11.93,12.23
20190606,12.26,12.28,12.04,12.2
20190607,12.27,12.285,12.08,12.11
20190610,12.12,12.12,11.98,12.08
20190611,12.08,12.165,11.97,12.08
20190612,12.06,12.15,12.03,12.08
20190613,12.11,12.25,12.06,12.25
20190614,12.29,12.35,12.21,12.24
20190617,12.28,12.375,12.24,12.28
20190618,12.35,12.42,12.22,12.32
20190619,12.29,12.43,12.23,12.38
20190620,12.48,12.48,12.29,12.31
20190621,12.27,12.27,12.07,12.16
20190624,12.07,12.1,11.76,11.76
20190625,11.78,11.89,11.67,11.68
20190626,11.7,11.725,11.41,11.41
20190627,11.42,11.65,11.42,11.63
20190628,11.67,11.88,11.58,11.76
20190701,11.84,11.85,11.43,11.68
20190702,11.74,11.83,11.64,11.8
20190703,11.84,11.97,11.835,11.95
20190704,11.95,11.95,11.95,11.95
20190705,11.83,12.0,11.66,11.97
20190708,11.98,12.06,11.94,12.03
20190709,12.0,12.09,11.94,12.09
20190710,12.12,12.17,12.03,12.11
20190711,12.1,12.11,11.83,11.91
20190712,11.9,11.98,11.84,11.9
20190715,11.97,11.99,11.83,11.85
20190716,11.74,11.86,11.74,11.76
20190717,11.8,11.86,11.59,11.72
20190718,11.71,11.76,11.58,11.64
20190719,11.65,11.685,11.43,11.48
20190722,11.53,11.605,11.41,11.54
20190723,11.56,11.8,11.5179,11.72
20190724,11.77,11.91,11.66,11.87
20190725,11.9,11.9,11.74,11.77
20190726,11.79,11.9,11.625,11.74
20190729,11.76,11.89,11.73,11.75
20190730,11.76,11.935,11.76,11.88
20190731,11.93,12.24,11.808,12.16
20190801,12.17,12.27,11.82,11.96
20190802,11.95,12.04,11.875,12.01
20190805,11.95,11.95,11.405,11.58
20190806,11.63,11.7,11.54,11.61
20190807,11.59,11.765,11.41,11.71
20190808,11.71,11.9,11.63,11.82
20190809,11.78,11.88,11.66,11.8
20190812,11.8,11.82,11.65,11.7
20190813,11.62,11.745,11.57,11.6
20190814,11.48,11.55,11.24,11.3
20190815,11.31,11.46,11.255,11.31
20190816,11.3,11.44,11.255,11.39
20190819,11.47,11.47,11.36,11.41
20190820,11.44,11.44,11.28,11.31
20190821,11.33,11.38,11.225,11.3
20190822,11.33,11.49,11.255,11.4
20190823,11.35,11.46,11.17,11.19
20190826,11.27,11.28,11.13,11.18
20190827,11.24,11.3,11.16,11.16
20190828,11.14,11.255,11.12,11.19
20190829,11.24,11.365,11.21,11.32
20190830,11.34,11.405,11.28,11.36
20190902,11.36,11.36,11.36,11.36
20190903,11.33,11.48,11.33,11.38
20190904,11.43,11.6,11.42,11.58
20190905,11.63,11.65,11.51,11.55
20190906,11.57,11.75,11.57,11.71
20190909,11.68,11.88,11.645,11.87
20190910,11.83,12.09,11.8,12.09
20190911,12.08,12.1325,11.94,12.12
20190912,12.18,12.19,11.94,12.0
20190913,12.0,12.09,11.76,11.91
20190916,11.92,11.96,11.8,11.96
20190917,11.97,12.025,11.82,12.02
20190918,12.06,12.06,11.885,11.95
20190919,12.01,12.07,11.94,11.98
20190920,11.99,12.11,11.94,11.94
20190923,11.9,12.06,11.9,11.97
20190924,12.04,12.14,11.93,12.11
20190925,11.99,12.22,11.98,12.19
20190926,12.25,12.42,12.17,12.41
20190927,12.42,12.48,12.3,12.39
20190930,12.38,12.44,12.3,12.32
20191001,12.33,12.38,12.11,12.31
20191002,12.3,12.41,12.17,12.4
20191003,12.39,12.46,12.25,12.4
20191004,12.42,12.55,12.4,12.5
20191007,12.46,12.595,12.43,12.55
20191008,12.54,12.67,12.45,12.54
20191009,12.6,12.64,12.48,12.54
20191010,12.56,12.67,12.54,12.63
20191011,12.66,12.86,12.655,12.75
20191014,12.73,12.81,12.685,12.79
20191015,12.78,12.92,12.74,12.86
20191016,12.84,12.91,12.8,12.86
20191017,12.85,13.0,12.84,12.93
20191018,12.91,13.1,12.88,13.09
20191021,13.08,13.3,13.065,13.28
20191022,13.29,13.42,13.24,13.41
20191023,13.41,13.5499,13.31,13.4
20191024,13.38,13.48,13.28,13.45
20191025,13.42,13.46,13.34,13.45
20191028,13.45,13.46,13.36,13.42
20191029,13.4,13.54,13.385,13.48
20191030,13.43,13.84,13.1966,13.8
20191031,13.8,13.845,13.67,13.76
20191101,13.8,14.14,13.73,14.11
20191104,14.14,14.22,14.02,14.13
20191105,14.1,14.16,13.8,13.83
20191106,13.85,14.085,13.83,13.91
20191107,13.88,13.95,13.77,13.81
20191108,13.76,13.82,13.72,13.74
20191111,13.72,13.855,13.675,13.84
20191112,13.86,13.905,13.7,13.71
20191113,13.72,13.83,13.68,13.74
20191114,13.75,14.01,13.74,14.0
20191115,14.0,14.03,13.89,13.97
20191118,13.95,14.1,13.945,14.1
20191119,14.12,14.14,14.03,14.07
20191120,14.07,14.08,13.8,13.88
20191121,13.92,13.92,13.72,13.72
20191122,13.75,13.77,13.535,13.63
20191125,13.65,13.81,13.61,13.75
20191126,13.75,13.97,13.705,13.94
20191127,13.93,14.2,13.88,14.19
20191128,14.19,14.19,14.19,14.19
20191129,14.2,14.26,14.18,14.23
20191202,14.3,14.3,13.86,13.92
20191203,13.89,14.045,13.86,13.96
20191204,13.93,14.115,13.9,14.04
20191205,14.02,14.095,13.83,13.91
20191206,14.0,14.01,13.84,13.89
20191209,13.88,13.935,13.75,13.88
20191210,13.89,13.96,13.76,13.79
20191211,13.86,13.86,13.55,13.57
20191212,13.59,13.675,13.27,13.29
20191213,13.32,13.385,12.99,13.1
20191216,13.1,13.255,13.01,13.22
20191217,13.25,13.265,12.99,13.06
20191218,13.11,13.31,13.09,13.22
20191219,13.28,13.38,13.21,13.38
20191220,13.4,13.42,13.27,13.29
20191223,13.34,13.37,13.24,13.26
20191224,13.18,13.18,13.07,13.07
20191225,13.07,13.07,13.07,13.07
20191226,13.11,13.285,13.11,13.23
20191227,13.27,13.31,13.235,13.26
20191230,13.23,13.33,13.19,13.32
20191231,13.3,13.445,13.26,13.4
20200101,13.4,13.4,13.4,13.4
20200102,13.42,13.45,12.97,13.02
20200103,12.93,13.09,12.91,13.07
20200106,13.03,13.18,12.98,13.1
20200107,13.03,13.07,12.84,12.92
20200108,12.97,12.99,12.8,12.86
20200109,12.89,12.895,12.68,12.75
20200110,12.76,12.875,12.71,12.83
20200113,12.83,12.89,12.76,12.85
20200114,12.84,12.93,12.755,12.93
20200115,12.95,13.09,12.87,13.07
20200116,13.12,13.23,13.07,13.16
20200117,13.17,13.18,13.07,13.12
20200120,13.12,13.12,13.12,13.12
20200121,13.16,13.32,13.11,13.29
20200122,13.34,13.38,13.21,13.32
20200123,13.3,13.33,13.205,13.24
20200124,13.25,13.25,13.03,13.1
20200127,13.06,13.06,12.88,12.93
20200128,12.94,12.98,12.82,12.87
20200129,12.92,12.92,12.67,12.71
20200130,12.67,12.74,12.18,12.28
20200131,12.26,12.275,12.06,12.15
20200203,12.2,12.38,12.14,12.29
20200204,12.33,12.51,12.24,12.4
20200205,12.39,12.5,12.36,12.45
20200206,12.5,12.53,12.38,12.39
20200207,12.39,12.46,12.31,12.32
20200210,12.41,12.63,12.35,12.61
20200211,12.65,12.665,12.38,12.39
20200212,12.41,12.41,12.26,12.34
20200213,12.31,12.47,12.31,12.43
20200214,12.45,12.71,12.37,12.7
20200217,12.7,12.7,12.7,12.7
20200218,12.73,12.8,12.6,12.62
20200219,12.5,12.5,11.77,11.84
20200220,11.85,12.2,11.84,12.12
20200221,12.09,12.245,12.07,12.21
20200224,12.06,12.31,12.03,12.09
20200225,12.04,12.075,11.425,11.53
20200226,11.54,11.55,11.18,11.19
20200227,11.03,11.16,10.6,10.63
20200228,10.43,10.55,10.06,10.47
20200302,10.56,10.72,10.205,10.69
20200303,10.44,10.895,10.36,10.58
20200304,10.73,10.95,10.57,10.67
20200305,10.46,10.5,10.185,10.34
20200306,10.04,10.21,9.86,10.07
20200309,9.54,9.83,9.34,9.37
20200310,9.65,9.65,8.875,9.59
20200311,9.35,9.35,8.6,8.79
20200312,8.19,8.42,7.65,8.0
20200313,8.34,8.52,7.47,8.02
20200316,7.29,7.42,5.5,5.5
20200317,5.63,5.65,4.43,4.77
20200318,4.5,4.5,3.01,3.01
20200319,3.0,4.49,2.87,4.0
20200320,4.03,5.83,4.03,4.79
20200323,4.77,4.77,4.11,4.58
20200324,4.87,5.2,4.62,4.99
20200325,4.88,5.8,4.78,5.34
20200326,5.38,5.4,4.605,5.26
20200327,5.1,5.22,4.8,5.07
20200330,5.01,5.1,4.43,4.97
20200331,4.92,5.19,4.52,5.17
20200401,4.89,5.04,4.475,4.73
20200402,4.72,4.98,4.39,4.81
20200403,4.78,4.82,4.5,4.62
20200406,4.71,5.38,4.69,4.82
20200407,4.89,5.635,4.89,5.34
20200408,5.46,5.51,5.1,5.34
20200409,5.6,6.015,5.26,5.49
20200413,5.55,5.63,5.1,5.31
20200414,5.48,5.61,5.21,5.5
20200415,5.27,5.39,4.96,5.12
20200416,5.11,5.21,4.6,4.62
20200417,4.8,5.285,4.8,5.16
20200420,5.12,5.12,4.54,4.61
20200421,4.45,4.61,4.28,4.32
20200422,4.14,4.525,4.14,4.46
20200423,4.46,4.935,4.42,4.68
20200424,4.71,4.78,4.44,4.75
20200427,4.77,5.28,4.72,5.21
20200428,5.41,5.89,5.41,5.68
20200429,5.87,6.64,5.87,6.38
20200430,6.26,6.3,5.925,6.2
20200501,5.96,6.115,5.72,5.9
20200504,5.69,5.875,5.5099,5.81
20200505,5.91,6.16,5.665,5.68
20200506,5.77,5.82,4.9,5.0
20200507,5.06,5.3,4.95,5.14
20200508,5.15,5.45,5.06,5.36
20200511,5.25,5.25,4.92,4.95
20200512,4.98,5.02,4.44,4.62
20200513,4.59,4.59,4.15,4.2
20200514,4.12,4.615,4.01,4.48
20200515,4.27,4.38,4.08,4.22
20200518,4.41,5.08,4.41,4.91
20200519,4.95,4.965,4.7,4.8
20200520,4.87,4.9,4.56,4.85
20200521,4.83,5.28,4.74,5.25
20200522,5.28,5.41,5.095,5.24
20200526,5.48,5.845,5.48,5.79
20200527,6.0,6.11,5.91,6.03
20200528,6.22,6.26,5.7,5.78
20200529,5.66,5.73,5.38,5.42
20200601,5.46,5.955,5.41,5.83
20200602,5.92,6.28,5.91,6.22
20200603,6.41,6.96,6.4,6.87
20200604,6.86,7.19,6.59,7.08
20200605,7.61,8.18,7.6,7.8
20200608,7.96,8.26,7.94,8.16
20200609,7.82,7.98,7.52,7.64
20200610,7.52,7.57,6.91,7.05
