20170505,24.05,27.2,24.03,26.5
20170508,26.01,27.03,26.01,26.85
20170509,27.5,28.0,27.35,27.7
20170510,27.7,27.8,27.35,27.5
20170511,27.35,27.5,27.3,27.49
20170512,26.75,27.25,26.0,27.07
20170515,27.44,27.79,27.11,27.79
20170516,27.39,28.0,24.36,27.28
20170517,31.33,31.33,27.08,27.26
20170518,27.25,27.25,26.5,27.13
20170519,27.2,29.2,27.2,28.0
20170522,28.76,28.76,27.57,28.01
20170523,28.01,28.74,27.75,27.8
20170524,26.63,28.5,26.63,28.24
20170525,28.1,28.1,27.5,28.06
20170526,28.5,29.98,27.17,29.9
20170529,29.9,29.9,29.9,29.9
20170530,28.56,29.88,27.6,29.17
20170531,29.1,29.4,27.39,27.69
20170601,28.5,29.49,27.7,29.0
20170602,28.95,29.5,27.74,29.05
20170605,28.67,29.05,27.02,29.05
20170606,29.02,29.25,28.04,29.0
20170607,29.0,29.0,27.8,28.58
20170608,28.15,29.57,28.15,28.84
20170609,28.2,29.27,28.17,28.31
20170612,28.95,29.7,28.95,29.0
20170613,28.97,29.89,28.18,28.93
20170614,29.36,29.8,28.85,29.54
20170615,29.42,29.45,28.18,29.05
20170616,28.85,29.51,28.85,28.94
20170619,29.0,29.23,28.36,28.58
20170620,28.31,29.0,27.37,27.37
20170621,27.48,28.2,25.44,26.25
20170622,26.25,26.25,25.3,25.82
20170623,25.93,28.4,25.01,25.83
20170626,25.85,26.25,24.57,24.81
20170627,24.89,25.05,24.78,24.95
20170628,25.19,26.18,25.19,25.78
20170629,26.66,27.06,25.12,26.75
20170630,27.0,27.01,25.78,26.16
20170703,26.2,27.03,25.81,26.74
20170704,26.74,26.74,26.74,26.74
20170705,26.56,27.05,25.84,26.9
20170706,26.85,26.85,26.05,26.1
20170707,26.46,26.46,25.43,26.15
20170710,25.81,25.81,25.0,25.63
20170711,25.82,26.82,25.2,26.69
20170712,27.05,27.05,26.21,26.42
20170713,26.4,26.4,25.61,26.0
20170714,26.02,26.02,25.38,25.47
20170717,25.49,25.49,25.18,25.27
20170718,25.15,25.92,25.09,25.37
20170719,25.58,25.58,25.36,25.5
20170720,25.64,25.64,24.75,25.3
20170721,25.25,25.25,24.725,24.94
20170724,24.98,25.63,24.98,25.49
20170725,25.5,25.5,25.15,25.36
20170726,25.24,25.48,25.14,25.14
20170727,25.18,25.25,25.02,25.07
20170728,25.25,25.25,25.01,25.12
20170731,25.25,25.25,25.01,25.03
20170801,25.07,25.16,24.71,24.88
20170802,24.89,25.0,24.0,24.0
20170803,23.12,23.81,23.01,23.4
20170804,23.26,23.75,22.77,22.86
20170807,22.1,22.31,21.85,22.0
20170808,21.3,23.09,21.11,23.08
20170809,24.55,24.55,22.96,22.97
20170810,22.15,22.96,22.12,22.54
20170811,22.65,22.65,21.81,21.87
20170814,21.97,22.74,21.97,22.62
20170815,22.72,22.72,22.05,22.19
20170816,21.71,22.125,21.18,21.32
20170817,21.15,21.39,21.03,21.19
20170818,21.02,21.17,21.01,21.17
20170821,21.0,21.21,20.69,21.13
20170822,21.2,21.64,21.0,21.23
20170823,21.12,21.21,20.75,21.1
20170824,21.12,21.12,20.58,20.95
20170825,21.03,22.05,20.83,22.03
20170828,21.2,21.61,21.0,21.33
20170829,21.5,21.655,19.89,20.32
20170830,20.68,21.25,20.05,21.25
20170831,21.39,21.76,21.22,21.64
20170901,21.91,21.91,21.07,21.58
20170904,21.58,21.58,21.58,21.58
20170905,21.41,21.895,21.22,21.66
20170906,22.03,22.69,21.4,22.47
20170907,22.25,22.6,21.855,22.55
20170908,22.21,22.67,21.75,22.3
20170911,22.25,22.87,22.24,22.5
20170912,21.5,23.74,21.4,23.29
20170913,24.11,24.11,23.52,23.97
20170914,23.75,24.02,23.01,23.97
20170915,24.29,24.52,23.56,24.26
20170918,24.28,24.5,23.17,23.36
20170919,23.48,23.48,22.11,22.4
20170920,23.44,23.44,22.48,22.63
20170921,22.45,22.61,22.25,22.28
20170922,21.4,23.11,21.21,23.02
20170925,23.1,23.1,22.07,22.19
20170926,22.21,23.39,22.21,23.23
20170927,23.96,23.99,23.43,23.99
20170928,24.16,24.16,23.56,24.05
20170929,24.4,25.19,24.2,24.55
20171002,24.04,24.49,24.04,24.39
20171003,24.58,24.99,24.49,24.85
20171004,24.8,24.8,23.74,24.05
20171005,24.31,24.31,23.56,23.68
20171006,23.78,23.9,23.07,23.29
20171009,23.07,23.705,23.07,23.19
20171010,23.3,23.62,22.74,23.24
20171011,23.3,23.37,22.94,22.97
20171012,22.05,22.99,22.03,22.36
20171013,22.48,22.695,22.16,22.35
20171016,22.33,23.1,22.33,22.55
20171017,22.69,22.99,22.655,22.9
20171018,22.9,23.5,22.61,22.7
20171019,22.500999999999998,22.565,22.21,22.38
20171020,22.59,22.74,22.39,22.51
20171023,22.25,22.28,21.75,21.78
20171024,21.9,22.2,21.9,22.02
20171025,22.09,22.29,21.98,22.01
20171026,21.98,22.1,21.85,22.0
20171027,22.0,22.62,21.53,22.33
20171030,22.41,22.41,21.73,21.85
20171031,21.99,23.16,21.84,22.49
20171101,22.83,22.96,22.26,22.27
20171102,22.46,22.64,21.81,22.06
20171103,22.1,22.1,21.76,21.85
20171106,22.11,22.48,21.88,21.97
20171107,22.89,24.37,22.395,23.67
20171108,23.84,23.84,23.2,23.45
20171109,23.45,24.01,23.26,23.73
20171110,23.75,23.97,23.4,23.43
20171113,23.5,23.695,23.11,23.15
20171114,23.01,23.1,22.46,22.7
20171115,22.57,22.57,22.12,22.25
20171116,22.3,22.83,22.05,22.33
20171117,22.29,22.99,22.29,22.66
20171120,22.74,23.07,22.58,22.66
20171121,23.07,23.265,22.45,22.63
20171122,22.64,22.65,22.24,22.3
20171123,22.3,22.3,22.3,22.3
20171124,22.38,22.94,22.22,22.88
20171127,22.9,22.9,22.1,22.2
20171128,22.7,23.29,22.36,22.55
20171129,22.49,23.41,22.49,22.57
20171130,22.63,22.9,22.49,22.64
20171201,22.49,23.42,22.49,22.87
20171204,23.07,24.67,23.07,23.71
20171205,23.85,24.32,23.85,23.91
20171206,23.77,24.26,23.24,23.26
20171207,23.31,23.82,22.67,22.82
20171208,22.81,23.67,22.61,23.46
20171211,23.45,24.17,23.45,23.98
20171212,24.08,24.74,24.02,24.11
20171213,24.27,24.4,23.91,24.09
20171214,24.07,24.2,23.23,23.49
20171215,23.54,24.1,23.43,23.97
20171218,24.03,24.5,23.88,23.88
20171219,24.55,24.74,24.19,24.42
20171220,24.69,24.82,24.47,24.6
20171221,24.6,24.7,24.2,24.45
20171222,24.49,26.18,24.49,25.49
20171225,25.49,25.49,25.49,25.49
20171226,25.74,26.49,25.74,26.06
20171227,26.32,27.365,26.09,27.16
20171228,27.23,28.72,27.23,28.58
20171229,28.83,29.99,28.09,29.72
20180101,29.72,29.72,29.72,29.72
20180102,30.0,30.68,29.39,30.2
20180103,30.1,30.64,30.0,30.41
20180104,30.49,30.5,29.855,30.39
20180105,30.27,31.0,29.9,30.66
20180108,30.73,30.9,29.84,30.8
20180109,30.9,33.11,30.75,32.41
20180110,32.7,32.93,32.14,32.5
20180111,32.42,33.14,32.42,32.47
20180112,32.76,33.21,32.6,32.82
20180115,32.82,32.82,32.82,32.82
20180116,33.01,33.01,30.84,30.96
20180117,31.15,31.55,30.0,31.48
20180118,31.81,32.37,31.53,32.29
20180119,31.78,32.98,31.15,32.24
20180122,32.08,32.29,31.25,31.45
20180123,31.57,32.51,31.42,32.23
20180124,32.27,32.75,32.145,32.5
20180125,32.42,32.6,32.29,32.51
20180126,32.54,32.82,32.35,32.39
20180129,32.25,32.25,30.97,31.37
20180130,31.04,31.31,30.28,31.06
20180131,31.32,31.34,30.54,30.7
20180201,30.68,31.13,30.33,31.01
20180202,30.64,30.76,30.25,30.5
20180205,30.09,30.85,30.02,30.03
20180206,29.5,31.27,28.96,29.59
20180207,29.49,29.73,29.05,29.34
20180208,29.29,30.28,28.43,28.78
20180209,28.9,28.9,26.73,27.68
20180212,27.71,28.27,27.51,27.96
20180213,27.96,28.1,27.73,27.74
20180214,27.6,28.37,27.35,27.85
20180215,28.11,28.11,27.23,27.77
20180216,27.61,28.14,27.25,27.61
20180219,27.61,27.61,27.61,27.61
20180220,27.67,27.99,27.33,27.66
20180221,27.64,28.095,27.46,27.51
20180222,27.56,28.82,27.41,27.99
20180223,28.0,28.03,27.61,27.97
20180226,28.04,29.05,28.0,28.87
20180227,28.91,28.91,28.26,28.47
20180228,28.55,28.64,27.68,27.77
20180301,29.0,30.5,28.01,29.06
20180302,28.75,29.29,28.13,28.75
20180305,28.59,29.4,28.35,28.39
20180306,28.35,28.48,27.79,28.18
20180307,28.0,28.49,27.86,28.18
20180308,28.11,28.5,27.065,28.27
20180309,28.25,29.16,28.25,28.91
20180312,28.92,29.87,28.92,29.27
20180313,29.42,29.74,28.46,29.4
20180314,29.53,29.6,29.17,29.3
20180315,29.3,29.31,28.79,28.95
20180316,29.06,30.53,29.06,29.93
20180319,29.77,29.77,28.13,28.31
20180320,28.28,28.8,28.02,28.28
20180321,28.33,29.45,28.33,28.87
20180322,28.64,29.5,27.43,27.5
20180323,27.71,29.69,27.71,28.85
20180326,29.12,29.17,28.51,29.11
20180327,29.1,29.1,28.65,28.82
20180328,29.18,29.18,28.18,28.62
20180329,28.76,29.2,28.38,29.1
20180330,29.1,29.1,29.1,29.1
20180402,29.09,29.09,27.95,28.62
20180403,28.62,29.03,28.055,28.66
20180404,28.28,28.88,28.01,28.34
20180405,28.42,29.82,28.41,29.6
20180406,29.46,30.0,29.4,30.0
20180409,30.3,31.155,30.24,30.52
20180410,31.0,32.0,30.8,31.41
20180411,31.23,31.73,31.22,31.41
20180412,31.45,31.665,31.05,31.16
20180413,31.25,31.29,30.72,30.97
20180416,31.16,32.295,30.76,31.83
20180417,31.95,32.35,31.78,31.97
20180418,32.21,33.91,32.09,33.13
20180419,33.22,34.76,32.87,32.92
20180420,32.73,33.35,32.02,33.26
20180423,33.18,33.26,32.67,32.73
20180424,32.76,33.07,31.77,31.83
20180425,32.86,32.87,31.14,31.49
20180426,31.55,31.7,30.78,30.9
20180427,30.87,31.14,29.26,29.41
20180430,29.42,31.0,29.42,30.65
20180501,30.45,30.93,30.2,30.75
20180502,30.69,31.62,30.32,31.35
20180503,31.25,31.25,30.2,30.42
20180504,30.43,31.24,30.33,30.64
20180507,30.78,31.46,30.2,30.43
20180508,30.24,31.25,30.2,31.01
20180509,30.98,31.505,30.372,30.71
20180510,30.63,30.78,30.18,30.2
20180511,30.09,30.095,28.45,28.6
20180514,28.44,29.15,28.44,28.63
20180515,28.49,29.255,28.49,28.73
20180516,28.71,28.91,28.465,28.83
20180517,28.85,31.2,28.85,30.3
20180518,30.37,30.55,29.31,29.43
20180521,29.48,30.26,28.85,29.12
20180522,29.21,29.78,28.14,28.14
20180523,28.09,29.0,27.82,28.83
20180524,28.72,29.2,28.45,29.01
20180525,28.77,28.77,27.28,27.43
20180528,27.43,27.43,27.43,27.43
20180529,27.27,28.38,27.27,27.92
20180530,28.01,29.65,28.01,29.1
20180531,29.12,29.64,28.18,28.76
20180601,28.83,28.83,28.06,28.78
20180604,28.73,29.24,27.15,27.46
20180605,27.36,28.04,27.1,27.68
20180606,27.63,28.18,27.42,28.07
20180607,28.43,29.66,28.43,28.65
20180608,28.56,28.56,27.07,27.58
20180611,27.67,28.05,27.27,27.63
20180612,27.58,27.88,27.04,27.54
20180613,27.47,27.71,27.07,27.18
20180614,27.12,27.45,25.88,26.42
20180615,26.27,26.86,25.945,26.43
20180618,26.36,27.18,26.3,26.78
20180619,26.74,27.48,26.5,27.08
20180620,27.22,27.5,26.98,27.47
20180621,27.44,27.64,26.1,26.42
20180622,26.92,27.0,25.66,26.35
20180625,26.22,27.85,26.05,27.21
20180626,27.18,29.37,27.18,28.53
20180627,28.69,29.23,28.38,29.01
20180628,28.99,29.04,28.12,28.53
20180629,28.58,29.1,28.11,28.88
20180702,28.68,28.83,28.11,28.83
20180703,28.97,29.29,28.75,29.29
20180704,29.29,29.29,29.29,29.29
20180705,29.25,29.29,28.93,28.99
20180706,29.04,29.82,28.99,29.78
20180709,30.0,31.0,29.84,30.81
20180710,31.0,31.16,30.13,30.54
20180711,30.37,30.94,30.15,30.17
20180712,30.24,30.6,29.11,30.37
20180713,30.39,31.145,30.24,30.68
20180716,30.56,31.0,30.215,30.86
20180717,30.76,30.88,29.96,29.96
20180718,29.88,30.3,29.77,30.16
20180719,30.1,30.92,30.1,30.72
20180720,30.79,30.98,30.32,30.34
20180723,30.2,30.79,30.18,30.3
20180724,30.46,31.35,30.29,30.8
20180725,30.69,30.8,30.14,30.37
20180726,30.32,30.61,29.86,30.0
20180727,29.9,30.59,29.16,29.16
20180730,29.24,30.22,29.0,29.84
20180731,30.2,31.16,29.56,30.47
20180801,30.44,30.67,29.83,30.61
20180802,30.54,31.0,30.23,30.93
20180803,30.94,30.94,30.14,30.26
20180806,30.4,30.72,30.11,30.35
20180807,30.44,31.22,30.44,31.0
20180808,31.23,31.35,29.075,29.66
20180809,29.55,31.53,29.55,31.14
20180810,31.0,31.6,30.26,30.46
20180813,30.52,31.34,29.81,30.17
20180814,30.36,31.09,30.31,30.49
20180815,30.35,30.35,29.16,29.65
20180816,29.65,30.17,29.52,29.97
20180817,30.02,31.03,29.89,30.9
20180820,30.85,31.86,30.85,31.09
20180821,31.19,31.94,30.83,30.92
20180822,31.06,31.645,30.62,30.97
20180823,30.91,30.91,30.34,30.35
20180824,30.42,30.9,30.3,30.37
20180827,30.42,30.49,30.04,30.09
20180828,30.11,30.89,29.34,29.97
20180829,29.97,30.48,29.82,30.43
20180830,30.42,30.91,30.33,30.67
20180831,30.68,30.88,30.19,30.86
20180903,30.86,30.86,30.86,30.86
20180904,30.82,31.36,30.37,30.37
20180905,30.3,30.8,30.05,30.48
20180906,30.52,30.74,29.31,29.4
20180907,29.34,29.63,28.79,28.9
20180910,28.99,29.11,27.48,27.83
20180911,27.87,29.1,27.73,28.87
20180912,28.87,29.32,28.56,28.85
20180913,28.9,29.09,28.21,28.42
20180914,28.41,28.5,28.01,28.18
20180917,28.26,28.33,27.95,27.95
20180918,28.04,28.35,27.76,28.24
20180919,28.17,28.395,27.5,27.67
20180920,27.81,27.99,27.135,27.39
20180921,27.39,28.51,27.39,28.51
20180924,28.55,29.52,28.55,29.02
20180925,28.63,28.7,26.69,26.86
20180926,26.91,27.36,26.52,26.6
20180927,26.67,27.205,26.55,27.06
20180928,26.96,27.03,26.51,26.67
20181001,26.74,27.005,26.3,26.57
20181002,26.62,26.88,26.36,26.7
20181003,26.97,28.04,26.49,27.77
20181004,27.7,27.7,26.96,27.39
20181005,27.43,28.32,27.22,27.73
20181008,27.72,28.68,27.55,28.3
20181009,28.25,29.07,28.25,28.76
20181010,28.85,28.85,28.2,28.59
20181011,28.6,28.93,28.33,28.73
20181012,28.98,29.06,28.51,28.99
20181015,29.0,29.85,29.0,29.52
20181016,29.64,29.87,28.9,29.49
20181017,29.47,29.5,28.835,29.15
20181018,29.06,29.06,28.56,28.65
20181019,28.65,29.3,28.65,28.95
20181022,29.03,29.43,28.69,29.3
20181023,28.97,29.83,28.95,29.4
20181024,29.47,29.61,28.85,28.85
20181025,28.9,29.23,28.44,28.64
20181026,28.37,28.37,27.57,27.64
20181029,27.88,27.88,26.3,26.49
20181030,26.48,26.58,26.03,26.32
20181031,26.32,27.15,26.08,26.26
20181101,26.37,26.44,25.355,25.76
20181102,25.87,26.19,25.27,25.78
20181105,25.9,26.51,25.65,26.26
20181106,26.23,27.049,25.705,26.27
20181107,27.54,27.555,25.55,26.82
20181108,26.82,29.5,26.82,29.34
20181109,29.03,29.51,28.58,28.76
20181112,28.77,29.49,27.84,27.89
20181113,28.0,28.33,26.66,26.9
20181114,26.8,27.47,25.4,25.84
20181115,25.57,26.265,25.57,26.03
20181116,26.05,26.05,25.28,25.68
20181119,25.65,26.66,25.65,26.25
20181120,26.07,26.07,24.29,24.45
20181121,24.85,25.86,24.85,25.59
20181122,25.59,25.59,25.59,25.59
20181123,25.19,25.39,24.47,25.11
20181126,25.1,25.63,24.16,24.69
20181127,24.7,25.31,24.51,25.21
20181128,25.13,25.65,24.81,25.45
20181129,25.44,25.64,24.93,25.14
20181130,25.18,25.54,24.34,24.47
20181203,25.13,25.13,23.27,23.77
20181204,23.73,23.73,21.84,22.15
20181205,22.15,22.15,22.15,22.15
20181206,21.75,21.75,21.07,21.58
20181207,21.86,22.61,21.86,22.43
20181210,22.65,22.86,22.09,22.42
20181211,22.49,23.73,22.49,23.45
20181212,23.79,23.84,23.12,23.21
20181213,23.31,23.47,22.61,22.61
20181214,22.44,22.65,21.82,21.88
20181217,21.83,22.71,21.7,21.78
20181218,21.74,22.01,20.95,21.64
20181219,21.85,22.8,21.66,22.02
20181220,21.98,22.68,21.85,22.11
20181221,22.04,22.83,21.73,21.96
20181224,22.02,22.19,21.25,21.56
20181225,21.56,21.56,21.56,21.56
20181226,21.8,22.82,21.65,22.57
20181227,22.38,23.07,22.285,22.95
20181228,22.95,24.03,22.89,23.61
20181231,23.59,24.06,23.39,23.64
20190101,23.64,23.64,23.64,23.64
20190102,23.45,24.93,23.45,24.5
20190103,24.55,25.58,24.14,24.75
20190104,25.1,25.74,25.1,25.47
20190107,25.48,25.8,24.96,25.54
20190108,25.9,26.56,23.8,25.14
20190109,25.24,25.75,24.8,25.1
20190110,24.95,25.22,24.8,24.91
20190111,24.87,25.11,24.77,24.99
20190114,24.69,24.98,23.85,23.93
20190115,24.04,24.72,23.75,24.21
20190116,24.33,24.78,24.29,24.36
20190117,24.32,24.59,24.25,24.39
20190118,24.52,24.87,24.51,24.74
20190121,24.74,24.74,24.74,24.74
20190122,24.45,24.45,23.52,23.79
20190123,24.07,24.32,23.74,23.82
20190124,23.8,24.53,23.8,24.35
20190125,24.44,24.55,24.17,24.34
20190128,24.16,24.3,23.785,24.19
20190129,24.16,24.31,24.05,24.25
20190130,24.33,24.55,24.26,24.43
20190131,24.44,24.54,24.3,24.31
20190201,24.55,24.62,24.21,24.6
20190204,24.56,24.66,24.03,24.36
20190205,24.5,24.93,24.28,24.85
20190206,24.81,25.15,24.75,25.06
20190207,24.94,24.94,23.26,23.26
20190208,23.26,23.54,22.39,22.4
20190211,22.39,22.6,22.04,22.46
20190212,22.61,23.13,22.12,22.22
20190213,22.31,22.82,22.18,22.19
20190214,22.2,22.46,22.18,22.24
20190215,22.38,23.13,22.38,22.85
20190218,22.85,22.85,22.85,22.85
20190219,22.82,23.28,22.76,22.98
20190220,22.94,23.19,22.94,22.95
20190221,22.93,23.14,22.02,22.03
20190222,22.13,22.2,21.77,21.92
20190225,22.01,22.37,21.7,22.18
20190226,22.1,22.2,20.89,21.3
20190227,21.26,21.26,20.08,20.24
20190228,23.99,24.43,21.5,22.5
20190301,22.29,23.475,22.25,23.21
20190304,23.18,23.56,22.32,23.06
20190305,22.97,22.97,21.86,22.25
20190306,22.24,22.25,21.395,21.45
20190307,21.42,21.56,21.0,21.03
20190308,20.95,20.95,20.15,20.79
20190311,20.81,20.81,20.45,20.75
20190312,20.76,20.93,20.265,20.44
20190313,20.45,20.89,20.13,20.32
20190314,20.32,20.75,20.21,20.42
20190315,20.82,22.59,20.43,22.54
20190318,22.39,23.39,22.39,22.63
20190319,22.66,22.76,21.94,22.68
20190320,22.67,23.9888,22.67,23.9
20190321,23.78,24.44,23.7,23.92
20190322,23.87,24.0,22.98,23.17
20190325,23.17,23.7,23.07,23.45
20190326,23.57,24.13,23.32,23.66
20190327,23.62,24.08,23.095,23.55
20190328,23.64,23.73,23.24,23.28
20190329,23.56,23.63,22.405,23.0
20190401,23.13,23.37,22.93,23.15
20190402,23.13,23.24,22.25,22.37
20190403,22.53,22.53,21.35,21.67
20190404,21.72,21.88,21.18,21.35
20190405,21.3,21.85,21.23,21.82
20190408,21.85,22.48,21.56,22.12
20190409,22.01,22.04,21.3,21.3
20190410,21.31,21.51,21.18,21.33
20190411,21.35,21.53,21.0697,21.07
20190412,21.34,21.8,20.685,20.74
20190415,20.65,21.0362,20.165,20.22
20190416,20.26,20.76,20.04,20.4
20190417,20.35,20.35,19.49,19.7
20190418,19.68,20.0,19.47,19.94
20190419,19.94,19.94,19.94,19.94
20190422,19.93,20.125,19.61,19.76
20190423,20.0,20.47,19.872,20.21
20190424,20.31,20.405,20.0,20.4
20190425,20.4,20.4,19.96,20.21
20190426,20.21,20.21,18.48,18.67
20190429,18.73,19.04,18.16,18.8
20190430,18.73,18.85,18.05,18.14
20190501,18.18,18.31,17.628,17.73
20190502,17.68,17.7,17.18,17.41
20190503,17.51,18.04,17.51,17.8
20190506,17.71,17.75,17.04,17.22
20190507,17.06,17.15,16.71,16.97
20190508,16.93,17.44,16.88,16.91
20190509,16.99,18.08,16.8589,17.23
20190510,17.16,17.16,16.9,17.0
20190513,16.83,17.1474,16.0,16.01
20190514,16.23,16.91,16.19,16.76
20190515,16.61,16.63,16.17,16.21
20190516,16.29,16.7454,16.29,16.68
20190517,16.54,16.695,15.78,15.88
20190520,15.83,16.42,15.43,16.42
20190521,16.47,16.9172,16.37,16.7
20190522,16.61,16.61,16.02,16.02
20190523,15.77,16.07,15.2405,15.48
20190524,15.61,15.76,15.31,15.59
20190527,15.59,15.59,15.59,15.59
20190528,15.58,15.61,15.33,15.46
20190529,15.24,15.5,14.71,15.15
20190530,15.26,15.3,14.44,14.56
20190531,14.32,14.59,14.155,14.27
20190603,14.28,14.5737,14.005,14.4
20190604,14.54,15.31,14.54,15.19
20190605,15.09,15.2512,14.38,14.38
20190606,14.36,14.38,13.78,13.82
20190607,13.9,14.19,13.62,13.79
20190610,13.79,14.26,13.62,13.78
20190611,13.74,14.2,13.63,13.75
20190612,13.908,13.908,12.81,12.82
20190613,13.09,13.3022,12.95,13.14
20190614,13.2,13.2,12.79,12.79
20190617,12.71,13.69,12.71,13.46
20190618,13.65,13.96,13.367,13.76
20190619,13.86,13.86,13.4911,13.79
20190620,14.15,14.76,13.86,14.04
20190621,13.99,14.39,13.21,13.22
20190624,13.36,13.625,13.15,13.27
20190625,13.39,13.78,13.07,13.45
20190626,13.57,13.9713,13.37,13.61
20190627,13.69,13.89,13.58,13.89
20190628,13.85,13.99,13.73,13.85
20190701,14.06,14.06,13.305,13.77
20190702,13.6,13.8,12.59,12.71
20190703,12.82,13.04,12.74,12.93
20190704,12.93,12.93,12.93,12.93
20190705,12.93,13.05,12.46,12.84
20190708,12.84,13.07,12.67,12.96
20190709,12.86,13.11,12.705,13.04
20190710,13.16,13.75,12.98,13.73
20190711,13.58,13.88,13.335,13.4
20190712,13.5,13.74,13.4589,13.52
20190715,13.49,13.57,12.9,12.97
20190716,13.03,13.24,13.02,13.02
20190717,13.08,13.08,12.06,12.06
20190718,12.2,12.2,11.62,11.8
20190719,11.77,11.99,11.68,11.87
20190722,12.0,12.2,11.7701,11.86
20190723,11.86,11.9506,11.1,11.25
20190724,11.15,11.32,11.08,11.11
20190725,11.17,11.255,10.21,10.21
20190726,10.16,10.55,9.98,10.38
20190729,10.35,10.63,10.29,10.46
20190730,10.58,10.75,10.2308,10.4
20190731,10.52,11.145,10.26,10.39
20190801,10.36,10.36,9.295,9.33
20190802,9.38,9.71,9.16,9.6
20190805,9.45,9.51,8.825,8.87
20190806,9.0,9.2,8.83,8.96
20190807,8.84,9.1111,8.84,8.89
20190808,9.27,10.0,9.255,9.32
20190809,9.34,9.35,8.5827,8.66
20190812,8.66,8.67,7.9,8.24
20190813,8.16,8.88,8.08,8.25
20190814,7.99,8.14,7.4,8.01
20190815,8.01,8.305,7.7301,8.04
20190816,8.08,8.86,8.08,8.38
20190819,8.55,8.66,8.4,8.47
20190820,8.45,8.54,8.1,8.4
20190821,8.45,8.99,8.42,8.94
20190822,9.0,9.2842,8.62,8.62
20190823,8.53,8.53,7.9,7.97
20190826,8.14,9.14,8.14,9.14
20190827,9.21,9.35,8.4,8.91
20190828,8.95,9.04,8.54,8.99
20190829,9.15,9.15,8.71,8.99
20190830,9.06,9.06,8.56,8.68
20190902,8.68,8.68,8.68,8.68
20190903,8.57,8.58,8.25,8.48
20190904,8.69,8.9,8.665,8.76
20190905,8.94,8.95,8.68,8.75
20190906,8.68,8.96,8.6,8.69
20190909,8.82,9.62,8.64,9.59
20190910,9.63,11.065,9.5106,10.38
20190911,10.48,10.95,10.39,10.73
20190912,10.59,10.84,10.39,10.77
20190913,10.91,10.99,10.74,10.93
20190916,11.5,12.3,11.44,11.89
20190917,11.85,11.89,10.5,10.59
20190918,10.56,10.9309,10.51,10.84
20190919,10.95,10.95,10.37,10.46
20190920,10.47,10.54,10.0,10.34
20190923,10.22,10.81,10.1882,10.72
20190924,10.73,10.8826,9.56,9.75
20190925,9.68,10.28,9.68,10.12
20190926,9.98,9.98,9.57,9.72
20190927,9.6,10.03,9.6,9.88
20190930,9.84,9.965,9.5761,9.69
20191001,9.76,9.87,9.04,9.13
20191002,8.98,9.4,8.7073,9.1
20191003,9.02,9.05,8.72,9.04
20191004,9.1,9.51,9.0,9.46
20191007,9.59,10.04,9.58,9.93
20191008,9.93,9.93,9.29,9.34
20191009,9.48,9.64,8.58,8.72
20191010,8.71,8.919,8.5,8.82
20191011,8.99,9.29,8.65,9.07
20191014,8.93,8.9829,8.75,8.81
20191015,8.77,9.26,8.64,8.71
20191016,8.67,8.83,8.15,8.2
20191017,8.25,8.28,7.6678,8.13
20191018,8.09,8.09,7.45,7.49
20191021,7.52,7.52,7.1,7.43
20191022,7.41,8.1056,7.4,8.02
20191023,8.06,8.71,7.87,8.66
20191024,8.7,8.705,8.39,8.45
20191025,8.37,8.775,8.33,8.63
20191028,8.65,8.83,8.3896,8.43
20191029,8.34,8.74,8.34,8.54
20191030,8.53,8.53,8.05,8.13
20191031,8.12,8.12,7.64,7.9
20191101,8.01,8.56,8.01,8.48
20191104,8.65,10.28,8.65,10.2
20191105,10.22,10.84,10.15,10.68
20191106,10.41,10.62,9.8,10.57
20191107,10.99,12.19,10.99,11.94
20191108,11.93,12.95,11.7,12.86
20191111,12.74,12.83,12.28,12.55
20191112,12.51,12.75,11.92,12.11
20191113,12.0,12.0,10.65,10.9
20191114,10.95,11.33,10.62,10.66
20191115,10.75,10.917,9.8006,9.98
20191118,10.0,10.0701,9.37,9.56
20191119,9.51,9.51,8.67,8.7
20191120,8.66,9.005,8.4479,8.75
20191121,8.79,8.995,8.66,8.76
20191122,8.77,8.99,8.685,8.9
20191125,8.9,9.48,8.82,9.43
20191126,9.35,9.395,8.8301,8.92
20191127,9.0035,9.0035,8.57,8.83
20191128,8.83,8.83,8.83,8.83
20191129,8.75,8.876,8.36,8.72
20191202,8.73,8.9,8.56,8.71
20191203,8.62,8.73,8.3,8.61
20191204,8.73,9.35,8.67,9.0
20191205,9.17,9.17,8.78,8.9
20191206,8.94,9.42,8.94,9.29
20191209,9.28,10.11,9.28,9.81
20191210,9.8,9.8573,9.525,9.66
20191211,9.72,9.87,9.4,9.47
20191212,9.5,10.51,9.0782,10.25
20191213,10.21,10.27,9.835,9.96
20191216,9.85,10.4,9.593,10.15
20191217,10.17,10.88,10.17,10.4
20191218,10.4,10.875,10.23,10.66
20191219,10.67,10.84,10.36,10.49
20191220,10.56,10.58,10.0,10.26
20191223,10.26,10.46,10.18,10.32
20191224,10.34,10.57,10.23,10.45
20191225,10.45,10.45,10.45,10.45
20191226,10.45,10.72,10.26,10.37
20191227,10.4,10.405,9.86,9.86
20191230,9.9,10.05,9.8,9.91
20191231,9.91,10.19,9.81,9.9
20200101,9.9,9.9,9.9,9.9
20200102,9.93,10.4,9.93,10.39
20200103,10.56,10.56,10.1296,10.34
20200106,10.46,10.465,10.2349,10.28
20200107,10.14,10.36,9.61,9.68
20200108,9.5,9.88,9.3,9.51
20200109,9.5,9.77,9.32,9.76
20200110,9.75,9.8594,9.14,9.16
20200113,9.18,9.5327,8.6,8.8
20200114,8.8,9.26,8.8,9.02
20200115,9.01,9.11,8.72,8.81
20200116,8.82,9.2,8.72,8.75
20200117,8.88,8.9,8.5,8.54
20200120,8.54,8.54,8.54,8.54
20200121,8.54,9.19,8.47,8.8
20200122,8.79,8.8,8.53,8.57
20200123,8.44,8.44,8.04,8.04
20200124,8.06,8.06,7.38,7.49
20200127,7.28,7.41,6.71,6.74
20200128,6.65,6.76,6.26,6.26
20200129,6.26,6.36,5.36,5.39
20200130,5.37,5.89,5.2015,5.89
20200131,5.73,5.75,5.26,5.32
20200203,5.3,5.36,5.18,5.18
20200204,5.3,5.38,4.8,4.88
20200205,5.04,5.649,5.0265,5.58
20200206,5.6,5.6012,4.885,5.08
20200207,5.02,5.02,4.77,4.77
20200210,4.87,4.87,4.31,4.34
20200211,4.4,4.57,4.25,4.26
20200212,4.43,4.4601,4.08,4.29
20200213,4.24,4.24,3.88,3.89
20200214,4.04,4.05,3.76,3.78
20200217,3.78,3.78,3.78,3.78
20200218,3.75,4.08,3.75,3.87
20200219,3.9,4.2771,3.9,4.13
20200220,4.15,4.2579,3.99,3.99
20200221,3.94,3.95,3.64,3.66
20200224,3.52,3.9,3.31,3.38
20200225,3.4,3.42,2.89,3.0
20200226,3.02,3.2635,2.88,3.03
20200227,2.91,3.08,2.74,2.77
20200228,2.67,2.85,2.66,2.81
20200302,2.94,2.95,2.64,2.64
20200303,2.64,3.1,2.64,3.04
20200304,3.1,3.25,2.97,3.2
20200305,2.85,3.12,2.78,2.9
20200306,2.78,2.9899,2.5535,2.64
20200309,2.04,2.04,1.5,1.77
20200310,1.89,1.99,1.76,1.8
20200311,1.74,1.9,1.63,1.86
20200312,1.64,2.65,1.61,2.13
20200313,2.3,2.45,1.965,2.09
20200316,1.95,2.57,1.84,2.5
20200317,2.57,2.84,2.5,2.58
20200318,2.41,2.44,2.01,2.33
20200319,2.32,2.65,2.3,2.43
20200320,2.62,2.65,2.05,2.2
20200323,2.22,2.31,1.97,2.02
20200324,2.14,2.24,1.82,2.11
20200325,2.2,2.49,1.96,2.34
20200326,2.34,2.67,2.25,2.53
20200327,2.45,2.45,2.17,2.29
20200330,2.24,2.26,2.02,2.23
20200331,2.31,2.52,2.2,2.47
20200401,2.48,2.52,2.22,2.38
20200402,2.37,2.63,2.3201,2.43
20200403,2.41,2.94,2.245,2.77
20200406,2.87,3.035,2.56,3.01
20200407,3.15,3.19,2.81,2.91
20200408,2.93,3.54,2.89,3.42
20200409,3.54,3.79,3.2,3.4
20200413,3.65,3.65,2.94,3.06
20200414,3.06,3.1,2.865,3.03
20200415,2.97,3.04,2.68,2.69
20200416,2.7,2.72,2.34,2.36
20200417,2.41,2.72,2.41,2.64
20200420,2.6,2.96,2.5,2.66
20200421,2.67,3.87,2.65,3.8
20200422,4.0,6.43,3.99,6.05
20200423,5.45,5.75,4.9,5.44
20200424,5.46,5.68,3.95,4.67
20200427,4.53,5.06,4.34,5.01
20200428,5.15,5.19,4.4,4.91
20200429,4.99,5.74,4.99,5.74
20200430,5.65,5.79,5.14,5.41
20200501,5.12,5.4,4.86,5.25
20200504,5.2,5.5,5.01,5.41
20200505,5.78,5.78,5.18,5.36
20200506,5.23,5.51,4.71,4.85
20200507,4.71,5.2789,4.52,4.56
20200508,4.56,4.6699,4.305,4.51
20200511,4.47,4.84,4.44,4.64
20200512,4.67,4.7,4.13,4.19
20200513,4.2,4.2,3.89,4.14
20200514,4.22,4.315,3.83,3.91
20200515,4.0,4.22,3.9,4.06
20200518,4.26,4.61,4.21,4.55
20200519,4.6,4.69,4.19,4.2
20200520,4.34,4.72,4.17,4.26
20200521,4.25,4.37,4.0,4.14
20200522,4.06,4.19,3.9,4.1
20200526,4.26,4.58,4.17,4.44
20200527,4.5,4.6422,4.2842,4.5
20200528,4.6,4.6,4.13,4.14
20200529,4.21,4.28,3.76,3.78
20200601,3.75,3.99,3.7,3.75
20200602,3.76,3.965,3.76,3.82
20200603,3.82,4.03,3.82,3.84
20200604,3.85,4.01,3.7948,4.01
20200605,4.09,4.58,4.09,4.55
20200608,5.01,5.24,4.8,5.21
20200609,5.07,5.11,4.75,5.02
20200610,4.96,4.96,4.46,4.66
