20120102,20.62,20.62,20.62,20.62
20120103,21.4,21.42,20.53,20.685
20120104,20.66,20.815,20.51,20.64
20120105,20.55,20.61,20.22,20.47
20120106,20.55,20.585,20.34,20.43
20120109,20.58,20.655,20.365,20.47
20120110,20.545,20.81,20.545,20.76
20120111,20.7,21.0,20.7,20.8
20120112,20.83,21.01,20.78,20.935
20120113,20.765,20.955,20.545,20.89
20120116,20.89,20.89,20.89,20.89
20120117,21.16,21.18,20.855,20.88
20120118,20.91,21.03,20.75,20.95
20120119,20.98,21.345,20.815,21.25
20120120,21.225,21.355,21.055,21.32
20120123,21.29,21.475,21.205,21.25
20120124,21.18,21.48,21.155,21.45
20120125,21.385,21.845,21.385,21.79
20120126,21.865,22.07,21.85,21.93
20120127,21.81,22.085,21.81,21.95
20120130,21.735,21.97,21.68,21.77
20120131,21.93,22.02,21.695,21.915
20120201,22.15,22.265,21.955,21.985
20120202,21.99,22.025,21.705,21.74
20120203,22.05,22.125,21.715,22.0
20120206,21.93,22.25,21.93,22.055
20120207,22.0,22.03,21.765,21.895
20120208,21.96,22.05,21.75,21.945
20120209,23.025,23.645,22.87,23.62
20120210,23.305,23.58,23.305,23.54
20120213,23.755,23.9,23.555,23.715
20120214,23.63,23.795,23.455,23.71
20120215,23.7,24.52,23.19,23.22
20120216,23.35,23.355,22.93,23.105
20120217,23.245,23.6,23.235,23.535
20120220,23.535,23.535,23.535,23.535
20120221,23.61,23.745,23.34,23.36
20120222,23.21,23.435,23.095,23.14
20120223,23.135,23.22,22.995,23.12
20120224,23.13,23.25,23.095,23.13
20120227,23.12,23.18,22.855,23.065
20120228,22.68,23.105,22.68,22.91
20120229,23.04,23.1,22.625,22.63
20120301,22.765,23.02,22.625,22.64
20120302,22.675,22.89,22.13,22.59
20120305,22.445,23.105,22.445,22.965
20120306,22.73,22.965,22.375,22.4
20120307,22.52,22.75,22.405,22.63
20120308,22.825,23.025,22.825,22.91
20120309,22.97,23.37,22.97,23.175
20120312,23.105,23.49,23.05,23.18
20120313,23.425,23.545,23.27,23.43
20120314,23.34,23.38,23.08,23.185
20120315,23.175,23.63,23.055,23.32
20120316,23.395,23.585,23.285,23.285
20120319,23.08,23.49,23.08,23.39
20120320,23.23,23.25,23.08,23.08
20120321,23.15,23.25,23.06,23.095
20120322,22.965,23.27,22.785,23.27
20120323,23.31,23.64,23.245,23.55
20120326,23.735,23.955,23.61,23.705
20120327,23.785,23.845,23.475,23.575
20120328,23.555,23.63,23.395,23.495
20120329,23.38,23.57,23.22,23.465
20120330,23.63,23.65,23.38,23.385
20120402,23.345,23.37,23.14,23.25
20120404,22.77,22.87,22.66,22.84
20120405,22.73,23.075,22.73,23.035
20120406,23.035,23.035,23.035,23.035
20120409,22.75,22.97,22.75,22.825
20120410,22.83,22.905,22.5,22.55
20120411,22.75,22.755,22.38,22.515
20120412,22.5,22.705,22.47,22.52
20120413,22.45,22.47,22.25,22.4
20120416,22.42,22.635,22.23,22.535
20120417,22.5,22.855,22.47,22.77
20120418,22.73,22.965,22.68,22.875
20120419,22.87,23.025,22.83,22.99
20120420,23.29,23.29,22.915,23.005
20120423,22.74,22.915,22.545,22.75
20120424,22.785,22.955,22.645,22.955
20120425,23.125,24.055,23.125,23.995
20120426,23.94,24.0,23.6,23.72
20120427,23.845,24.025,23.635,23.96
20120430,23.95,24.04,23.845,23.955
20120501,23.91,24.15,23.71,23.71
20120502,23.565,24.36,23.475,24.2
20120503,24.135,24.47,24.025,24.065
20120504,23.98,23.98,23.555,23.7
20120507,23.6,23.89,23.345,23.825
20120508,23.665,23.8,23.275,23.585
20120509,23.365,23.6,23.275,23.435
20120510,23.59,23.82,23.43,23.515
20120511,23.415,23.805,23.405,23.555
20120514,23.42,23.475,23.17,23.225
20120515,23.175,23.545,23.12,23.17
20120516,23.23,23.295,23.08,23.105
20120517,23.105,23.135,22.235,22.24
20120518,22.205,22.525,21.925,22.035
20120521,22.035,22.25,21.925,22.03
20120522,22.01,22.135,21.7,21.845
20120523,21.785,22.25,21.565,22.24
20120524,22.065,22.475,21.94,22.465
20120525,22.39,22.805,22.345,22.635
20120528,22.635,22.635,22.635,22.635
20120529,22.81,23.05,22.665,22.915
20120530,22.75,22.81,22.43,22.65
20120531,22.665,22.905,22.435,22.815
20120601,21.835,22.78,21.835,22.035
20120604,22.11,22.315,21.9,22.3
20120605,22.37,23.855,22.28,23.78
20120606,24.02,24.845,23.715,24.775
20120607,25.125,25.385,24.545,24.66
20120608,24.605,24.995,24.4,24.865
20120611,25.09,25.155,24.505,24.505
20120612,24.66,25.355,24.5,25.295
20120613,25.17,25.305,24.885,24.975
20120614,25.005,25.385,24.9,25.09
20120615,25.02,25.525,25.02,25.3
20120618,25.215,25.665,25.08,25.48
20120619,25.62,25.78,25.54,25.615
20120620,25.715,25.77,25.47,25.65
20120621,25.61,25.715,25.36,25.39
20120622,25.525,25.635,25.15,25.36
20120625,25.08,25.945,25.05,25.78
20120626,25.775,26.43,25.76,26.14
20120627,26.115,26.625,26.095,26.495
20120628,26.36,26.585,26.11,26.555
20120629,27.0,27.115,26.7,27.09
20120702,27.225,27.535,27.08,27.245
20120703,27.315,27.385,27.14,27.215
20120704,27.215,27.215,27.215,27.215
20120705,27.24,27.455,27.065,27.145
20120706,27.0,27.22,26.81,26.96
20120709,26.99,27.0,26.785,26.925
20120710,26.965,27.0,26.455,26.57
20120711,26.645,26.73,26.31,26.555
20120712,26.39,26.645,26.255,26.505
20120713,26.52,26.82,26.52,26.63
20120716,26.59,26.67,26.305,26.565
20120717,26.75,27.26,26.75,27.025
20120718,26.975,27.345,26.875,27.285
20120719,27.305,27.49,26.745,26.89
20120720,26.63,26.995,26.545,26.79
20120723,26.335,26.61,26.24,26.295
20120724,31.185,31.185,27.865,27.98
20120725,28.3,28.365,27.93,28.08
20120726,28.325,28.505,28.045,28.475
20120727,28.51,29.015,28.465,28.955
20120730,28.955,29.1,28.88,29.0
20120731,29.01,29.225,28.65,28.805
20120801,29.105,29.21,28.905,29.01
20120802,28.83,29.365,28.705,29.045
20120803,29.25,29.5,29.14,29.375
20120806,29.165,29.375,28.845,28.855
20120807,28.935,29.06,28.76,28.785
20120808,28.685,28.95,28.23,28.685
20120809,28.73,28.835,28.38,28.77
20120810,28.79,28.8,28.2,28.33
20120813,28.195,28.39,28.075,28.335
20120814,28.555,28.755,27.96,28.05
20120815,28.085,28.215,27.965,28.02
20120816,28.025,28.225,27.95,28.22
20120817,28.21,28.73,28.21,28.66
20120820,28.575,28.78,28.22,28.58
20120821,28.59,28.765,28.03,28.08
20120822,28.01,28.13,27.67,27.76
20120823,27.64,27.66,27.325,27.51
20120824,27.375,27.92,26.86,27.765
20120827,27.775,27.985,27.485,27.59
20120828,27.515,27.69,27.515,27.535
20120829,27.575,27.655,27.315,27.47
20120830,27.16,27.71,26.97,27.66
20120831,27.75,27.77,27.385,27.615
20120903,27.615,27.615,27.615,27.615
20120904,27.675,28.935,27.55,28.77
20120905,28.705,28.72,28.38,28.66
20120906,28.81,29.24,28.66,29.07
20120907,28.545,28.85,27.93,28.765
20120910,28.39,28.685,28.16,28.35
20120911,28.42,28.52,28.16,28.305
20120912,28.425,28.81,28.425,28.575
20120913,28.535,29.065,28.3,29.03
20120914,29.2,29.365,29.045,29.245
20120917,29.15,29.22,28.935,29.02
20120918,28.815,29.0,28.73,28.89
20120919,28.87,29.295,28.78,29.165
20120920,28.955,29.165,28.895,29.0
20120921,29.29,29.995,29.285,29.505
20120924,29.39,29.91,29.35,29.65
20120925,29.68,29.81,29.535,29.605
20120926,29.585,29.63,28.97,29.175
20120927,29.19,29.495,29.025,29.215
20120928,29.045,29.445,28.965,29.4
20121001,29.45,29.75,29.14,29.745
20121002,29.765,30.21,29.705,29.995
20121003,30.06,30.385,29.85,30.37
20121004,30.375,30.85,30.345,30.77
20121005,30.915,30.985,30.55,30.725
20121008,30.525,30.975,30.475,30.74
20121009,30.67,30.955,30.52,30.725
20121010,30.75,30.965,30.605,30.935
20121011,31.04,31.11,30.785,30.86
20121012,30.885,31.335,30.765,31.045
20121015,31.075,31.165,30.96,31.12
20121016,31.25,32.08,31.185,31.995
20121017,32.005,32.18,31.49,31.745
20121018,31.79,32.475,31.745,32.105
20121019,32.07,32.45,31.995,32.355
20121022,32.185,32.365,31.935,32.315
20121023,32.195,32.195,30.95,31.17
20121024,30.855,30.855,26.605,28.08
20121025,28.625,28.67,27.115,27.355
20121026,27.4,28.295,27.09,28.24
20121029,28.24,28.24,28.24,28.24
20121030,28.24,28.24,28.24,28.24
20121031,28.6,28.625,27.705,28.555
20121101,28.505,29.035,28.02,28.185
20121102,28.365,28.665,27.67,27.805
20121105,27.755,28.045,27.51,27.995
20121106,28.03,28.565,28.015,28.185
20121107,27.91,28.275,27.78,28.11
20121108,28.155,28.815,28.12,28.235
20121109,28.065,28.515,28.06,28.275
20121112,28.265,28.425,28.08,28.365
20121113,28.325,28.6,28.125,28.275
20121114,28.305,28.425,27.955,28.055
20121115,27.99,28.21,27.66,27.975
20121116,27.885,28.51,27.775,28.45
20121119,28.61,28.91,28.41,28.5
20121120,28.365,28.65,28.225,28.45
20121121,28.42,28.66,28.145,28.615
20121122,28.615,28.615,28.615,28.615
20121123,28.305,28.505,28.125,28.435
20121126,28.275,28.62,28.11,28.6
20121127,28.655,29.495,28.575,29.37
20121128,29.375,30.01,29.16,30.0
20121129,30.225,30.815,30.17,30.375
20121130,30.46,30.785,30.285,30.74
20121203,30.875,31.29,30.78,30.9
20121204,30.83,31.25,30.7,31.05
20121205,31.1,32.16,31.1,31.68
20121206,31.73,32.225,31.31,32.0
20121207,32.165,32.465,31.71,32.425
20121210,32.225,32.225,30.775,31.53
20121211,31.635,31.86,31.01,31.355
20121212,31.295,31.495,31.08,31.215
20121213,31.055,31.395,30.065,30.1
20121214,30.835,30.835,29.555,29.725
20121217,29.9,30.035,29.585,29.995
20121218,29.855,30.37,29.575,30.105
20121219,30.215,30.85,30.02,30.075
20121220,30.075,30.765,29.985,30.425
20121221,30.15,30.695,30.14,30.64
20121224,30.795,30.945,30.695,30.775
20121225,30.775,30.775,30.775,30.775
20121226,30.725,30.73,29.04,29.57
20121227,29.5,30.33,29.405,30.125
20121228,29.94,30.61,29.94,30.44
20121231,30.565,30.745,30.295,30.6
20130101,30.6,30.6,30.6,30.6
20130102,30.995,31.17,30.88,31.03
20130103,31.115,31.625,30.92,31.0
20130104,31.175,31.575,31.08,31.455
20130107,31.43,31.515,31.0,31.415
20130108,31.495,31.495,31.2,31.395
20130109,31.485,31.995,31.37,31.705
20130110,31.76,31.915,31.57,31.64
20130111,31.715,31.885,31.425,31.485
20130114,31.44,31.65,31.37,31.42
20130115,31.365,31.505,31.13,31.39
20130116,31.295,31.475,31.135,31.145
20130117,31.265,31.455,31.05,31.08
20130118,31.14,31.455,31.14,31.375
20130121,31.375,31.375,31.375,31.375
20130122,31.415,31.495,31.17,31.41
20130123,31.4,31.45,31.265,31.315
20130124,31.4,31.525,31.15,31.32
20130125,31.435,31.495,31.11,31.175
20130128,31.175,31.175,30.65,30.87
20130129,30.87,31.09,30.495,30.55
20130130,30.6,31.115,30.505,30.88
20130131,30.92,31.675,30.92,31.47
20130201,31.485,31.59,30.92,31.365
20130204,31.205,31.53,31.205,31.46
20130205,31.49,32.085,31.48,31.945
20130206,31.835,32.095,31.8,31.95
20130207,31.96,32.2,31.62,31.67
20130208,31.765,31.965,31.62,31.81
20130211,31.865,32.045,31.83,32.035
20130212,32.1,32.24,31.87,31.94
20130213,31.905,32.635,31.905,32.575
20130214,32.565,32.75,32.415,32.5
20130215,32.625,32.97,32.505,32.74
20130218,32.74,32.74,32.74,32.74
20130219,32.695,32.775,31.79,31.865
20130220,32.615,33.98,32.06,33.45
20130221,33.4,34.135,33.375,33.935
20130222,34.095,34.525,33.88,34.525
20130225,33.635,34.145,33.055,33.265
20130226,33.265,33.625,32.92,32.94
20130227,32.9,33.55,32.755,33.39
20130228,33.365,33.815,33.365,33.405
20130301,33.31,33.815,33.25,33.755
20130304,33.805,34.05,33.635,33.765
20130305,33.845,34.09,33.69,34.085
20130306,34.1,34.525,34.1,34.175
20130307,34.095,34.42,33.865,33.96
20130308,34.165,34.505,33.99,34.355
20130311,34.415,34.695,34.315,34.51
20130312,34.205,34.7,34.16,34.5
20130313,34.515,34.725,34.475,34.535
20130314,34.63,35.01,34.455,34.9
20130315,34.91,35.045,34.49,34.57
20130318,34.435,34.72,34.435,34.5
20130319,34.64,34.865,34.085,34.53
20130320,34.72,35.35,34.6,35.13
20130321,35.185,35.495,34.905,35.17
20130322,35.155,35.565,35.155,35.34
20130325,35.47,35.655,35.305,35.5
20130326,35.685,35.96,35.355,35.59
20130327,35.5,35.87,35.455,35.78
20130328,35.94,36.34,35.815,36.24
20130329,36.24,36.24,36.24,36.24
20130401,36.265,36.635,36.035,36.305
20130402,36.535,36.66,36.25,36.535
20130403,37.5,37.835,36.665,36.86
20130404,37.0,37.05,36.63,37.0
20130405,36.685,37.1,36.625,37.055
20130408,37.08,37.175,36.645,36.74
20130409,36.825,36.935,36.45,36.59
20130410,36.77,36.81,36.55,36.6
20130411,36.855,36.855,36.055,36.105
20130412,36.09,36.38,35.895,36.02
20130415,35.985,36.255,34.87,34.95
20130416,35.2,35.31,34.995,35.23
20130417,35.195,35.66,34.635,35.6
20130418,35.705,35.845,34.995,35.075
20130419,35.5,36.29,35.405,35.625
20130422,36.1,38.585,36.035,38.555
20130423,38.77,39.015,37.37,37.465
20130424,37.55,37.71,37.06,37.345
20130425,37.365,37.545,36.895,37.025
20130426,37.04,37.075,36.635,36.66
20130429,36.74,36.84,36.39,36.43
20130430,36.555,36.59,36.345,36.435
20130501,36.405,36.645,36.07,36.1
20130502,36.175,37.29,36.175,37.165
20130503,37.41,37.72,37.015,37.215
20130506,37.31,37.46,37.02,37.38
20130507,37.375,38.6,37.375,38.5
20130508,38.45,38.59,38.14,38.26
20130509,38.955,39.06,38.385,38.68
20130510,38.85,39.035,38.63,38.96
20130513,39.005,39.09,38.835,38.97
20130514,39.04,39.68,39.01,39.595
20130515,39.63,39.65,38.885,39.255
20130516,39.405,39.825,39.13,39.335
20130517,39.475,39.79,39.005,39.545
20130520,39.73,39.81,39.33,39.67
20130521,39.55,40.015,39.515,39.98
20130522,39.93,40.31,38.855,39.29
20130523,39.275,39.47,38.93,39.2
20130524,39.185,39.285,38.31,38.84
20130527,38.84,38.84,38.84,38.84
20130528,38.83,39.27,38.645,38.74
20130529,38.67,38.69,38.0,38.03
20130530,38.01,38.325,37.92,37.975
20130531,37.815,38.045,37.28,37.285
20130603,37.345,37.45,36.56,37.425
20130604,37.575,38.155,37.5,37.99
20130605,38.02,38.14,37.615,37.85
20130606,37.755,38.025,37.725,37.95
20130607,38.21,38.24,37.875,38.025
20130610,38.175,38.295,37.625,37.7
20130611,37.5,37.56,36.815,37.23
20130612,37.455,37.785,37.18,37.275
20130613,37.25,37.44,36.88,37.34
20130614,37.385,37.665,37.2,37.465
20130617,75.2,75.31,73.88,74.12
20130618,37.155,37.995,36.945,37.925
20130619,38.0,38.0,36.775,36.795
20130620,36.555,36.76,36.3,36.5
20130621,36.63,36.915,35.66,35.985
20130624,35.875,36.205,35.405,35.835
20130625,36.085,36.365,35.315,35.67
20130626,35.99,36.135,35.505,35.85
20130627,35.83,36.1,35.0,35.48
20130628,35.52,35.87,35.06,35.16
20130701,35.5,37.33,35.49,36.85
20130702,37.08,37.12,36.54,36.87
20130703,36.63,37.13,36.63,37.03
20130704,37.03,37.03,37.03,37.03
20130705,37.29,37.34,36.66,37.01
20130708,37.1,37.3,36.77,37.1
20130709,37.26,37.39,36.67,36.78
20130710,36.84,36.91,36.04,36.68
20130711,37.01,37.3,36.87,37.11
20130712,37.09,37.46,37.02,37.46
20130715,37.47,37.59,37.06,37.16
20130716,37.13,37.13,36.17,36.35
20130717,36.37,36.79,36.34,36.76
20130718,36.86,36.86,35.64,36.04
20130719,36.08,36.08,35.13,35.85
20130722,35.12,36.18,34.6,35.24
20130723,35.34,36.44,35.25,36.18
20130724,36.48,37.21,36.33,36.79
20130725,36.75,36.94,36.51,36.8
20130726,36.72,37.64,36.72,37.54
20130729,37.43,37.85,37.15,37.34
20130730,37.38,37.55,36.6,36.86
20130731,36.99,37.2,36.57,36.79
20130801,37.03,37.52,36.95,37.15
20130802,37.33,37.71,37.28,37.65
20130805,37.69,37.9,37.34,37.46
20130806,37.5,37.53,36.18,36.51
20130807,36.46,36.46,36.03,36.23
20130808,36.24,36.53,35.72,36.2
20130809,36.13,36.4,35.93,35.94
20130812,35.94,36.06,35.66,35.73
20130813,35.73,35.84,34.88,35.07
20130814,34.9,35.23,34.43,34.86
20130815,34.75,34.75,33.57,33.87
20130816,33.8,34.15,33.52,33.59
20130819,33.62,33.95,33.35,33.74
20130820,33.92,34.11,33.81,33.99
20130821,33.98,34.13,33.45,33.47
20130822,33.77,34.78,33.7,34.61
20130823,34.73,34.99,34.35,34.49
20130826,34.59,34.59,33.92,34.22
20130827,33.93,34.49,33.59,33.73
20130828,33.7,34.01,33.59,33.74
20130829,33.77,34.06,32.93,33.36
20130830,32.99,33.63,32.9,33.01
20130902,33.01,33.01,33.01,33.01
20130903,33.28,33.67,32.73,33.25
20130904,33.29,33.74,33.25,33.57
20130905,33.59,33.92,33.45,33.7
20130906,33.75,34.0,33.68,33.7
20130909,33.86,33.89,33.27,33.52
20130910,33.5,33.7,33.25,33.28
20130911,33.27,33.49,33.22,33.43
20130912,33.56,34.83,33.42,34.25
20130913,34.35,35.01,34.31,34.99
20130916,35.14,35.65,35.12,35.4
20130917,35.52,35.52,34.49,35.0
20130918,34.94,35.67,34.66,35.62
20130919,35.73,36.4,35.6,36.09
20130920,36.02,36.06,35.19,35.19
20130923,35.19,35.58,34.95,35.04
20130924,34.95,35.1,34.48,34.53
20130925,34.51,34.79,34.02,34.06
20130926,34.14,34.56,33.96,34.28
20130927,34.16,34.41,33.93,34.13
20130930,33.9,34.15,33.7,33.79
20131001,33.92,34.16,33.88,33.92
20131002,33.81,33.89,33.34,33.42
20131003,33.4,33.55,32.78,32.83
20131004,32.91,33.18,32.67,33.11
20131007,32.99,33.03,32.76,32.77
20131008,32.9,32.9,31.94,32.22
20131009,32.23,32.33,31.86,31.93
20131010,32.24,32.69,32.17,32.64
20131011,32.69,33.24,32.6,33.24
20131014,33.04,33.58,32.83,33.45
20131015,33.39,33.56,33.06,33.16
20131016,33.26,33.56,33.09,33.55
20131017,33.38,34.11,33.32,34.1
20131018,34.23,34.79,34.15,34.77
20131021,34.8,35.01,34.52,35.01
20131022,34.97,35.52,34.73,35.29
20131023,34.0,35.99,33.65,35.09
20131024,35.48,37.5,35.26,37.4
20131025,37.4,37.4,36.58,37.14
20131028,37.24,37.78,36.93,37.77
20131029,37.97,38.0,37.55,37.98
20131030,38.0,38.16,37.48,37.85
20131031,37.86,38.0,37.52,37.61
20131101,37.6,37.6,36.61,36.84
20131104,36.99,37.22,36.69,37.09
20131105,37.05,37.26,36.88,37.21
20131106,37.36,37.4,36.82,36.93
20131107,36.96,37.2,36.3,36.56
20131108,36.57,37.02,36.5,36.6
20131111,36.72,37.0,36.53,36.97
20131112,36.95,37.19,36.62,36.89
20131113,36.82,38.01,36.72,37.96
20131114,37.99,38.47,37.85,38.32
20131115,38.32,38.39,37.79,38.25
20131118,38.26,38.5,38.06,38.38
20131119,38.41,38.5,38.11,38.41
20131120,38.68,38.9,38.15,38.32
20131121,37.87,37.87,37.06,37.11
20131122,37.22,37.44,36.97,37.37
20131125,37.5,37.6,37.26,37.29
20131126,37.08,37.56,37.08,37.33
20131127,37.14,37.4,37.03,37.22
20131128,37.22,37.22,37.22,37.22
20131129,37.26,37.63,37.11,37.21
20131202,37.24,37.25,36.65,36.78
20131203,36.59,37.07,36.48,37.03
20131204,36.92,37.2,36.26,36.75
20131205,36.79,36.99,36.52,36.6
20131206,36.95,37.27,36.89,37.26
20131209,37.37,37.46,36.9,37.08
20131210,37.01,37.08,36.28,36.33
20131211,36.43,36.77,35.92,35.92
20131212,35.97,36.07,35.58,35.85
20131213,35.99,36.0,35.47,35.98
20131216,36.06,36.08,35.37,35.4
20131217,35.47,35.52,34.9,35.12
20131218,35.27,35.74,35.0,35.69
20131219,35.71,35.91,35.43,35.64
20131220,35.78,36.19,35.65,35.85
20131223,36.0,36.39,35.91,36.33
20131224,36.25,36.52,36.04,36.34
20131225,36.34,36.34,36.34,36.34
20131226,36.45,36.73,36.16,36.65
20131227,36.63,36.75,36.29,36.39
20131230,36.44,36.66,36.16,36.57
20131231,36.51,36.86,36.1,36.82
20140101,36.82,36.82,36.82,36.82
20140102,36.68,37.25,36.68,36.78
20140103,36.9,37.12,36.54,36.61
20140106,36.73,36.9,36.3,36.49
20140107,36.7,37.06,36.53,36.89
20140108,36.84,37.0,36.7,36.89
20140109,36.88,37.21,36.86,37.21
20140110,37.25,37.64,37.08,37.34
20140113,37.39,37.54,36.75,36.93
20140114,36.98,37.17,36.58,36.98
20140115,37.0,37.11,36.06,36.32
20140116,36.29,37.83,36.26,37.64
20140117,37.48,37.85,37.15,37.22
20140120,37.22,37.22,37.22,37.22
20140121,37.54,37.62,37.02,37.3
20140122,37.48,37.48,37.16,37.37
20140123,37.31,37.31,36.84,37.13
20140124,37.0,37.0,36.29,36.49
20140127,36.54,36.81,36.09,36.47
20140128,36.4,36.63,35.86,36.18
20140129,35.87,36.01,35.35,35.5
20140130,35.8,36.25,35.29,35.44
20140131,35.16,35.95,34.86,35.89
20140203,35.85,35.85,34.29,34.38
20140204,34.43,34.61,34.07,34.45
20140205,34.4,34.54,33.96,33.99
20140206,34.14,35.01,34.14,35.01
20140207,35.1,35.56,35.04,35.46
20140210,35.36,35.71,35.16,35.69
20140211,35.8,37.02,35.68,36.99
20140212,37.04,37.16,36.47,37.0
20140213,36.71,37.6,36.66,37.58
20140214,37.56,38.0,37.44,37.97
20140217,37.97,37.97,37.97,37.97
20140218,38.17,38.32,37.82,38.25
20140219,39.71,41.48,39.5,40.02
20140220,40.2,40.24,39.61,39.88
20140221,39.83,40.18,39.58,39.97
20140224,39.5,39.94,39.36,39.91
20140225,39.97,40.16,39.7,39.98
20140226,40.0,40.95,39.98,40.33
20140227,40.41,40.82,40.19,40.53
20140228,40.63,40.95,40.45,40.8
20140303,40.5,40.71,40.17,40.6
20140304,40.91,41.29,40.83,41.15
20140305,41.12,41.77,41.06,41.7
20140306,41.79,42.25,41.78,42.02
20140307,42.09,42.22,41.81,42.06
20140310,42.13,42.33,41.75,42.09
20140311,42.23,42.62,42.06,42.46
20140312,42.47,42.47,41.72,42.13
20140313,42.43,42.49,41.87,42.26
20140314,42.15,42.57,42.01,42.21
20140317,42.31,42.49,42.15,42.45
20140318,42.5,42.94,42.36,42.71
20140319,42.56,42.73,41.83,42.02
20140320,41.98,42.39,41.19,42.32
20140321,42.51,42.69,41.98,41.98
20140324,42.22,42.29,41.42,41.59
20140325,41.75,41.78,41.2,41.55
20140326,41.82,41.84,40.91,40.99
20140327,41.01,41.01,40.27,40.28
20140328,40.47,40.54,39.94,40.02
20140331,40.31,40.49,39.95,40.15
20140401,40.3,40.95,40.27,40.78
20140402,40.81,40.86,40.27,40.59
20140403,40.66,40.91,40.37,40.45
20140404,41.11,41.26,39.92,39.98
20140407,39.73,39.73,38.38,38.64
20140408,38.68,39.55,38.39,39.47
20140409,39.59,39.81,39.25,39.45
20140410,39.51,39.56,38.74,38.78
20140411,38.41,38.96,38.02,38.87
20140414,39.04,39.62,38.87,39.6
20140415,39.62,40.04,39.1,39.93
20140416,40.03,40.44,39.78,40.12
20140417,40.09,40.42,40.0,40.11
20140418,40.11,40.11,40.11,40.11
20140421,39.93,40.22,39.62,39.98
20140422,40.05,40.73,40.05,40.47
20140423,39.97,40.58,39.35,39.91
20140424,40.05,40.14,39.3,39.77
20140425,39.7,40.32,39.57,39.85
20140428,39.86,40.09,39.36,39.69
20140429,39.85,40.36,39.61,40.14
20140430,40.0,40.41,39.96,40.14
20140501,40.04,40.15,39.72,40.02
20140502,40.01,40.47,39.82,40.2
20140505,40.05,40.31,39.8,40.22
20140506,40.27,40.67,40.09,40.18
20140507,40.28,41.24,40.27,41.14
20140508,40.93,41.42,40.57,40.69
20140509,40.63,41.05,40.51,40.99
20140512,40.93,41.19,40.73,40.96
20140513,40.96,41.11,40.51,40.65
20140514,40.61,40.77,40.4,40.64
20140515,40.58,40.72,40.15,40.54
20140516,40.54,40.62,40.0,40.1
20140519,39.97,40.36,39.93,40.03
20140520,40.0,40.54,39.49,39.86
20140521,39.93,40.7,39.81,40.69
20140522,40.81,41.34,40.73,40.92
20140523,40.4,40.66,39.84,40.44
20140526,40.44,40.44,40.44,40.44
20140527,40.56,41.34,40.47,41.21
20140528,41.07,41.07,40.52,40.64
20140530,40.41,40.62,40.34,40.46
20140602,40.49,40.79,40.27,40.65
20140603,40.37,40.69,40.32,40.45
20140604,40.33,41.51,40.29,41.45
20140605,41.41,41.47,41.19,41.33
20140606,41.34,41.48,41.26,41.38
20140609,41.27,41.81,41.19,41.73
20140610,41.79,41.9,41.36,41.67
20140611,41.47,41.8,41.25,41.69
20140612,41.52,41.76,40.73,40.93
20140613,40.84,41.22,40.57,40.7
20140616,40.66,41.09,40.66,40.87
20140617,40.81,41.05,40.7,40.87
20140618,40.86,41.33,40.78,41.3
20140619,41.29,41.69,41.27,41.54
20140620,41.65,41.92,41.35,41.72
20140623,41.72,42.44,41.56,42.31
20140624,42.01,42.69,42.0,42.62
20140625,42.6,43.09,42.59,43.0
20140626,43.05,43.1,42.58,42.81
20140627,42.79,43.19,42.76,42.82
20140630,42.73,42.9,42.49,42.55
20140701,42.56,42.85,42.45,42.51
20140702,42.32,42.52,42.03,42.1
20140703,42.2,42.29,42.08,42.19
20140704,42.19,42.19,42.19,42.19
20140707,42.23,42.28,41.96,42.1
20140708,42.12,42.13,41.75,42.02
20140709,42.01,42.15,41.36,41.39
20140710,40.98,41.66,40.93,41.59
20140711,41.54,41.81,41.26,41.76
20140714,41.86,42.0,41.49,41.57
20140715,41.68,41.69,40.92,40.98
20140716,41.08,41.22,40.66,40.75
20140718,40.51,41.2,40.23,41.0
20140721,38.86,39.49,37.12,39.31
20140722,39.53,40.48,39.53,40.39
20140723,40.6,40.62,39.57,39.66
20140724,39.78,39.99,38.67,39.11
20140725,38.99,39.33,38.83,38.97
20140728,38.78,39.54,38.63,39.1
20140729,39.14,39.7,39.06,39.24
20140730,39.36,39.69,38.97,39.14
20140731,38.93,39.29,38.2,38.22
20140801,38.22,38.78,38.1,38.29
20140804,38.42,38.73,38.24,38.28
20140805,38.32,38.32,37.04,37.27
20140806,37.02,37.14,36.42,36.56
20140807,36.76,36.86,36.07,36.32
20140808,36.17,37.05,36.17,36.87
20140811,36.95,37.04,36.71,36.88
20140812,36.77,37.12,36.66,36.93
20140813,36.63,36.83,36.28,36.66
20140814,36.57,37.05,36.57,36.86
20140815,37.0,37.29,36.75,36.85
20140818,37.14,37.82,36.95,37.54
20140819,37.58,38.11,37.58,37.92
20140820,37.77,38.22,37.75,38.03
20140821,37.97,38.21,37.69,37.81
20140822,37.9,37.98,37.48,37.54
20140825,37.6,37.75,37.0,37.43
20140826,37.1,37.88,37.1,37.51
20140827,37.34,37.35,36.84,37.16
20140828,37.08,37.3,36.96,37.0
20140829,36.36,36.75,35.67,36.48
20140901,36.48,36.48,36.48,36.48
20140902,36.28,36.37,35.71,35.8
20140903,35.96,35.96,35.07,35.31
20140904,35.4,35.54,34.62,34.71
20140905,34.79,35.25,34.66,35.17
20140908,35.05,35.4,34.77,35.05
20140909,35.1,35.2,34.7,34.75
20140910,34.61,35.22,34.59,35.18
20140911,35.0,35.56,34.99,35.49
20140912,35.5,35.6,35.3,35.53
20140915,35.51,35.52,34.94,34.96
20140916,34.9,35.02,34.72,34.83
20140917,34.73,34.84,34.27,34.41
20140918,34.54,35.04,34.49,34.91
20140919,34.98,35.09,34.46,34.6
20140922,34.5,34.7,34.4,34.59
20140923,34.56,34.66,34.09,34.09
20140924,34.06,34.36,33.85,34.33
20140925,34.19,34.39,33.84,33.84
20140926,33.9,34.77,33.76,34.59
20140929,34.29,34.6,34.13,34.56
20140930,34.59,34.78,34.37,34.39
20141001,34.31,34.53,33.95,34.02
20141002,34.01,34.06,33.23,33.84
20141003,34.09,34.88,34.01,34.75
20141006,34.85,34.85,34.16,34.36
20141007,34.15,34.38,33.99,34.0
20141008,34.23,35.53,34.2,35.5
20141009,35.47,35.86,35.11,35.32
20141010,35.28,35.5,34.49,35.15
20141013,35.14,35.5,34.67,34.9
20141014,34.99,35.34,34.74,34.79
20141015,34.25,34.66,33.79,34.54
20141016,33.8,33.91,31.77,33.15
20141017,33.49,34.22,33.22,33.85
20141020,33.69,33.95,33.11,33.2
20141021,33.22,34.63,33.22,34.5
20141022,38.74,39.91,37.66,38.9
20141023,39.0,39.58,38.81,39.06
20141024,39.29,39.58,38.75,39.41
20141027,39.37,40.23,39.28,39.87
20141028,40.0,40.42,39.86,40.32
20141029,40.38,40.8,39.92,40.25
20141030,40.1,40.59,39.92,40.22
20141031,40.58,40.78,39.91,40.3
20141103,40.23,40.23,39.86,39.98
20141104,39.91,40.16,39.67,40.05
20141105,40.24,40.32,39.71,39.94
20141106,40.05,40.14,39.78,39.89
20141107,39.99,40.12,39.74,40.05
20141110,40.21,40.5,39.73,39.93
20141111,39.88,40.42,39.87,40.27
20141112,40.0,41.04,39.75,40.87
20141113,40.99,41.13,40.43,40.53
20141114,40.44,40.6,40.23,40.47
20141117,40.3,40.73,40.15,40.39
20141118,40.52,41.0,40.42,40.8
20141119,40.81,40.85,39.97,40.12
20141120,40.02,40.02,38.94,39.1
20141121,39.0,39.94,38.88,39.45
20141124,39.58,39.97,39.51,39.71
20141125,39.76,40.08,39.71,39.9
20141126,39.86,40.59,39.74,40.28
20141127,40.28,40.28,40.28,40.28
20141128,40.56,40.96,40.49,40.65
20141201,40.46,40.99,40.26,40.57
20141202,40.83,40.99,40.44,40.53
20141204,40.78,41.76,40.69,41.56
20141205,41.53,41.98,41.22,41.71
20141208,41.69,42.62,41.66,41.85
20141209,41.35,42.05,41.22,42.04
20141210,41.93,41.93,41.03,41.38
20141211,41.65,41.98,41.25,41.8
20141212,41.42,41.82,41.17,41.23
20141215,41.52,41.87,41.03,41.77
20141216,41.58,41.93,41.09,41.15
20141217,41.29,41.98,40.82,41.86
20141218,42.14,42.26,41.66,41.97
20141219,41.96,42.2,41.56,41.95
20141222,41.9,42.18,41.77,41.98
20141223,42.14,42.93,42.07,42.56
20141224,42.59,43.33,42.44,42.72
20141225,42.72,42.72,42.72,42.72
20141226,42.84,43.47,42.84,43.06
20141229,43.17,43.38,42.88,43.24
20141230,43.17,43.6,43.0,43.23
20141231,43.23,43.54,43.1,43.15
20150101,43.15,43.15,43.15,43.15
20150102,43.13,43.52,42.76,43.35
20150105,43.39,43.8,43.27,43.43
20150106,43.45,43.73,42.23,42.9
20150107,43.03,43.2,42.59,42.96
20150108,43.08,43.69,42.97,43.66
20150109,43.53,43.66,42.9,43.3
20150112,43.3,43.79,43.02,43.72
20150113,43.91,44.46,43.53,44.02
20150114,43.52,44.0,43.29,43.52
20150115,43.63,43.67,42.78,42.98
20150116,42.9,43.25,42.71,43.04
20150119,43.04,43.04,43.04,43.04
20150120,43.22,43.54,42.78,43.14
20150121,43.05,43.24,42.81,43.05
20150122,43.31,43.66,43.14,43.46
20150123,43.37,43.45,42.99,43.23
20150126,43.12,43.83,43.12,43.79
20150127,43.42,44.41,43.38,44.28
20150128,44.5,44.5,43.61,43.8
20150129,43.86,43.96,43.33,43.85
20150130,43.5,43.81,42.86,42.96
20150202,43.42,44.01,42.61,43.99
20150203,43.96,44.44,43.84,44.23
20150204,44.07,44.41,43.88,44.15
20150205,44.33,44.84,44.02,44.82
20150206,44.78,45.01,44.46,44.74
20150209,44.53,45.08,44.46,44.74
20150210,45.04,45.57,44.9,45.53
20150211,45.43,45.5,44.8,45.02
20150212,44.59,45.41,44.45,45.16
20150213,45.31,45.35,44.73,45.11
20150216,45.11,45.11,45.11,45.11
20150217,44.72,45.53,44.6,45.39
20150218,45.5,46.36,45.06,46.31
20150219,49.0,49.0,46.17,47.6
20150220,47.62,47.67,45.46,47.13
20150223,47.2,48.18,47.04,48.08
20150224,48.08,48.13,47.0,47.3
20150225,47.17,47.75,46.39,46.4
20150226,46.36,46.49,45.22,46.04
20150227,46.16,46.45,45.05,45.29
20150302,45.77,46.99,45.63,46.72
20150303,46.66,47.24,46.44,46.95
20150304,46.92,47.0,46.48,46.94
20150305,46.96,47.11,46.42,46.76
20150306,46.75,46.75,45.85,45.97
20150309,46.06,46.83,45.92,46.68
20150310,46.37,46.74,45.82,46.59
20150311,46.62,46.98,45.99,46.87
20150312,46.88,48.02,46.8,47.83
20150313,47.77,48.2,47.25,47.6
20150316,47.45,47.51,45.73,45.92
20150317,45.92,46.56,45.9,46.43
20150318,46.49,47.48,46.39,47.33
20150319,47.2,48.0,47.11,47.43
20150320,47.71,47.74,47.1,47.57
20150323,47.56,48.22,47.49,47.9
20150324,48.07,48.28,47.52,48.11
20150325,48.15,48.43,47.58,47.85
20150326,47.67,48.22,47.34,47.89
20150327,47.96,48.67,47.8,48.56
20150330,48.71,48.84,48.16,48.31
20150331,48.02,48.7,47.96,48.41
20150401,48.37,48.37,47.47,47.69
20150402,47.82,48.5,47.71,48.26
20150403,48.26,48.26,48.26,48.26
20150406,48.27,49.14,48.27,49.12
20150407,49.2,49.29,48.08,48.19
20150408,48.36,48.56,47.95,48.49
20150409,48.49,48.61,48.02,48.25
20150410,48.3,49.08,48.3,48.88
20150413,48.74,48.91,47.95,48.01
20150414,47.8,48.08,47.17,47.83
20150415,47.93,48.33,47.83,48.03
20150416,48.0,48.69,47.78,48.35
20150417,48.28,48.64,47.99,48.19
20150420,48.28,48.86,47.91,48.82
20150421,48.84,49.1,48.4,48.6
20150422,49.33,50.36,48.87,49.97
20150423,50.08,50.34,49.07,49.88
20150424,50.05,51.09,49.78,51.08
20150427,50.29,50.42,48.62,48.71
20150428,48.72,48.98,47.84,48.33
20150429,48.13,48.43,47.07,47.26
20150430,47.19,47.94,46.81,47.02
20150504,47.62,47.85,46.94,47.12
20150505,47.18,47.45,46.76,46.95
20150506,47.16,47.24,46.56,46.6
20150507,46.66,47.12,46.55,46.63
20150508,47.08,48.03,46.96,47.5
20150511,47.32,47.73,47.26,47.44
20150512,47.2,47.95,46.93,47.83
20150513,48.0,48.11,47.51,47.74
20150514,47.93,48.9,47.63,48.89
20150515,49.69,50.34,49.54,49.89
20150518,49.78,49.99,49.46,49.47
20150519,49.7,49.86,49.27,49.84
20150520,49.95,50.18,49.56,49.59
20150521,49.88,49.92,49.33,49.8
20150522,49.28,49.56,48.89,48.97
20150525,48.97,48.97,48.97,48.97
20150526,48.71,49.1,48.06,48.43
20150527,48.62,49.28,48.62,49.16
20150528,49.0,49.45,49.0,49.33
20150529,49.27,49.4,48.73,48.86
20150601,49.14,49.2,48.5,48.79
20150602,48.58,48.71,47.89,47.91
20150603,47.86,47.98,47.1,47.23
20150604,47.27,47.36,46.7,46.9
20150605,46.67,46.95,46.5,46.64
20150608,46.7,46.72,45.52,45.83
20150609,46.04,47.17,45.98,47.1
20150610,47.2,47.71,46.92,47.48
20150611,47.68,48.41,47.63,48.14
20150612,47.99,48.2,47.78,47.96
20150615,47.96,47.97,47.11,47.67
20150616,47.69,48.23,47.37,47.9
20150617,47.87,47.99,46.76,46.99
20150618,46.95,47.54,46.86,47.18
20150619,47.27,47.36,46.83,46.88
20150622,46.9,47.1,46.63,46.94
20150623,46.97,47.1,46.61,46.81
20150624,46.58,46.77,45.76,45.81
20150625,45.79,46.49,45.69,46.08
20150626,46.16,46.29,45.51,45.63
20150629,45.27,45.59,44.43,44.49
20150630,44.57,45.11,44.34,44.85
20150701,45.04,45.43,44.83,45.42
20150702,45.33,45.38,44.8,45.3
20150703,45.3,45.3,45.3,45.3
20150706,45.0,46.32,44.83,46.16
20150707,46.5,46.5,45.42,46.48
20150708,46.03,46.48,45.75,46.11
20150709,46.55,46.92,46.28,46.58
20150710,46.87,47.62,46.87,47.52
20150713,48.04,48.47,47.75,48.05
20150714,47.94,48.66,47.85,48.52
20150715,48.32,48.68,47.12,47.25
20150716,47.29,47.5,46.08,47.1
20150717,47.11,47.33,46.33,46.35
20150720,46.5,46.54,45.88,46.35
20150721,46.24,46.63,46.07,46.29
20150722,45.0,47.47,44.5,46.15
20150723,46.48,46.58,45.34,45.46
20150724,45.72,46.14,45.33,45.7
20150727,45.68,46.32,45.63,45.91
20150728,46.16,46.88,45.73,45.84
20150729,45.94,46.24,45.63,46.04
20150730,46.05,46.42,45.87,46.14
20150731,46.44,46.92,46.24,46.64
20150803,46.63,47.14,46.38,46.84
20150804,46.76,47.23,46.58,46.86
20150805,46.86,47.38,46.53,46.81
20150806,46.5,46.68,45.72,46.36
20150807,46.34,46.34,45.65,45.79
20150810,45.8,46.05,45.72,45.88
20150811,45.73,45.73,44.74,44.88
20150812,44.53,45.27,44.34,45.13
20150813,45.27,45.61,45.03,45.52
20150814,45.33,45.78,45.0,45.62
20150817,45.49,46.33,45.31,46.13
20150818,46.15,46.45,45.95,46.06
20150819,45.69,45.94,45.48,45.65
20150820,45.19,45.45,44.67,44.71
20150821,44.31,44.88,44.06,44.1
20150824,42.38,44.03,41.6,42.34
20150826,43.09,44.45,42.53,44.33
20150827,44.6,45.14,43.76,44.65
20150828,44.37,45.35,44.28,45.19
20150831,44.81,45.28,44.71,44.97
20150901,44.04,44.23,43.03,43.22
20150902,43.55,44.41,43.47,44.36
20150903,44.34,45.03,44.23,44.78
20150904,44.29,44.97,44.19,44.54
20150907,44.54,44.54,44.54,44.54
20150908,45.01,45.44,44.77,45.3
20150909,45.61,45.87,45.09,45.14
20150910,45.0,45.39,44.57,44.82
20150911,44.61,45.16,44.52,45.16
20150914,45.15,45.55,44.91,45.03
20150915,45.01,45.27,44.67,45.01
20150916,45.42,46.6,45.01,46.46
20150917,46.27,46.84,46.13,46.24
20150918,45.65,46.09,45.23,45.46
20150921,45.68,46.42,45.54,45.92
20150922,45.28,45.66,44.85,45.27
20150923,45.48,46.62,45.14,46.24
20150924,45.67,46.63,45.62,46.29
20150925,46.88,47.19,46.04,46.35
20150928,45.92,46.23,44.18,44.6
20150929,44.57,44.88,44.04,44.48
20150930,44.82,45.82,44.82,45.78
20151001,45.75,46.37,45.47,46.33
20151002,46.08,46.96,45.46,46.95
20151005,47.28,48.04,47.04,48.0
20151006,47.85,48.38,47.55,48.16
20151007,48.17,49.14,47.64,48.93
20151008,48.69,48.93,48.09,48.24
20151009,48.25,48.52,47.14,47.92
20151012,47.89,48.53,47.59,48.49
20151013,48.33,48.92,48.29,48.33
20151014,48.25,48.58,47.95,48.14
20151015,48.22,48.87,48.04,48.7
20151016,48.88,49.18,48.66,48.93
20151019,48.81,50.27,48.36,50.17
20151020,50.0,51.92,49.25,51.08
20151021,51.38,52.34,51.05,51.19
20151022,51.26,52.72,50.95,52.47
20151023,52.85,53.0,52.32,52.59
20151026,52.63,52.79,52.19,52.2
20151027,51.85,51.87,50.64,51.25
20151028,51.63,51.89,50.74,51.51
20151029,51.49,52.77,51.23,52.54
20151030,52.7,52.74,51.89,52.04
20151102,52.2,52.28,51.66,51.87
20151103,51.75,52.15,51.37,51.94
20151104,51.92,52.15,51.5,51.88
20151105,51.73,52.14,51.67,52.03
20151106,51.81,52.19,51.67,51.87
20151109,51.0,51.7,51.0,51.35
20151110,51.35,52.25,51.35,52.17
20151111,52.31,52.94,52.01,52.39
20151112,52.15,52.28,51.31,51.32
20151113,51.28,51.86,50.9,51.27
20151116,51.13,51.38,50.79,51.38
20151117,51.43,51.7,50.99,51.19
20151118,51.21,51.87,50.92,51.87
20151119,51.97,52.06,51.31,51.41
20151120,51.47,52.21,51.44,52.1
20151123,52.11,52.83,52.0,52.79
20151124,52.2,52.94,51.97,52.65
20151125,52.6,53.31,52.6,53.11
20151126,53.11,53.11,53.11,53.11
20151127,52.97,53.2,52.5,52.92
20151130,52.62,52.76,51.8,51.9
20151201,52.14,52.74,51.72,52.71
20151202,52.75,53.15,52.42,52.54
20151203,52.89,53.59,52.16,52.49
20151204,52.54,53.59,52.54,53.06
20151207,52.96,53.37,52.84,53.11
20151208,52.61,53.12,51.95,52.77
20151209,52.48,52.97,52.29,52.61
20151210,52.87,53.07,52.5,52.69
20151211,52.23,52.9,51.89,51.99
20151214,51.86,52.43,51.13,51.76
20151215,52.01,53.39,51.99,53.07
20151216,53.37,53.74,53.13,53.5
20151217,53.54,54.0,53.13,53.26
20151218,53.12,53.57,52.57,52.58
20151221,53.2,53.79,52.74,53.68
20151222,53.75,53.87,53.22,53.6
20151223,53.75,54.14,53.57,54.01
20151224,53.83,54.86,53.83,54.63
20151225,54.63,54.63,54.63,54.63
20151228,54.67,55.05,54.32,54.96
20151229,55.1,55.22,54.25,54.74
20151230,54.52,55.11,54.47,54.86
20151231,54.69,55.35,54.62,54.94
20160101,54.94,54.94,54.94,54.94
20160104,54.13,54.49,53.51,54.49
20160105,54.71,54.95,53.98,54.07
20160106,53.42,54.51,53.39,53.97
20160107,53.16,54.33,52.98,53.97
20160108,54.24,54.54,52.96,53.08
20160111,53.12,53.71,52.74,53.39
20160112,53.7,54.06,53.21,53.73
20160113,53.77,53.79,52.04,52.28
20160114,52.27,52.47,50.4,50.95
20160115,49.98,50.08,47.63,48.25
20160118,48.25,48.25,48.25,48.25
20160119,48.36,48.76,47.4,47.99
20160120,47.54,47.63,45.24,46.74
20160121,46.89,48.53,46.62,47.75
20160122,48.44,49.41,48.1,49.31
20160125,49.1,49.16,47.87,47.95
20160126,47.95,49.55,47.59,49.4
20160127,49.51,50.88,49.43,49.93
20160128,50.46,50.46,49.45,49.75
20160129,49.96,50.37,49.22,50.27
20160201,50.12,51.37,49.61,51.08
20160202,50.62,50.75,48.94,49.46
20160203,49.73,49.92,48.45,49.48
20160204,49.02,49.78,48.63,49.14
20160205,49.0,49.31,47.91,48.18
20160208,47.55,47.95,46.73,47.59
20160209,46.99,48.74,46.76,47.75
20160210,47.94,49.27,47.72,47.77
20160211,46.41,47.63,46.03,47.11
20160212,47.56,47.96,47.0,47.52
20160215,47.52,47.52,47.52,47.52
20160216,48.13,49.66,47.82,49.66
20160217,50.07,51.9,49.84,51.39
20160218,53.0,53.61,51.1,52.68
20160219,52.75,52.88,50.52,51.38
20160222,51.6,52.35,51.23,52.23
20160223,52.2,52.49,51.5,51.79
20160224,51.27,51.66,50.41,51.5
20160225,51.61,51.92,51.02,51.53
20160226,51.71,52.58,51.37,51.6
20160229,51.54,52.07,50.8,50.86
20160301,51.47,51.8,50.45,51.43
20160302,51.27,51.66,50.8,51.58
20160303,51.26,52.0,51.18,51.94
20160304,52.0,52.67,51.84,52.56
20160307,52.5,53.18,52.0,52.21
20160308,52.08,52.14,51.59,51.67
20160309,51.85,53.23,51.66,53.23
20160310,53.37,54.34,52.57,53.05
20160311,53.22,53.87,53.01,53.24
20160314,53.3,53.63,53.01,53.53
20160315,52.95,53.11,52.43,52.61
20160316,52.6,52.91,52.19,52.69
20160317,52.57,53.76,52.57,53.5
20160318,53.43,54.84,52.9,54.72
20160321,54.89,54.89,54.01,54.38
20160322,53.89,54.18,53.41,54.0
20160323,54.06,54.06,53.52,53.54
20160324,53.43,53.84,53.1,53.82
20160325,53.82,53.82,53.82,53.82
20160328,54.03,55.03,54.03,54.94
20160329,54.38,54.98,54.24,54.88
20160330,55.06,56.33,54.76,56.06
20160331,56.0,56.19,55.16,55.49
20160401,56.1,58.3,56.06,58.19
20160404,58.35,58.9,57.62,58.01
20160405,57.53,58.72,57.29,57.56
20160406,57.84,59.12,57.84,58.98
20160407,58.85,59.27,58.06,59.11
20160408,59.47,59.92,59.1,59.42
20160411,59.8,59.91,58.41,59.37
20160412,59.35,59.43,58.39,58.81
20160413,58.84,59.62,58.72,59.0
20160414,58.65,59.25,57.92,58.52
20160415,58.34,58.8,58.02,58.21
20160418,58.24,58.96,58.01,58.72
20160419,58.8,59.01,58.25,58.54
20160420,58.47,58.53,58.01,58.13
20160421,58.19,58.34,57.56,57.89
20160422,57.66,57.93,56.83,57.7
20160425,57.84,58.28,57.63,58.26
20160426,58.18,58.73,58.01,58.65
20160427,60.19,62.69,60.05,61.33
20160428,61.35,62.21,60.67,61.14
20160429,61.23,61.23,59.48,60.05
20160502,59.9,60.26,59.36,59.69
20160503,59.2,59.2,58.25,58.8
20160504,58.51,58.75,58.22,58.46
20160505,58.57,58.63,57.96,58.03
20160506,57.73,58.59,57.5,58.41
20160509,58.55,58.98,58.25,58.45
20160510,58.57,58.64,57.98,58.44
20160511,58.41,58.5,57.73,57.77
20160512,58.0,58.52,57.35,58.36
20160513,58.17,58.65,57.67,58.01
20160516,57.89,58.67,57.66,58.31
20160517,58.24,58.63,58.03,58.42
20160518,58.37,58.47,57.34,57.8
20160519,57.41,58.18,57.25,58.01
20160520,58.08,58.75,58.05,58.38
20160523,58.64,59.34,58.57,59.16
20160524,58.8,59.48,58.52,59.25
20160525,59.15,59.39,58.53,58.59
20160526,58.69,59.11,58.02,58.41
20160527,58.38,58.38,57.2,57.49
20160530,57.49,57.49,57.49,57.49
20160531,57.3,57.98,57.19,57.69
20160601,57.42,57.74,57.03,57.53
20160602,57.52,58.09,57.52,58.08
20160603,57.8,58.25,57.16,57.7
20160606,57.62,57.86,57.17,57.53
20160607,57.79,58.54,57.79,58.25
20160608,58.64,58.92,58.33,58.45
20160609,58.33,58.73,58.15,58.42
20160610,57.99,58.02,57.34,57.79
20160613,57.42,57.9,57.14,57.53
20160614,57.26,57.56,56.9,57.18
20160615,57.0,57.76,57.0,57.12
20160616,56.36,56.59,55.72,56.54
20160617,56.31,56.37,55.73,55.85
20160620,56.38,57.34,56.38,57.04
20160621,57.13,57.22,56.35,56.42
20160622,56.49,57.9,56.45,57.84
20160623,58.0,58.66,57.91,58.43
20160624,56.79,58.59,56.79,57.58
20160627,56.74,57.11,55.18,55.57
20160628,56.46,56.73,55.42,56.66
20160629,56.89,58.42,56.89,58.42
20160630,58.79,58.86,57.5,57.95
20160701,57.84,58.2,57.23,57.54
20160704,57.54,57.54,57.54,57.54
20160705,57.42,57.42,56.12,56.61
20160706,56.63,57.53,56.56,57.14
20160707,57.35,57.76,56.95,57.17
20160708,57.41,57.97,57.41,57.82
20160711,58.0,58.44,57.45,58.27
20160712,58.73,59.11,58.22,58.35
20160713,58.59,59.0,58.26,58.85
20160714,59.31,59.42,58.54,58.64
20160715,58.49,59.12,58.19,58.98
20160718,58.94,59.28,58.74,59.19
20160719,59.16,59.66,59.06,59.32
20160720,59.68,60.28,59.47,60.16
20160721,60.07,60.1,58.58,59.21
20160722,59.49,59.69,59.1,59.46
20160725,59.22,59.42,58.97,59.38
20160726,59.22,60.0,58.85,59.46
20160727,56.16,58.31,56.0,56.69
20160728,56.32,57.55,56.0,57.26
20160729,57.0,57.3,56.23,56.39
20160801,56.14,56.44,55.71,55.81
20160802,55.61,55.65,54.47,54.47
20160803,54.29,54.8,53.93,54.7
20160804,54.65,54.77,54.15,54.28
20160805,54.53,54.75,53.93,54.01
20160808,53.97,54.22,53.52,53.62
20160809,53.56,53.62,52.74,52.77
20160810,52.96,53.01,51.82,52.99
20160811,53.27,53.66,52.79,53.2
20160812,53.2,53.36,52.93,52.98
20160815,52.84,52.9,51.13,51.52
20160816,51.44,51.59,50.84,50.89
20160817,51.0,51.09,50.49,50.94
20160818,50.71,50.96,50.22,50.85
20160819,50.82,50.82,50.06,50.1
20160822,50.15,50.41,49.36,50.31
20160823,50.67,51.95,50.5,50.7
20160824,50.63,50.92,50.22,50.39
20160825,50.43,50.67,49.85,50.01
20160826,50.25,50.34,49.56,49.87
20160829,49.96,50.59,49.62,50.18
20160830,50.25,50.29,49.51,49.58
20160831,49.49,49.54,48.24,48.77
20160901,48.21,48.59,47.85,48.26
20160902,48.32,49.14,48.29,48.38
20160905,48.38,48.38,48.38,48.38
20160906,48.52,48.68,48.06,48.06
20160907,48.25,49.5,48.12,49.41
20160908,49.4,49.89,49.04,49.4
20160909,49.02,49.03,48.2,48.3
20160912,47.82,49.48,47.61,49.37
20160913,48.99,51.63,48.58,51.45
20160914,51.5,52.74,51.4,51.93
20160915,51.93,53.36,51.93,52.71
20160916,52.42,53.06,51.8,51.82
20160919,51.9,52.54,51.75,52.21
20160920,52.16,52.48,51.89,51.93
20160921,52.1,52.45,51.7,52.3
20160922,52.72,53.86,52.58,53.73
20160923,53.44,53.94,53.36,53.72
20160926,53.59,54.11,53.52,54.0
20160927,54.12,54.45,53.91,54.0
20160928,54.0,54.3,53.15,53.61
20160929,53.45,53.67,52.89,53.25
20160930,53.29,53.85,53.1,53.61
20161003,53.73,54.39,53.61,54.29
20161004,54.2,54.68,54.0,54.17
20161005,53.92,54.27,52.91,53.05
20161006,52.69,53.14,52.69,52.96
20161007,53.0,53.08,52.39,52.51
20161010,52.5,52.9,51.8,51.88
20161011,51.96,52.03,50.9,51.28
20161012,51.43,51.57,50.86,51.09
20161013,50.81,51.01,50.33,50.68
20161014,50.93,51.37,50.74,50.75
20161017,50.6,51.06,50.52,50.89
20161018,51.24,51.67,51.02,51.09
20161019,51.33,51.59,50.86,51.37
20161020,51.25,51.65,51.04,51.55
20161021,51.4,51.84,51.25,51.82
20161024,52.13,52.77,51.7,51.75
20161025,51.53,51.53,50.57,51.25
20161026,51.73,54.25,51.19,53.89
20161027,53.77,54.35,53.15,53.28
20161028,53.31,54.35,53.23,54.17
20161031,54.46,55.77,54.07,55.65
20161101,55.65,55.83,55.25,55.42
20161102,55.15,55.86,55.15,55.33
20161103,55.29,55.96,55.1,55.27
20161104,55.64,55.97,55.17,55.31
20161107,55.81,56.9,55.51,56.71
20161108,56.59,57.29,56.41,57.1
20161109,56.0,57.47,55.29,56.89
20161110,57.17,57.51,56.46,56.48
20161111,56.44,56.5,56.08,56.17
20161114,56.11,56.48,53.98,54.5
20161115,54.77,54.93,54.03,54.06
20161116,54.14,55.0,54.14,54.96
20161117,55.14,55.99,55.02,55.95
20161118,56.01,56.25,55.65,56.23
20161121,56.39,57.06,56.39,56.98
20161122,57.26,57.55,56.82,57.39
20161123,57.5,57.88,57.1,57.74
20161124,57.74,57.74,57.74,57.74
20161125,57.57,57.84,57.44,57.83
20161128,57.67,57.8,57.22,57.35
20161129,56.71,57.69,56.37,57.48
20161130,57.59,58.04,57.46,57.64
20161201,57.27,57.75,57.09,57.4
20161202,57.19,57.9,57.16,57.64
20161205,57.95,58.45,57.15,57.57
20161206,57.75,58.67,57.32,58.6
20161207,58.48,59.62,58.45,59.52
20161208,59.54,59.72,58.95,59.09
20161209,59.3,59.57,58.78,59.15
20161212,59.0,59.0,58.33,58.44
20161213,58.57,59.06,58.57,59.0
20161214,59.0,59.47,58.72,59.13
20161215,59.12,59.3,58.78,58.81
20161216,59.0,59.27,58.63,58.93
20161219,58.85,59.93,58.72,59.77
20161220,60.0,60.54,59.77,60.29
20161221,60.13,60.23,59.81,60.06
20161222,60.09,60.09,59.45,59.73
20161223,59.87,59.93,59.41,59.79
20161226,59.79,59.79,59.79,59.79
20161227,59.9,60.05,59.71,59.91
20161228,60.39,60.59,60.0,60.2
20161229,60.25,60.69,60.09,60.3
20161230,60.2,60.26,59.36,59.96
20170102,59.96,59.96,59.96,59.96
20170103,59.8,60.25,59.6,60.06
20170104,60.1,60.87,59.98,60.01
20170105,60.27,60.87,60.11,60.6
20170106,60.76,61.16,60.35,60.62
20170109,60.75,60.8,60.28,60.4
20170110,60.72,61.31,60.34,60.68
20170111,60.47,60.98,60.31,60.93
20170112,60.89,61.0,60.31,60.57
20170113,60.76,60.87,60.28,60.6
20170116,60.6,60.6,60.6,60.6
20170117,60.46,60.71,60.31,60.51
20170118,60.71,61.05,60.44,60.61
20170119,60.5,60.65,59.97,60.13
20170120,60.07,60.62,60.06,60.54
20170123,60.25,61.04,60.08,60.89
20170124,60.89,61.39,60.77,61.25
20170125,61.4,61.81,60.77,60.79
20170126,60.86,61.3,60.09,60.83
20170127,60.79,60.9,60.3,60.5
20170130,60.4,60.53,59.46,59.65
20170131,59.69,59.8,59.42,59.58
20170201,59.59,60.4,59.39,60.35
20170202,60.56,60.73,60.17,60.52
20170203,60.59,60.78,60.24,60.69
20170206,60.54,60.82,60.32,60.57
20170207,60.41,60.67,59.73,59.85
20170208,60.11,62.03,59.82,60.8
20170209,60.97,61.44,60.3,60.48
20170210,60.52,60.79,60.27,60.5
20170213,60.73,61.02,60.07,60.29
20170214,60.22,60.96,60.03,60.91
20170215,60.62,61.72,60.6,61.64
20170216,61.95,62.09,61.56,61.79
20170217,61.7,61.95,61.18,61.65
20170220,61.65,61.65,61.65,61.65
20170221,61.65,61.76,61.03,61.16
20170222,62.0,62.63,58.65,59.08
20170223,59.69,59.78,58.82,59.36
20170224,59.32,59.46,57.9,59.34
20170227,58.66,60.17,58.43,60.01
20170228,60.03,60.97,59.99,60.61
20170301,61.19,61.2,59.52,59.85
20170302,59.65,60.16,59.32,59.78
20170303,59.79,59.79,58.68,59.15
20170306,59.01,59.99,58.67,59.84
20170307,59.64,59.97,59.1,59.13
20170308,59.42,59.75,58.93,59.21
20170309,59.36,59.63,59.06,59.3
20170310,59.47,59.84,59.24,59.7
20170313,59.91,60.57,59.17,59.22
20170314,59.12,59.36,58.72,58.94
20170315,59.03,59.19,58.71,59.04
20170316,59.04,59.08,58.46,58.94
20170317,58.8,59.38,58.65,59.38
20170320,59.38,59.41,58.22,58.52
20170321,58.64,58.78,57.61,57.76
20170322,57.8,57.8,57.05,57.58
20170323,57.54,57.82,57.34,57.65
20170324,58.0,59.04,57.89,58.61
20170327,58.26,58.62,57.68,58.52
20170328,58.59,58.86,57.96,58.29
20170329,58.3,58.58,57.78,58.52
20170330,58.86,59.82,58.72,59.7
20170331,59.75,59.8,59.26,59.49
20170403,59.43,59.43,58.78,58.93
20170404,58.69,58.71,58.19,58.32
20170405,58.54,58.69,57.38,57.59
20170406,57.07,57.97,57.01,57.75
20170407,57.71,57.99,57.23,57.53
20170410,57.47,57.83,57.29,57.46
20170411,57.35,57.79,57.16,57.78
20170412,57.72,58.19,57.25,57.6
20170413,57.89,58.64,57.48,58.01
20170414,58.01,58.01,58.01,58.01
20170417,58.03,59.97,57.76,59.8
20170418,59.7,59.86,59.33,59.62
20170419,59.68,60.78,59.47,60.28
20170420,60.38,61.53,60.38,61.14
20170421,61.71,62.13,61.35,61.57
20170424,61.85,62.19,61.63,61.91
20170425,62.16,62.24,61.44,61.57
20170426,62.0,65.19,61.26,64.88
20170427,65.0,65.0,62.82,62.87
20170428,62.91,62.96,62.0,62.61
20170501,62.95,63.28,61.96,62.05
20170502,62.05,62.08,61.33,61.8
20170503,61.81,62.0,61.4,61.74
20170504,61.82,63.48,61.77,63.46
20170505,63.47,63.93,63.42,63.52
20170508,63.39,63.45,62.6,62.78
20170509,62.83,62.96,62.45,62.72
20170510,62.59,62.86,62.22,62.66
20170511,62.65,62.87,61.71,62.63
20170512,62.42,62.52,61.75,61.99
20170515,62.14,62.25,61.88,61.92
20170516,61.86,62.35,61.77,62.0
20170517,61.75,61.95,60.82,61.26
20170518,61.26,61.95,61.03,61.74
20170519,61.91,61.94,61.21,61.44
20170522,61.51,61.86,61.35,61.78
20170523,61.08,61.54,61.08,61.3
20170524,61.43,61.91,60.96,61.84
20170525,61.88,61.88,61.03,61.03
20170526,60.98,61.11,60.47,60.85
20170529,60.85,60.85,60.85,60.85
20170530,60.93,61.42,60.77,60.88
20170531,60.98,61.12,59.91,60.38
20170601,60.47,60.77,60.16,60.23
20170602,60.43,60.71,59.54,59.84
20170605,59.82,59.82,57.95,58.22
20170606,58.07,58.74,57.6,58.34
20170607,58.53,59.77,58.38,59.65
20170608,59.7,61.61,59.41,61.01
20170609,61.04,61.43,60.47,60.5
20170612,60.38,60.73,59.91,60.03
20170613,60.25,60.3,59.12,59.55
20170614,59.66,60.05,59.38,59.65
20170615,59.48,59.54,58.48,58.55
20170616,58.5,58.67,58.26,58.43
20170619,58.54,58.66,57.9,58.23
20170620,58.12,58.37,57.14,57.77
20170621,57.86,59.94,57.86,59.53
20170622,59.5,61.71,59.18,60.8
20170623,60.71,60.71,59.93,60.06
20170626,60.16,60.19,59.19,60.08
20170627,60.0,60.69,59.66,60.5
20170628,60.75,61.78,60.62,61.26
20170629,61.22,61.34,60.16,60.44
20170630,60.55,60.57,59.12,59.61
20170703,59.75,60.35,59.34,59.56
20170704,59.56,59.56,59.56,59.56
20170705,59.56,59.67,58.28,58.55
20170706,58.31,58.5,57.65,57.68
20170707,57.79,57.79,56.87,57.41
20170710,57.46,57.81,57.18,57.7
20170711,57.69,58.41,57.24,58.23
20170712,58.5,59.99,58.36,59.51
20170713,59.48,59.73,58.68,59.61
20170714,59.54,59.58,58.59,58.64
20170717,58.67,59.63,58.15,59.05
20170718,59.25,59.25,55.59,57.01
20170719,57.01,57.46,55.96,57.29
20170720,57.4,57.4,55.77,56.28
20170721,56.56,56.71,55.39,55.87
20170724,55.9,56.27,55.54,55.62
20170725,55.73,56.12,54.67,55.79
20170726,55.23,59.98,55.11,59.23
20170727,57.94,58.47,56.69,56.99
20170728,56.78,58.43,56.78,57.99
20170731,58.04,58.305,56.351000000000006,56.87
20170801,57.23,57.74,56.68,56.86
20170802,56.86,56.86,55.015,55.31
20170803,55.4,55.78,54.96,55.6
20170804,55.7,56.52,55.37,56.28
20170807,56.37,56.68,55.28,55.33
20170808,55.15,56.17,54.6,55.37
20170809,55.22,55.365,54.47,54.6
20170810,54.4,54.85,54.19,54.51
20170811,54.26,54.99,54.15,54.32
20170814,54.62,54.98,53.8,53.81
20170815,53.93,54.28,53.39,53.8
20170816,53.54,54.62,53.43,54.42
20170817,54.46,55.18,54.11,54.75
20170818,54.66,54.86,53.39,53.89
20170821,53.85,53.85,52.05,53.23
20170822,53.29,53.42,52.795,53.22
20170823,53.1,53.16,51.73,52.28
20170824,52.39,53.15,52.0,52.8
20170825,52.85,53.23,52.25,53.07
20170828,53.19,53.19,51.68,51.9
20170829,51.28,52.63,51.25,52.38
20170830,52.78,53.59,52.47,53.12
20170831,53.74,55.26,53.6,54.57
20170901,54.28,54.65,53.47,53.62
20170904,53.62,53.62,53.62,53.62
20170905,53.47,53.74,52.73,53.23
20170906,53.21,53.92,52.85,53.6
20170907,53.55,53.61,51.98,52.1
20170908,52.16,52.75,51.65,52.67
20170911,52.75,55.15,52.64,55.14
20170912,55.14,55.31,54.77,55.29
20170913,55.2,56.5,55.17,56.14
20170914,55.94,57.49,55.46,57.4
20170915,57.32,57.67,56.83,57.61
20170918,57.61,58.37,56.38,57.07
20170919,57.29,57.57,56.72,56.75
20170920,56.9,56.93,56.01,56.75
20170921,56.76,57.91,56.59,57.82
20170922,57.93,59.33,57.93,58.96
20170925,58.0,58.53,57.5,57.77
20170926,57.82,58.75,57.76,58.02
20170927,59.88,61.19,59.79,59.93
20170928,59.93,61.14,59.51,60.88
20170929,61.0,61.66,60.11,60.94
20171002,60.48,60.91,60.37,60.67
20171003,60.53,61.13,60.39,61.07
20171004,61.12,62.11,61.12,61.83
20171005,61.62,62.25,61.05,61.23
20171006,61.0,61.17,59.935,60.17
20171009,60.17,61.42,60.095,61.28
20171010,61.63,62.16,60.73,60.92
20171011,60.79,61.55,60.79,61.15
20171012,61.0,61.9,60.79,61.37
20171013,61.36,62.5,61.25,61.97
20171016,61.7,62.355,61.12,61.51
20171017,61.11,61.33,59.61,59.9
20171018,59.88,60.955,59.73,60.36
20171019,60.17,61.19,59.76,60.65
20171020,60.98,61.3,60.44,60.82
20171023,61.05,61.745,60.84,61.27
20171024,61.45,62.28,61.45,62.09
20171025,59.17,60.85,58.76,60.7
20171026,62.01,64.07,61.46,62.63
20171027,62.59,63.16,62.035,62.72
20171030,62.61,62.66,61.55,62.0
20171031,62.0,63.08,61.88,62.79
20171101,63.11,63.43,62.67,63.09
20171102,62.95,64.62,62.95,64.24
20171103,64.25,64.58,63.5,63.8
20171106,63.93,64.83,63.93,63.95
20171107,64.18,64.57,63.92,64.28
20171108,64.3,64.96,64.28,64.72
20171109,64.74,65.24,64.73,65.1
20171110,65.25,65.75,64.64,64.68
20171113,64.25,65.04,64.11,64.73
20171114,64.73,65.35,64.28,65.27
20171115,65.14,65.15,64.54,64.66
20171116,64.8,65.34,64.69,64.96
20171117,64.74,65.6,64.6,65.49
20171120,65.72,65.72,64.06,64.19
20171121,64.16,64.78,64.08,64.51
20171122,64.28,65.41,64.08,64.59
20171123,64.59,64.59,64.59,64.59
20171124,64.71,65.18,64.25,65.1
20171127,65.08,65.65,64.37,64.4
20171128,64.44,64.44,63.65,63.83
20171129,63.06,64.53,63.06,64.16
20171130,64.23,65.46,63.97,65.42
20171201,65.67,66.2,65.17,65.82
20171204,66.09,66.55,65.54,65.58
20171205,65.84,66.35,65.63,66.13
20171206,66.25,66.645,66.01,66.11
20171207,66.05,66.48,64.96,65.19
20171208,65.54,66.28,65.19,65.29
20171211,65.3,66.46,65.29,66.37
20171212,66.47,66.47,65.37,65.5
20171213,65.82,65.96,65.35,65.47
20171214,65.61,66.43,65.54,65.7
20171215,65.88,67.25,65.88,66.9
20171218,67.39,67.65,66.83,67.51
20171219,67.56,67.775,66.23,66.25
20171220,66.66,67.23,66.17,67.06
20171221,66.99,67.71,66.65,67.35
20171222,67.27,67.77,67.25,67.52
20171225,67.52,67.52,67.52,67.52
20171226,67.69,67.935,66.96,67.58
20171227,67.58,67.79,67.2,67.33
20171228,67.55,67.77,66.67,66.95
20171229,67.05,67.57,66.54,66.57
20180101,66.57,66.57,66.57,66.57
20180102,67.0,67.35,65.96,66.84
20180103,66.84,67.15,65.32,65.53
20180104,65.86,65.92,64.86,65.08
20180105,65.55,65.93,65.25,65.7
20180108,65.96,66.54,65.25,66.02
20180109,66.26,66.57,65.66,65.89
20180110,65.67,65.83,64.72,65.74
20180111,65.81,67.34,65.75,67.18
20180112,67.27,68.07,67.05,67.97
20180115,67.97,67.97,67.97,67.97
20180116,68.66,69.0,66.85,66.97
20180117,67.17,67.88,66.96,67.29
20180118,67.4,67.93,67.11,67.25
20180119,67.26,68.0,67.2,67.87
20180122,68.12,68.57,67.79,68.0
20180123,67.91,68.44,67.65,67.81
20180124,67.99,69.35,67.84,69.2
20180125,69.33,69.99,69.02,69.55
20180126,69.5,69.5,68.02,68.74
20180129,68.37,68.41,67.77,67.91
20180130,67.74,68.14,67.2,67.42
20180131,67.72,68.04,67.1,67.56
20180201,67.51,68.55,67.24,68.06
20180202,67.95,67.95,65.99,66.2
20180205,65.76,66.57,64.44,64.62
20180206,63.37,65.52,62.26,65.02
20180207,65.07,66.03,64.9,65.0
20180208,65.14,65.14,63.85,64.0
20180209,64.73,66.28,63.42,66.04
20180212,66.21,66.38,65.02,65.78
20180213,65.51,65.75,64.99,65.41
20180214,65.22,67.52,64.82,67.43
20180215,66.74,68.4,66.71,68.35
20180216,68.6,70.44,68.6,69.38
20180219,69.38,69.38,69.38,69.38
20180220,68.95,68.95,65.98,66.18
20180221,66.57,67.34,65.53,66.74
20180222,66.86,67.16,65.09,65.45
20180223,65.85,66.9,65.785,66.89
20180226,66.95,67.05,66.32,66.73
20180227,66.9,67.02,64.95,64.97
20180228,65.31,65.52,64.08,64.09
20180301,64.09,64.65,62.78,63.25
20180302,62.66,64.23,62.51,64.15
20180305,63.99,64.73,63.91,64.62
20180306,64.77,65.19,63.14,63.93
20180307,63.52,64.53,63.475,64.48
20180308,64.86,65.16,63.5,64.15
20180309,64.44,64.53,63.15,64.41
20180312,64.56,64.83,63.17,63.83
20180313,64.01,64.7,62.92,63.05
20180314,63.39,63.86,62.955,63.62
20180315,63.69,64.01,62.18,62.33
20180316,62.4,62.83,61.84,62.2
20180319,61.85,62.03,60.69,61.21
20180320,61.28,61.48,60.36,60.48
20180321,60.38,61.4,60.38,61.06
20180322,60.63,61.68,60.08,60.08
20180323,60.26,61.13,59.5,59.5
20180326,60.19,61.08,59.79,60.67
20180327,60.92,60.92,60.09,60.31
20180328,60.45,62.42,60.45,61.57
20180329,61.71,62.64,61.71,62.26
20180330,62.26,62.26,62.26,62.26
20180402,62.25,62.25,59.57,60.17
20180403,60.43,61.02,60.145,60.98
20180404,60.26,61.74,60.26,61.55
20180405,61.73,63.28,61.54,62.87
20180406,62.44,62.9,61.76,62.16
20180409,62.46,62.63,61.2,61.24
20180410,62.08,62.61,61.835,62.15
20180411,61.88,62.2,61.62,61.93
20180412,62.14,62.3,61.41,61.99
20180413,62.28,62.39,61.54,61.7
20180416,62.0,62.11,61.06,61.22
20180417,61.27,61.91,60.78,61.1
20180418,61.03,61.93,60.97,61.92
20180419,61.78,62.26,61.48,61.72
20180420,61.58,61.855,61.2,61.32
20180423,61.44,61.7,60.47,60.82
20180424,60.88,61.0,58.93,59.16
20180425,63.755,66.82,63.355,64.18
20180426,64.7,65.0,63.3,64.01
20180427,64.3,64.43,63.01,64.0
20180430,64.37,64.37,63.0,63.24
20180501,63.0,63.37,62.22,62.76
20180502,62.91,63.8,62.6,63.48
20180503,63.2,63.52,62.4,62.47
20180504,62.44,63.24,62.03,63.08
20180507,63.18,63.39,62.46,62.61
20180508,62.45,63.21,61.4,62.04
20180509,62.01,62.19,60.92,61.04
20180510,61.33,61.98,61.265,61.92
20180511,62.15,62.45,61.76,62.21
20180514,62.26,63.21,62.13,62.99
20180515,62.91,63.73,62.71,63.32
20180516,63.49,64.48,63.49,63.77
20180517,63.87,64.36,63.74,64.26
20180518,64.31,64.87,63.92,64.53
20180521,64.69,64.92,63.92,64.21
20180522,64.17,64.52,64.0,64.11
20180523,63.9,64.2,62.52,63.13
20180524,63.07,63.83,62.59,63.8
20180525,63.79,64.66,63.79,64.26
20180528,64.26,64.26,64.26,64.26
20180529,63.95,64.6,63.52,64.45
20180530,63.8,65.0,63.8,64.91
20180531,65.13,65.55,64.3,64.52
20180601,64.88,66.41,64.545,66.23
20180604,66.5,66.85,66.11,66.39
20180605,66.27,67.56,66.17,67.44
20180606,67.76,69.99,67.5,69.74
20180607,69.86,70.53,69.27,69.91
20180608,69.99,70.78,69.63,70.67
20180611,70.95,71.41,70.575,71.16
20180612,71.24,72.12,70.78,72.03
20180613,72.0,72.5,71.46,71.49
20180614,71.94,72.58,71.46,72.36
20180615,71.67,72.68,71.58,72.43
20180618,72.06,72.54,71.66,72.04
20180619,71.64,72.0,71.0,71.98
20180620,72.49,72.86,72.07,72.76
20180621,72.8,73.05,72.03,72.2
20180622,72.73,73.38,72.545,72.7
20180625,72.3,72.375,70.85,71.18
20180626,71.45,71.75,70.58,71.54
20180627,71.61,72.0,70.98,70.98
20180628,71.0,71.76,70.65,71.05
20180629,71.08,71.57,69.48,70.05
20180702,69.82,70.52,69.21,70.13
20180703,70.38,71.23,69.99,70.34
20180704,70.34,70.34,70.34,70.34
20180705,70.73,71.15,70.35,71.06
20180706,71.0,71.84,70.97,71.77
20180709,71.5,71.87,70.0,70.2
20180710,69.95,70.44,69.01,69.24
20180711,66.28,68.41,64.37,68.31
20180712,68.29,69.335,67.56,69.15
20180713,69.11,69.8,69.11,69.52
20180716,69.76,70.0,69.27,69.81
20180717,69.35,70.73,69.35,70.39
20180718,70.61,70.83,69.48,69.82
20180719,69.6,71.26,69.49,71.01
20180720,69.33,69.58,67.4,67.64
20180723,67.8,67.96,66.69,67.36
20180724,67.83,67.98,66.0,67.16
20180725,70.85,71.77,66.43,67.25
20180726,66.68,67.74,65.25,66.22
20180727,66.25,66.25,64.91,65.09
20180730,65.01,65.1,63.78,64.45
20180731,64.51,65.76,64.28,64.95
20180801,64.56,64.56,62.67,63.32
20180802,63.22,64.73,63.22,64.47
20180803,64.86,65.47,64.35,64.7
20180806,64.7,65.76,64.7,65.66
20180807,65.67,66.45,65.67,66.24
20180808,66.15,66.65,65.85,65.95
20180809,66.13,66.47,65.86,65.94
20180810,66.03,66.475,65.775,66.14
20180813,66.0,66.75,65.56,66.35
20180814,66.48,67.47,66.42,67.16
20180815,66.87,67.18,66.32,66.98
20180816,66.95,67.67,66.87,67.19
20180817,67.2,67.66,66.92,67.46
20180820,67.63,67.9,66.71,66.85
20180821,67.12,67.45,66.7,67.05
20180822,66.8,67.08,65.11,65.19
20180823,65.0,65.97,64.66,65.9
20180824,65.77,67.08,65.655,66.48
20180827,66.85,67.19,65.15,65.21
20180828,65.21,65.93,64.63,65.68
20180829,65.08,65.79,64.78,65.28
20180830,65.09,65.77,64.86,65.27
20180831,65.19,67.78,64.73,67.55
20180903,67.55,67.55,67.55,67.55
20180904,67.47,68.58,67.17,68.39
20180905,68.47,68.89,68.08,68.44
20180906,68.49,71.94,68.23,71.5
20180907,71.39,72.39,70.81,71.81
20180910,72.13,72.26,70.6,70.62
20180911,70.25,70.415,68.3,69.78
20180912,69.67,70.94,69.595,70.2
20180913,70.4,70.66,68.42,69.41
20180914,69.1,69.4,67.96,68.41
20180917,68.4,68.65,67.1,68.31
20180918,68.21,69.24,67.84,67.94
20180919,67.96,68.22,67.07,67.32
20180920,67.34,67.93,66.58,67.5
20180921,67.61,69.76,67.57,68.72
20180924,68.77,69.33,68.17,69.04
20180925,69.3,70.63,68.86,70.22
20180926,70.36,71.27,70.07,70.43
20180927,70.07,70.87,69.6,69.9
20180928,69.85,70.78,69.47,69.82
20181001,69.82,69.82,68.15,68.45
20181002,68.54,68.67,66.34,66.69
20181003,66.71,67.57,66.37,66.87
20181004,66.81,67.25,65.97,67.13
20181005,67.28,67.71,65.98,66.72
20181008,66.33,66.95,66.03,66.85
20181009,66.88,67.36,66.23,66.29
20181010,66.22,67.0,65.88,66.0
20181011,65.77,66.21,64.77,65.43
20181012,66.1,66.66,65.26,66.19
20181015,66.15,67.4,66.14,67.15
20181016,67.38,69.31,67.0,69.24
20181017,69.24,69.45,68.48,68.58
20181018,68.35,69.19,67.255,67.58
20181019,67.58,67.95,66.06,66.33
20181022,66.33,67.37,65.5,65.57
20181023,64.66,65.18,63.09,63.46
20181024,58.69,58.79,53.29,53.3
20181025,53.54,53.68,51.91,53.33
20181026,53.3,55.14,53.02,54.19
20181029,54.77,56.24,52.18,52.61
20181030,52.88,53.64,52.0,53.56
20181031,54.27,54.51,53.12,53.86
20181101,53.96,56.52,53.87,55.98
20181102,56.34,56.98,55.5,56.29
20181105,56.31,56.89,55.615,56.49
20181106,56.4,58.48,56.33,58.45
20181107,58.61,58.96,57.32,58.35
20181108,58.0,58.68,57.8,58.02
20181109,58.02,58.29,56.91,57.17
20181112,57.07,57.46,56.15,56.26
20181113,56.25,57.35,56.19,56.8
20181114,57.23,57.43,56.28,56.41
20181115,56.47,59.42,56.25,58.84
20181116,58.41,60.17,58.41,59.84
20181119,59.68,60.51,59.05,59.8
20181120,59.16,59.57,58.23,58.49
20181121,58.71,60.25,58.69,59.82
20181122,59.82,59.82,59.82,59.82
20181123,59.5,60.72,59.43,60.39
20181126,61.04,61.04,60.28,60.83
20181127,60.71,61.65,60.385,61.63
20181128,60.81,61.65,60.23,61.54
20181129,61.33,61.94,60.84,61.59
20181130,61.38,61.83,60.66,61.36
20181203,62.25,62.31,59.195,59.81
20181204,60.15,60.25,57.93,57.95
20181205,57.95,57.95,57.95,57.95
20181206,57.14,58.07,56.35,58.03
20181207,57.57,58.4,57.3,57.58
20181210,57.62,60.11,57.26,59.78
20181211,60.49,60.7,58.08,58.39
20181212,59.47,61.19,59.13,59.15
20181213,59.35,59.35,58.07,58.75
20181214,58.32,60.0,58.245,59.16
20181217,59.09,59.39,58.065,58.49
20181218,59.05,59.29,57.165,57.3
20181219,57.37,57.96,55.21,55.56
20181220,54.92,55.0,52.91,53.97
20181221,53.92,54.58,52.39,52.42
20181224,51.76,52.36,49.79,50.8
20181225,50.8,50.8,50.8,50.8
20181226,50.84,53.33,49.99,53.27
20181227,52.57,54.14,52.17,54.14
20181228,54.25,55.36,53.6,54.72
20181231,55.01,55.84,54.685,55.63
20190101,55.63,55.63,55.63,55.63
20190102,54.88,56.31,54.4,56.03
20190103,55.42,56.77,54.68,55.93
20190104,56.94,57.94,56.54,57.8
20190107,58.2,59.76,57.45,59.06
20190108,59.85,60.34,59.08,60.22
20190109,60.26,60.705,59.87,60.16
20190110,59.84,61.18,59.5,60.88
20190111,60.95,62.25,60.36,61.96
20190114,61.62,62.655,61.15,62.2
20190115,62.17,62.57,61.53,61.97
20190116,62.08,63.05,61.96,62.27
20190117,61.65,62.23,60.32,60.36
20190118,60.99,61.22,59.93,60.07
20190121,60.07,60.07,60.07,60.07
20190122,59.99,60.64,59.66,60.01
20190123,60.19,60.88,58.99,59.46
20190124,59.5,60.59,59.32,60.26
20190125,60.93,60.98,60.22,60.8
20190128,60.49,61.88,60.08,61.34
20190129,61.38,61.76,60.42,61.16
20190130,61.71,61.78,60.545,60.71
20190131,60.86,62.07,60.34,61.59
20190201,61.64,63.18,61.21,62.54
20190204,62.44,63.35,62.35,63.2
20190205,63.42,64.28,62.92,63.1
20190206,63.1,63.41,61.41,61.57
20190207,61.07,62.25,60.93,62.21
20190208,61.75,63.29,61.75,63.21
20190211,63.21,63.67,62.82,63.25
20190212,63.47,64.24,63.26,63.27
20190213,63.45,63.97,62.79,63.87
20190214,55.36,56.54,52.5,54.87
20190215,55.1,55.16,53.92,54.74
20190218,54.74,54.74,54.74,54.74
20190219,54.62,56.42,54.62,55.73
20190220,56.0,56.48,55.67,56.1
20190221,56.5,56.95,56.12,56.39
20190222,56.48,57.19,56.34,57.12
20190225,57.4,57.7,56.84,57.13
20190226,57.06,57.39,56.38,56.5
20190227,56.63,57.24,56.46,56.95
20190228,56.95,57.42,55.6,55.71
20190301,56.08,56.435,54.96,55.87
20190304,55.92,56.14,53.26,53.64
20190305,53.52,53.93,52.69,53.47
20190306,53.75,53.88,52.12,52.13
20190307,52.0,52.19,51.06,51.33
20190308,50.92,51.0,49.92,50.24
20190311,50.4,50.625,49.81,50.0
20190312,49.97,49.97,49.1429,49.23
20190313,49.8,51.1,49.61,50.92
20190314,50.93,51.66,50.51,51.42
20190315,51.75,52.03,50.67,51.2
20190318,51.19,51.33,50.3,50.57
20190319,50.76,51.23,49.82,49.98
20190320,49.87,50.18,48.13,48.37
20190321,48.24,49.39,47.81,48.79
20190322,48.46,48.46,46.8,47.56
20190325,47.38,47.62,46.68,46.75
20190326,46.76,48.75,46.76,48.42
20190327,48.42,49.05,48.04,48.94
20190328,49.13,49.35,47.96,48.7
20190329,48.91,49.64,48.82,49.35
20190401,49.77,49.77,49.0945,49.6
20190402,49.5,50.49,49.45,50.0
20190403,50.4,50.59,49.68,50.05
20190404,50.15,50.53,49.62,50.07
20190405,50.2,50.53,49.84,50.24
20190408,50.25,50.4,49.65,50.18
20190409,49.99,50.53,49.645,50.31
20190410,50.35,50.66,50.01,50.25
20190411,50.37,50.63,49.62,50.42
20190412,50.72,50.74,50.34,50.63
20190415,50.78,50.9,50.11,50.66
20190416,50.61,50.83,50.31,50.72
20190417,50.98,50.98,49.75,50.41
20190418,50.24,50.76,49.84,50.65
20190419,50.65,50.65,50.65,50.65
20190422,50.27,51.9,50.269,51.58
20190423,51.6,52.68,51.28,52.37
20190424,53.11,53.27,49.5,51.53
20190425,51.5,52.06,50.33,51.82
20190426,52.15,52.88,51.67,51.78
20190429,51.74,53.38,51.68,53.13
20190430,53.09,53.4,52.41,53.09
20190501,53.44,54.2196,53.18,53.87
20190502,54.03,54.24,53.03,54.23
20190503,54.22,54.99,54.22,54.89
20190506,54.09,55.29,53.87,55.09
20190507,54.63,55.165,53.83,54.31
20190508,54.31,55.14,54.08,54.6
20190509,54.5,55.16,54.2,55.14
20190510,54.92,55.18,53.45,54.88
20190513,54.24,54.71,53.09,53.48
20190514,53.86,54.16,53.33,53.63
20190515,53.62,54.185,53.2302,54.05
20190516,54.31,54.5,53.75,53.85
20190517,53.42,53.77,52.73,52.8
20190520,52.5,52.78,52.215,52.34
20190521,52.65,52.88,52.443000000000005,52.5
20190522,52.39,52.57,51.58,51.66
20190523,51.02,51.51,50.39,51.1
20190524,51.32,51.76,51.08,51.24
20190527,51.24,51.24,51.24,51.24
20190528,51.4,52.41,51.4,52.06
20190529,50.78,50.83,49.98,50.18
20190530,50.16,50.86,50.125,50.29
20190531,49.9,50.0,49.27,49.36
20190603,49.26,49.76,48.6,48.88
20190604,49.31,51.2,49.04,51.18
20190605,51.3,51.39,50.01,51.25
20190606,51.5,51.8,50.75,51.69
20190607,51.83,52.49,51.56,51.83
20190610,51.99,53.34,51.97,52.66
20190611,52.87,53.2,50.9,51.11
20190612,51.29,52.11,50.83,51.52
20190613,51.46,51.8,50.7,50.87
20190614,50.92,51.8,50.07,51.51
20190617,51.71,52.88,51.61,52.0
20190618,52.29,52.99,51.51,51.63
20190619,52.89,53.63,52.37,52.67
20190620,52.67,53.5,50.785,50.86
20190621,50.49,51.26,50.37,50.58
20190624,50.68,51.36,49.34,49.69
20190625,49.57,49.66,48.79,48.97
20190626,49.13,49.4379,48.4,48.56
20190627,48.8,49.4,48.73,49.16
20190628,49.47,50.0,49.18,49.68
20190701,50.91,52.1,50.76,51.98
20190702,51.99,52.75,51.5945,52.7
20190703,52.9,53.67,52.76,53.44
20190704,53.44,53.44,53.44,53.44
20190705,53.25,53.68,52.85,53.18
20190708,53.0,53.13,52.15,52.3
20190709,53.04,53.3,52.4581,52.96
20190710,53.22,53.9,53.155,53.35
20190711,53.36,54.18,53.25,54.17
20190712,54.22,54.74,53.885,54.07
20190715,54.18,54.47,53.52,54.46
20190716,54.51,54.595,53.7,53.79
20190717,54.27,54.62,53.43,53.65
20190718,53.58,53.58,52.69,53.38
20190719,53.36,53.64,52.24,52.25
20190722,52.38,53.1,52.03,52.87
20190723,53.16,53.31,52.25,53.12
20190724,53.58,54.0,48.89,49.77
20190725,49.79,51.93,49.79,50.81
20190726,50.78,52.5603,50.78,52.1
20190729,52.1,53.12,51.98,52.67
20190730,52.28,52.91,51.9552,52.9
20190731,52.8,53.24,52.18,52.83
20190801,52.96,53.69,52.7701,53.07
20190802,52.81,52.95,51.64,52.39
20190805,51.5,51.5,50.62,51.32
20190806,51.68,52.12,51.12,51.39
20190807,51.08,52.66,50.445,52.61
20190808,52.95,53.86,52.77,53.66
20190809,53.71,54.48,53.535,54.18
20190812,53.91,54.15,52.78,53.17
20190813,53.15,54.25,53.01,54.15
20190814,53.71,54.22,53.21,53.67
20190815,53.71,55.525,53.5603,55.45
20190816,55.85,56.2,55.41,56.17
20190819,56.93,57.385,56.28,57.21
20190820,57.25,57.696000000000005,56.74,57.3
20190821,57.8,57.99,57.435,57.53
20190822,57.72,58.57,57.61,58.36
20190823,58.27,58.775,57.68,57.88
20190826,58.08,59.31,57.97,58.73
20190827,58.98,58.98,57.295,57.34
20190828,57.1,57.96,57.02,57.54
20190829,58.09,58.65,57.81,58.03
20190830,58.7,59.52,58.32,59.17
20190902,59.17,59.17,59.17,59.17
20190903,58.73,59.39,58.11,58.62
20190904,58.28,58.49,56.92,56.97
20190905,57.28,58.03,56.9,57.97
20190906,57.99,58.345,57.61,58.04
20190909,58.23,58.3,56.52,56.91
20190910,56.78,57.48,55.5401,57.47
20190911,57.67,58.14,57.03,57.59
20190912,57.74,58.12,57.23,57.3
20190913,57.48,57.92,55.55,55.57
20190916,55.09,55.575,54.42,54.75
20190917,54.53,54.95,53.69,54.59
20190918,54.67,55.0364,53.62,54.12
20190919,54.17,54.4,53.065,53.12
20190920,53.21,53.39,51.85,52.25
20190923,52.0,52.945,51.85,52.0
20190924,52.35,52.51,51.36,51.47
20190925,51.38,51.96,51.12,51.6
20190926,51.35,51.42,50.14,50.55
20190927,50.68,50.85,49.37,49.4
20190930,49.59,50.9,49.51,50.79
20191001,50.93,51.8,50.75,51.52
20191002,51.41,53.0,48.75,50.35
20191003,50.0,50.28,47.73,48.78
20191004,48.85,50.695,48.85,49.35
20191007,49.12,49.7,48.55,48.93
20191008,48.71,49.7499,48.37,49.42
20191009,49.42,49.77,48.9217,49.46
20191010,49.3,50.87,49.29,50.35
20191011,50.64,50.86,50.0,50.32
20191014,50.02,50.2705,48.99,49.71
20191015,49.83,50.82,49.8,50.59
20191016,50.56,51.02,50.05,50.83
20191017,51.29,52.0,50.93,51.03
20191018,50.87,51.73,50.76,51.38
20191021,51.44,52.22,51.44,51.9
20191022,51.81,51.8518,51.0,51.23
20191023,47.89,48.25,44.72,44.88
20191024,45.02,45.27,43.63,44.15
20191025,44.42,44.54,42.81,43.16
20191028,43.14,43.82,42.67,43.5
20191029,43.21,43.89,42.81,43.3
20191030,43.3,43.58,42.49,42.69
20191031,42.73,42.89,42.043,42.19
20191101,41.76,42.24,40.715,41.54
20191104,41.8,42.67,41.27,42.44
20191105,42.57,43.38,42.56,43.25
20191106,43.32,44.05,42.81,43.89
20191107,44.11,44.48,43.42,43.79
20191108,43.99,44.46,43.705,43.77
20191111,43.6,44.865,43.42,44.81
20191112,45.33,46.63,45.11,45.86
20191113,45.85,46.38,45.1,45.92
20191114,45.86,46.0,44.55,44.9
20191115,45.12,45.37,44.5,44.6
20191118,44.97,46.085,44.6,46.05
20191119,46.05,46.18,45.56,45.96
20191120,46.6,46.86,45.59,46.09
20191121,46.04,46.11,45.17,45.34
20191122,45.41,45.89,45.27,45.57
20191125,45.65,45.65,44.77,44.95
20191126,44.91,45.2291,44.04,44.39
20191127,43.78,44.24,43.6,43.76
20191128,43.76,43.76,43.76,43.76
20191129,43.68,43.8,43.19,43.48
20191202,43.41,43.52,42.32,42.69
20191203,42.25,42.91,41.96,42.75
20191204,42.67,43.26,42.3,43.15
20191205,43.18,44.06,43.18,43.82
20191206,43.8,44.4001,43.69,44.12
20191209,43.99,44.76,43.99,44.09
20191210,44.17,44.6321,43.88,44.6
20191211,44.63,45.24,44.56,45.14
20191212,45.14,45.9,44.91,45.76
20191213,45.65,45.8786,45.27,45.36
20191216,45.59,46.235,45.59,46.05
20191217,46.03,46.29,45.62,45.99
20191218,46.15,46.29,45.91,45.99
20191219,45.87,46.475,45.71,45.86
20191220,45.93,46.475,45.62,46.29
20191223,46.6,46.67,45.76,45.89
20191224,45.8,46.57,45.65,46.26
20191225,46.26,46.26,46.26,46.26
20191226,46.41,46.53,45.45,45.59
20191227,45.74,46.05,45.34,45.67
20191230,45.69,46.05,45.29,45.38
20191231,45.33,45.77,45.09,45.11
20200101,45.11,45.11,45.11,45.11
20200102,44.37,45.06,43.8,45.06
20200103,44.71,45.325,44.42,45.26
20200106,44.38,44.99,43.87,44.37
20200107,44.45,45.28,44.42,44.42
20200108,44.23,44.81,43.25,43.56
20200109,43.96,44.42,43.14,43.76
20200110,37.09,37.46,35.1,35.96
20200113,35.59,35.93,35.06,35.56
20200114,35.4,36.36,35.35,35.67
20200115,35.71,36.37,35.45,35.58
20200116,35.75,38.22,35.75,38.2
20200117,38.11,38.861,37.3,37.87
20200120,37.87,37.87,37.87,37.87
20200121,37.84,38.07,37.35,37.55
20200122,37.54,37.955,37.11,37.22
20200123,37.0,37.4725,36.8,37.28
20200124,37.37,37.765,37.15,37.68
20200127,36.76,38.08,36.6,37.55
20200128,37.65,37.76,37.43,37.73
20200129,37.68,38.19,37.52,37.58
20200130,37.45,37.97,37.05,37.89
20200131,38.0,38.91,37.87,38.13
20200203,38.28,38.57,37.8834,38.02
20200204,38.53,38.78,37.94,38.01
20200205,38.36,38.7,37.68,37.86
20200206,38.0,38.64,37.93,38.42
20200207,38.41,38.53,37.87,38.14
20200210,38.27,39.2,38.149,39.11
20200211,39.25,39.75,38.66,39.57
20200212,39.57,39.79,38.8,38.97
20200213,38.85,39.2,38.63,39.17
20200214,39.07,39.5299,38.8965,39.21
20200217,39.21,39.21,39.21,39.21
20200218,39.21,39.26,37.94,38.42
20200219,38.29,38.65,37.76,38.02
20200220,30.4,32.26,29.96,31.89
20200221,31.63,33.23,31.63,32.63
20200224,31.7,31.89,30.18,31.3
20200225,31.34,31.5,27.92,27.95
20200226,28.0,28.12,25.09,25.78
20200227,25.76,27.34,24.91,25.84
20200228,25.34,26.1,25.02,25.28
20200302,25.31,25.31,23.51,25.14
20200303,25.25,25.99,23.4,23.87
20200304,24.05,24.18,22.64,23.57
20200305,22.99,23.0,20.66,21.09
20200306,20.18,22.2,20.0,21.33
20200309,19.75,20.995,18.625,19.02
20200310,20.36,20.55,18.085,20.36
20200311,19.59,19.83,16.8,17.32
20200312,14.57,15.07,13.26,13.49
20200313,14.59,16.91,10.91,16.91
20200316,12.0,17.2,11.88,14.58
20200317,14.78,14.94,12.07,12.86
20200318,12.03,12.03,8.75,10.36
20200319,10.0,12.25,9.66,11.39
20200320,12.22,12.59,11.12,11.8
20200323,11.6,12.0,10.6,11.19
20200324,12.86,13.87,12.3101,12.94
20200325,14.23,16.1287,13.35,15.04
20200326,15.87,17.4,15.045,15.58
20200327,14.96,15.0,13.82,13.95
20200330,13.87,13.87,12.41,12.57
20200331,12.84,13.81,12.25,12.54
20200401,12.05,12.26,11.2,11.41
20200402,11.3,11.91,10.43,11.05
20200403,11.08,11.135,9.93,10.68
20200406,11.78,13.415,11.56,12.64
20200407,14.51,16.3,13.18,13.41
20200408,13.91,14.56,13.16,14.29
20200409,16.0,17.49,15.6,16.14
20200413,16.2,16.24,14.04,14.7
20200414,15.84,16.25,14.925,15.51
20200415,14.44,15.82,14.26,15.78
20200416,15.59,15.74,14.5,14.89
20200417,16.0,16.39,15.43,15.59
20200420,14.75,16.75,14.51,15.67
20200421,15.17,15.61,14.51,14.92
20200422,15.31,15.39,14.79,15.2
20200423,15.51,16.81,15.28,16.08
20200424,16.24,16.291,15.45,16.0
20200427,16.32,18.52,16.12,17.69
20200428,19.4,19.5,17.74,18.97
20200429,19.98,21.275,19.95,21.14
20200430,21.5,21.72,18.82,20.01
20200501,19.26,20.44,18.5,20.15
20200504,19.06,20.715,18.605,20.62
20200505,21.26,21.29,18.64,18.92
20200506,19.1,19.77,18.71,19.01
20200507,19.21,20.06,18.84,18.99
20200508,19.49,21.35,19.12,21.19
20200511,20.75,20.98,19.92,20.3
20200512,20.59,20.77,18.69,18.83
20200513,18.82,18.83,17.32,17.94
20200514,17.0,18.62,16.46,18.61
20200515,18.29,19.4,17.87,19.11
20200518,20.89,22.93,20.65,22.69
20200519,22.76,23.71,21.55,22.65
20200520,23.47,24.04,22.155,22.78
20200521,22.7,23.59,22.22,23.09
20200522,23.33,23.62,22.57,23.54
20200526,25.08,26.39,24.95,25.86
20200527,27.38,27.72,25.26,27.35
20200528,26.35,26.6,23.86,24.12
20200529,23.16,24.34,22.51,22.98
20200601,22.92,24.23,22.61,23.97
20200602,24.43,24.6025,22.86,23.33
20200603,23.64,25.64,23.63,25.31
20200604,25.53,25.74,24.41,25.17
20200605,27.96,28.24,24.71,25.2
20200608,27.65,28.08,26.33,27.06
20200609,26.18,26.63,24.52,26.29
20200610,26.03,26.12,23.4,24.53
