20171005,3.4,3.4,2.89,3.03
20171006,2.76,2.9,2.75,2.9
20171009,3.0,3.04,2.85,3.0
20171010,2.83,2.95,2.8,2.83
20171011,2.85,3.0,2.83,3.0
20171012,3.15,3.18,3.13,3.155
20171013,3.05,3.15,3.05,3.09
20171016,3.25,3.25,3.13,3.13
20171017,3.15,3.15,3.07,3.1
20171018,3.0,3.1,3.0,3.1
20171019,3.01,3.05,2.95,3.05
20171020,3.1,3.1,2.93,3.1
20171023,3.08,3.11,2.95,3.1
20171024,3.0,3.05,2.83,3.05
20171025,2.99,3.03,2.99,3.03
20171026,2.97,3.03,2.91,3.03
20171027,2.89,2.99,2.89,2.99
20171030,2.9,2.9,2.7,2.75
20171031,2.66,2.74,2.6,2.7
20171101,2.6,2.71,2.59,2.71
20171102,2.7,2.71,2.66,2.7
20171103,2.6,2.68,2.58,2.68
20171106,2.6,2.72,2.56,2.6
20171107,2.5,2.86,2.48,2.7
20171108,2.61,2.61,2.55,2.55
20171109,2.43,2.5,2.4,2.48
20171110,2.44,2.46,2.37,2.45
20171113,2.35,2.35,2.14,2.24
20171114,2.2,2.2,2.13,2.13
20171115,2.03,2.13,2.03,2.11
20171116,2.05,2.1,2.01,2.02
20171117,2.15,2.2,2.15,2.18
20171120,2.2,2.2,2.0,2.1
20171121,2.1,2.115,2.02,2.02
20171122,2.01,2.05,2.0,2.0
20171123,2.0,2.0,2.0,2.0
20171124,2.04,2.04,2.0,2.0
20171127,1.99,2.07,1.99,2.05
20171128,2.05,2.08,2.0,2.02
20171129,2.04,2.04,2.02,2.02
20171130,2.02,2.2,2.02,2.15
20171201,2.09,2.25,2.02,2.25
20171204,2.26,2.27,2.0,2.25
20171205,2.17,2.46,2.17,2.46
20171206,2.4,2.4,2.11,2.15
20171207,2.11,2.11,2.1,2.11
20171208,2.21,2.34,2.21,2.34
20171211,2.23,2.25,2.13,2.18
20171212,2.21,2.24,2.11,2.11
20171213,2.11,2.2,2.11,2.19
20171214,2.09,2.2,2.09,2.17
20171215,2.1,2.34,2.06,2.33
20171218,2.2,2.38,2.16,2.38
20171219,2.3,2.39,2.3,2.39
20171220,2.35,2.39,2.35,2.39
20171221,2.35,2.4,2.35,2.4
20171222,2.31,2.38,2.31,2.36
20171225,2.36,2.36,2.36,2.36
20171226,2.35,2.45,2.35,2.42
20171227,2.35,2.41,2.12,2.33
20171228,2.23,2.38,2.2,2.38
20171229,2.4,2.4,2.35,2.38
20180101,2.38,2.38,2.38,2.38
20180102,2.29,2.39,2.29,2.39
20180103,2.42,2.45,2.38,2.45
20180104,2.45,2.5,2.45,2.5
20180105,2.5,2.6,2.46,2.6
20180108,2.55,2.6,2.55,2.6
20180109,2.7,2.74,2.65,2.74
20180110,2.7,2.8,2.7,2.8
20180111,2.88,2.88,2.8,2.88
20180112,2.9,3.04,2.89,3.04
20180115,3.04,3.04,3.04,3.04
20180116,3.04,3.14,3.0,3.05
20180117,3.15,3.36,3.15,3.33
20180118,3.285,3.385,3.285,3.37
20180119,3.22,3.22,3.1,3.1
20180122,3.1,3.15,2.98,3.0
20180123,3.05,3.05,2.89,3.05
20180124,3.0,3.0,2.87,2.91
20180125,2.92,2.92,2.91,2.91
20180126,2.915,2.915,2.83,2.83
20180129,2.89,3.07,2.89,3.07
20180130,2.9,2.99,2.9,2.95
20180131,2.9,3.05,2.9,3.05
20180201,3.06,3.18,3.04,3.18
20180202,3.19,3.19,3.19,3.19
20180205,3.05,3.08,2.95,3.08
20180206,3.0,3.04,3.0,3.0
20180207,2.94,3.1,2.94,3.1
20180208,2.85,2.85,2.85,2.85
20180209,3.0,3.02,2.75,3.02
20180212,2.87,2.97,2.87,2.95
20180213,2.91,3.05,2.9,3.02
20180214,2.91,3.15,2.91,3.15
20180215,3.05,3.11,3.0,3.1
20180216,3.1,3.39,3.0,3.39
20180219,3.39,3.39,3.39,3.39
20180220,3.3,3.64,3.3,3.64
20180221,3.51,3.51,3.25,3.28
20180222,3.28,3.4,3.25,3.37
20180223,3.295,3.55,3.295,3.45
20180226,3.4,3.4,3.31,3.34
20180227,3.31,3.55,3.3,3.55
20180228,3.5,3.54,3.35,3.54
20180301,3.5,3.64,3.49,3.64
20180302,3.45,3.63,3.42,3.5
20180305,3.64,3.69,3.6,3.69
20180306,3.61,4.0,3.61,4.0
20180307,3.99,4.26,3.82,4.09
20180308,3.63,3.95,3.5,3.5
20180309,3.75,4.02,3.65,4.02
20180312,4.02,4.1,3.49,3.79
20180313,3.98,3.99,3.8,3.99
20180314,3.9,3.9,3.71,3.82
20180315,3.82,3.82,3.82,3.82
20180316,3.68,3.68,3.43,3.68
20180319,3.5,3.68,3.5,3.67
20180320,3.91,3.99,3.485,3.513
20180321,3.53,3.99,3.53,3.9
20180322,3.98,4.0,3.83,3.83
20180323,3.8,3.8,3.8,3.8
20180326,3.83,4.0,3.83,4.0
20180327,3.8,3.8,3.8,3.8
20180328,3.8,3.8,3.56,3.56
20180329,3.565,3.565,3.5,3.5
20180330,3.5,3.5,3.5,3.5
20180402,3.39,3.58,3.39,3.47
20180403,3.48,3.66,3.43,3.66
20180404,3.44,3.62,3.43,3.62
20180405,3.78,4.0,3.78,4.0
20180406,4.0,4.0,4.0,4.0
20180409,3.86,3.95,3.81,3.81
20180410,3.76,4.2,3.76,4.1
20180411,4.1,4.2,4.1,4.2
20180412,4.15,4.15,4.01,4.01
20180413,4.1,4.11,4.05,4.11
20180416,4.15,4.15,3.91,4.0
20180417,3.8,3.97,3.8,3.97
20180418,4.14,4.2,4.14,4.175
20180419,4.12,4.45,4.12,4.45
20180420,4.4,4.46,4.4,4.46
20180423,4.68,4.79,4.68,4.74
20180424,4.54,4.94,4.54,4.94
20180425,4.88,4.88,4.64,4.67
20180426,4.85,4.85,4.69,4.69
20180427,4.73,5.0,4.72,4.95
20180430,4.86,4.88,4.7,4.71
20180501,4.71,4.71,4.71,4.71
20180502,4.895,4.895,4.8,4.84
20180503,4.64,4.64,4.5,4.51
20180504,4.5,4.55,4.34,4.42
20180507,4.56,4.695,4.56,4.58
20180508,4.45,4.55,4.4,4.55
20180509,4.65,4.98,4.51,4.94
20180510,5.19,5.23,5.12,5.2
20180511,5.39,5.39,4.8,4.8
20180514,4.95,4.97,4.8,4.8
20180515,4.7,4.7,3.05,3.85
20180516,3.85,3.85,3.85,3.85
20180517,3.8,3.95,3.8,3.905
20180518,3.966,4.0,3.825,4.0
20180521,3.935,4.14,3.935,4.14
20180522,4.24,4.24,4.1,4.11
20180523,3.99,4.0,3.99,4.0
20180524,4.05,4.05,3.8,3.9
20180525,3.8,3.85,3.635,3.7
20180528,3.7,3.7,3.7,3.7
20180529,3.63,3.63,3.5,3.53
20180530,3.51,3.54,3.51,3.54
20180531,3.53,3.56,3.5,3.56
20180601,3.55,3.57,3.55,3.57
20180604,3.58,3.76,3.58,3.76
20180605,3.76,3.76,3.76,3.76
20180606,3.65,3.745,3.55,3.642
20180607,3.89,3.89,3.89,3.89
20180608,3.97,3.99,3.97,3.99
20180611,3.88,3.88,3.86,3.86
20180612,3.69,3.69,3.65,3.65
20180613,3.5,3.59,3.5,3.59
20180614,3.55,3.67,3.55,3.67
20180615,3.57,3.57,3.5,3.5
20180618,3.6,3.68,3.6,3.62
20180619,3.6,3.6,3.09,3.17
20180620,3.22,3.39,3.14,3.32
20180621,3.3,3.3,3.2,3.2
20180622,3.41,3.42,3.08,3.08
20180625,3.1,3.1,3.085,3.1
20180626,3.26,3.495,3.26,3.49
20180627,3.34,3.5,3.3,3.5
20180628,3.43,3.43,3.43,3.43
20180629,3.48,3.48,3.48,3.48
20180702,3.37,3.4,3.37,3.4
20180703,3.56,3.57,3.56,3.57
20180704,3.57,3.57,3.57,3.57
20180705,3.46,3.46,3.46,3.46
20180706,3.57,3.66,3.57,3.66
20180709,3.67,4.2,3.67,4.1
20180710,4.1,4.25,4.1,4.15
20180711,4.16,4.2,4.0,4.02
20180712,4.01,4.01,3.95,3.95
20180713,3.95,3.95,3.95,3.95
20180716,4.15,4.4,4.15,4.2
20180717,4.2,4.4,4.2,4.32
20180718,4.4,4.4,4.28,4.28
20180719,4.3,4.6,4.3,4.6
20180720,4.38,4.55,4.38,4.55
20180723,4.31,4.55,4.31,4.33
20180724,4.78,5.0,4.65,4.65
20180725,4.85,4.9,4.83,4.83
20180726,5.0,5.0,4.65,4.68
20180727,5.0,5.28,4.77,5.0
20180730,5.04,5.04,4.77,4.8
20180731,4.99,5.01,4.99,5.01
20180801,5.0,5.0,4.86,4.86
20180802,4.75,4.76,4.51,4.51
20180803,4.37,4.4,4.37,4.39
20180806,4.45,4.45,4.45,4.45
20180807,4.45,4.76,4.45,4.72
20180808,4.9,4.9,4.89,4.89
20180809,4.89,4.89,4.89,4.89
20180810,4.75,5.04,4.75,4.86
20180813,4.8,4.82,4.41,4.41
20180814,4.45,4.45,4.21,4.21
20180815,4.14,4.29,4.02,4.17
20180816,4.1,4.1,4.1,4.1
20180817,4.03,4.13,4.0,4.13
20180820,4.12,4.12,4.01,4.01
20180821,4.0,4.15,4.0,4.1
20180822,4.08,4.36,4.08,4.15
20180823,4.15,4.15,4.15,4.15
20180824,4.24,4.37,4.16,4.16
20180827,4.12,4.15,4.085,4.085
20180828,4.0,4.1,4.0,4.1
20180829,4.23,4.31,4.23,4.31
20180830,4.25,4.35,4.25,4.29
20180831,4.25,4.25,4.25,4.25
20180903,4.25,4.25,4.25,4.25
20180904,4.2,4.38,4.2,4.22
20180905,4.21,4.275,4.21,4.275
20180906,4.21,4.22,4.15,4.18
20180907,4.15,4.15,4.15,4.15
20180910,3.94,3.94,3.71,3.86
20180911,3.94,3.95,3.9,3.93
20180912,3.96,3.96,3.87,3.96
20180913,4.04,4.04,4.04,4.04
20180914,3.9,4.04,3.86,3.9
20180917,3.71,3.87,3.65,3.87
20180918,3.88,3.92,3.75,3.85
20180919,3.98,3.98,3.69,3.8
20180920,3.8,3.97,3.8,3.97
20180921,3.97,4.01,3.97,4.0
20180924,3.91,4.11,3.91,4.11
20180925,4.06,4.1,4.0,4.1
20180926,4.01,4.21,4.01,4.06
20180927,4.03,4.03,4.01,4.03
20180928,4.15,4.15,4.12,4.12
20181001,4.33,4.33,4.07,4.07
20181002,4.07,4.07,3.93,4.0
20181003,4.13,4.5,4.13,4.45
20181004,4.41,4.53,4.25,4.26
20181005,4.46,4.63,4.4,4.5
20181008,4.59,4.59,4.5,4.5
20181009,4.4,5.83,4.4,5.51
20181010,5.6,5.6,5.1,5.12
20181011,5.3,5.3,4.8,5.01
20181012,4.85,5.07,4.85,5.06
20181015,5.25,5.25,5.07,5.15
20181016,5.01,5.075,4.95,4.95
20181017,4.72,4.94,4.69,4.8
20181018,4.82,4.82,4.5,4.52
20181019,4.5,4.51,4.15,4.3
20181022,4.37,4.51,4.27,4.27
20181023,4.33,4.33,3.79,4.16
20181024,4.16,4.16,3.655,3.7
20181025,3.9,3.95,3.88,3.88
20181026,3.85,4.17,3.67,4.17
20181029,4.28,4.28,4.07,4.07
20181030,3.9,3.9,3.685,3.8
20181031,3.97,4.02,3.85,3.85
20181101,3.85,3.85,3.74,3.8
20181102,3.78,3.89,3.76,3.89
20181105,3.91,3.91,3.83,3.83
20181106,3.83,3.85,3.67,3.73
20181107,3.79,3.84,3.75,3.77
20181108,3.67,3.79,3.67,3.79
20181109,3.67,3.68,3.67,3.67
20181112,3.65,3.75,3.65,3.65
20181113,3.54,3.65,3.2,3.2
20181114,3.2,3.2,3.16,3.2
20181115,3.3,3.36,3.3,3.36
20181116,3.36,3.36,3.36,3.36
20181119,3.3,3.36,3.3,3.36
20181120,3.36,3.36,3.26,3.36
20181121,3.09,3.09,3.09,3.09
20181122,3.09,3.09,3.09,3.09
20181123,3.1,3.115,3.05,3.05
20181126,3.05,3.05,2.53,2.95
20181127,2.85,2.85,2.74,2.74
20181128,2.75,2.94,2.67,2.76
20181129,2.84,2.99,2.825,2.99
20181130,2.79,2.83,2.71,2.71
20181203,2.82,2.95,2.82,2.9
20181204,2.9,2.9,2.85,2.86
20181205,2.86,2.86,2.86,2.86
20181206,2.75,2.88,2.67,2.88
20181207,2.79,2.82,2.65,2.66
20181210,2.67,2.72,2.3,2.4
20181211,2.4,2.4,2.3,2.35
20181212,2.45,2.5,2.4,2.4
20181213,2.4,2.41,2.4,2.4
20181214,2.35,2.35,2.3,2.3
20181217,2.3,2.43,2.3,2.3
20181218,2.2,2.2,2.03,2.04
20181219,2.05,2.22,2.05,2.15
20181220,2.16,2.2,2.04,2.04
20181221,2.0,2.01,2.0,2.01
20181224,1.9,1.91,1.65,1.76
20181225,1.76,1.76,1.76,1.76
20181226,1.78,1.9,1.72,1.73
20181227,1.74,1.74,1.67,1.68
20181228,1.58,1.75,1.58,1.7
20181231,1.695,1.695,1.67,1.6780000000000002
20190101,1.6780000000000002,1.6780000000000002,1.6780000000000002,1.6780000000000002
20190102,1.68,1.76,1.67,1.76
20190103,1.9,1.95,1.89,1.95
20190104,2.04,2.22,2.04,2.22
20190107,2.1,2.1,2.1,2.1
20190108,2.035,2.154,2.035,2.127
20190109,2.1,2.1,2.1,2.1
20190110,2.1,2.1,2.1,2.1
20190111,2.12,2.12,2.05,2.05
20190114,2.13,2.13,2.13,2.13
20190115,2.14,2.14,2.08,2.08
20190116,2.13,2.16,2.05,2.16
20190117,2.1,2.21,2.1,2.12
20190118,2.13,2.13,2.1,2.11
20190121,2.11,2.11,2.11,2.11
20190122,2.05,2.05,1.95,1.96
20190123,2.0,2.0,1.96,1.96
20190124,1.96,2.21,1.96,2.21
20190125,2.28,2.28,2.28,2.28
20190128,2.28,2.28,2.28,2.28
20190129,2.21,2.21,2.21,2.21
20190130,2.33,2.33,2.33,2.33
20190131,2.33,2.33,2.33,2.33
20190201,2.4,2.42,2.4,2.4
20190204,2.35,2.4,2.35,2.4
20190205,2.38,2.38,2.35,2.35
20190206,2.36,2.37,2.35,2.35
20190207,2.35,2.35,2.3,2.3
20190208,2.38,2.38,2.38,2.38
20190211,2.23,2.23,2.23,2.23
20190212,2.22,2.22,2.13,2.13
20190213,2.13,2.13,2.13,2.13
20190214,2.12,2.12,1.77,1.93
20190215,1.86,2.2,1.85,2.2
20190218,2.2,2.2,2.2,2.2
20190219,2.1,2.19,2.1,2.13
20190220,2.16,2.16,2.16,2.16
20190221,2.28,2.35,2.28,2.3
20190222,2.3,2.3,2.3,2.3
20190225,2.19,2.19,2.19,2.19
20190226,2.1,2.11,2.0,2.05
20190227,2.08,2.29,2.08,2.29
20190228,2.5,3.1,2.5,3.1
20190301,3.4,3.74,2.95,3.14
20190304,3.19,3.4,3.1,3.15
20190305,3.2,3.44,3.2,3.2001
20190306,3.24,3.28,3.15,3.16
20190307,3.25,3.25,3.05,3.05
20190308,3.05,3.09,2.91,3.0
20190311,3.09,3.1,2.95,3.09
20190312,3.23,3.25,3.05,3.1849
20190313,3.12,3.25,3.11,3.25
20190314,3.49,3.75,3.4,3.65
20190315,3.6,3.615,3.3918,3.6
20190318,3.46,3.74,3.46,3.6701
20190319,4.35,4.35,3.68,3.68
20190320,3.69,3.69,3.61,3.69
20190321,3.56,3.6163,3.5,3.58
20190322,3.88,3.88,3.5,3.55
20190325,3.55,3.59,3.52,3.59
20190326,3.73,3.8694,3.73,3.8694
20190327,3.75,3.75,3.55,3.55
20190328,3.55,3.7,3.55,3.55
20190329,3.56,3.69,3.55,3.6
20190401,4.05,4.05,3.7,3.7
20190402,3.6180000000000003,3.6180000000000003,3.6180000000000003,3.6180000000000003
20190403,3.7065,3.7065,3.61,3.657
20190404,3.6,3.6181,3.55,3.55
20190405,3.56,3.65,3.55,3.65
20190408,3.75,3.75,3.65,3.65
20190409,3.64,3.64,3.54,3.55
20190410,3.6082,3.8,3.6082,3.6601
20190411,3.65,3.6684,3.65,3.6501
20190412,3.65,3.75,3.6,3.736
20190415,3.71,3.75,3.71,3.71
20190416,3.72,3.72,3.71,3.71
20190417,3.71,3.7286,3.7,3.7001
20190418,3.5401,3.5861,3.5401,3.55
20190419,3.55,3.55,3.55,3.55
20190422,3.7,3.7,3.51,3.55
20190423,3.56,3.5677,3.53,3.55
20190424,3.55,3.6899,3.52,3.545
20190425,3.55,3.5616,3.51,3.55
20190426,3.51,3.57,3.51,3.57
20190429,3.58,3.58,3.58,3.58
20190430,3.57,3.57,3.53,3.5498
20190501,3.51,3.55,3.51,3.5307
20190502,3.51,3.5677,3.5,3.5501
20190503,3.55,3.55,3.535,3.54
20190506,3.5,3.55,3.5,3.52
20190507,3.52,3.52,3.52,3.52
20190508,3.55,3.6,3.55,3.56
20190509,3.56,3.57,3.56,3.57
20190510,3.55,3.59,3.55,3.59
20190513,3.53,3.57,3.53,3.54
20190514,3.55,3.6,3.55,3.5703
20190515,3.54,3.5725,3.54,3.5725
20190516,3.61,3.6457,3.61,3.61
20190517,3.58,3.71,3.56,3.5671
20190520,3.54,3.63,3.54,3.63
20190521,3.6,3.73,3.6,3.7116
20190522,3.71,3.72,3.55,3.55
20190523,3.62,3.65,3.53,3.55
20190524,3.55,3.55,3.55,3.55
20190527,3.55,3.55,3.55,3.55
20190528,3.55,3.57,3.55,3.57
20190529,3.5,3.6,3.5,3.54
20190530,3.52,3.52,3.42,3.42
20190531,3.38,3.38,3.38,3.38
20190603,3.27,3.3587,3.25,3.25
20190604,3.35,3.35,3.35,3.35
20190605,3.25,3.2726,3.25,3.25
20190606,3.2699,3.2699,3.25,3.2663
20190607,3.25,3.26,3.25,3.25
20190610,3.26,3.2763,3.2,3.2
20190611,3.1,3.1,3.1,3.1
20190612,3.15,3.16,3.15,3.15
20190613,3.1,3.1,3.1,3.1
20190614,3.05,3.05,3.04,3.04
20190617,3.1,3.1134,3.1,3.1
20190618,3.01,3.15,3.01,3.14
20190619,3.14,3.14,3.14,3.14
20190620,3.14,3.25,3.14,3.25
20190621,3.26,3.3,3.25,3.25
20190624,3.25,3.2539999999999996,3.25,3.2539999999999996
20190625,3.25,3.25,3.07,3.1058
20190626,3.06,3.06,3.04,3.04
20190627,3.2972,3.2972,3.03,3.04
20190628,3.05,3.05,3.05,3.05
20190701,3.14,3.14,3.0712,3.0712
20190702,3.2,3.2,3.2,3.2
20190703,3.05,3.0558,3.015,3.015
20190704,3.015,3.015,3.015,3.015
20190705,3.0,3.07,3.0,3.07
20190708,3.0273,3.0273,3.0,3.0
20190709,3.0,3.0148,2.9505,2.9505
20190710,2.975,3.0,2.9345,2.9345
20190711,2.86,2.86,2.86,2.86
20190712,2.82,2.86,2.82,2.86
20190715,2.86,2.86,2.86,2.86
20190716,2.82,2.85,2.82,2.85
20190717,2.82,2.82,2.82,2.82
20190718,2.76,2.78,2.5,2.5
20190719,2.5,2.66,2.5,2.66
20190722,2.66,2.66,2.66,2.66
20190723,2.76,2.76,2.76,2.76
20190724,2.6817,2.6817,2.6817,2.6817
20190725,2.68,2.7774,2.68,2.7398
20190726,2.804,2.804,2.67,2.68
20190729,2.68,2.85,2.68,2.84
20190730,2.7813,2.7813,2.7813,2.7813
20190731,2.8027,2.8499,2.8027,2.8499
20190801,2.8499,2.8499,2.8499,2.8499
20190802,2.72,2.72,2.72,2.72
20190805,2.65,2.65,2.5,2.5
20190806,2.5,2.57,2.5,2.5238
20190807,2.5,2.5008,2.5,2.5
20190808,2.55,2.55,2.5,2.5
20190809,2.5,2.5214,2.5,2.5
20190812,2.6,2.6,2.4,2.5
20190813,2.45,2.45,2.31,2.35
20190814,2.32,2.3671,2.2,2.3671
20190815,2.25,2.25,1.8922,1.9219
20190816,1.86,2.0099,1.86,1.9189
20190819,2.03,2.07,1.9991,2.0659
20190820,1.97,1.97,1.86,1.86
20190821,1.9,2.0358,1.9,2.0358
20190822,2.0066,2.0066,2.0066,2.0066
20190823,2.0,2.0,1.9980000000000002,1.9980000000000002
20190826,1.98,2.1356,1.98,2.1356
20190827,2.02,2.02,1.79,1.9182
20190828,1.9,1.9,1.87,1.87
20190829,1.82,1.8201,1.75,1.75
20190830,1.75,1.82,1.75,1.82
20190902,1.82,1.82,1.82,1.82
20190903,1.81,1.84,1.7501,1.8338
20190904,1.75,1.8169,1.75,1.8169
20190905,1.75,1.81,1.75,1.7501
20190906,1.795,1.82,1.795,1.82
20190909,1.69,1.8,1.65,1.65
20190910,1.7,1.7,1.66,1.68
20190911,1.69,1.7,1.65,1.65
20190912,1.6,1.6,1.5558,1.5558
20190913,1.5401,1.59,1.5401,1.56
20190916,1.71,1.7497,1.71,1.7497
20190917,1.51,1.84,1.51,1.68
20190918,1.72,1.72,1.63,1.63
20190919,1.5695,1.5695,1.5695,1.5695
20190920,1.51,1.75,1.44,1.55
20190923,1.55,1.6,1.55,1.6
20190924,1.57,1.5891,1.55,1.5869
20190925,1.55,1.55,1.51,1.51
20190926,1.51,1.54,1.51,1.54
20190927,1.46,1.65,1.46,1.5089
20190930,1.495,1.495,1.45,1.45
20191001,1.45,1.49,1.45,1.45
20191002,1.45,1.46,1.45,1.45
20191003,1.45,1.4501,1.45,1.4501
20191004,1.46,1.46,1.37,1.37
20191007,1.27,1.27,1.13,1.13
20191008,1.2,1.29,1.18,1.2877
20191009,1.13,1.232,1.13,1.232
20191010,1.206,1.206,1.206,1.206
20191011,1.1928,1.2116,1.1928,1.2116
20191014,1.1,1.25,1.1,1.18
20191015,1.18,1.25,1.17,1.2
20191016,1.2,1.2,1.15,1.17
20191017,0.98,1.2293,0.98,1.2293
20191018,1.25,1.294,1.23,1.294
20191021,1.27,1.27,1.23,1.23
20191022,1.2399,1.44,1.2338,1.4
20191023,1.4,1.466,1.4,1.45
20191024,1.35,1.35,1.23,1.23
20191025,1.23,1.23,1.15,1.22
20191028,1.11,1.2,1.11,1.13
20191029,1.15,1.2,1.15,1.19
20191030,1.2,1.2,1.14,1.18
20191031,1.2,1.2651,1.18,1.2
20191101,1.2,1.26,1.2,1.22
20191104,1.2,1.3896,1.2,1.3
20191105,1.3,1.3369,1.3,1.3
20191106,1.29,1.3065,1.29,1.3
20191107,1.29,1.3599,1.29,1.3599
20191108,1.3,1.3522,1.3,1.3522
20191111,1.31,1.39,1.31,1.39
20191112,1.3,1.37,1.26,1.3
20191113,1.3,1.3,1.15,1.15
20191114,1.13,1.19,1.13,1.19
20191115,1.21,1.2208,1.15,1.1887
20191118,1.1,1.2572,1.1,1.16
20191119,1.16,1.18,1.15,1.16
20191120,1.1658,1.1658,1.16,1.1658
20191121,1.2081,1.2171,1.17,1.17
20191122,1.22,1.29,1.18,1.18
20191125,1.19,1.23,1.18,1.23
20191126,1.3,1.34,1.23,1.29
20191127,1.31,1.31,1.29,1.29
20191128,1.29,1.29,1.29,1.29
20191129,1.34,1.34,1.29,1.29
20191202,1.3,1.3693,1.3,1.3693
20191203,1.3309,1.3309,1.33,1.33
20191204,1.39,1.39,1.3084,1.34
20191205,1.34,1.34,1.34,1.34
20191206,1.4551,1.4551,1.33,1.3366
20191209,1.33,1.33,1.33,1.33
20191210,1.33,1.3366,1.3,1.3079
20191211,1.33,1.4,1.3299,1.3367
20191212,1.4,1.4,1.33,1.34
20191213,1.33,1.3828,1.33,1.3828
20191216,1.2801,1.3331,1.23,1.23
20191217,1.2,1.22,1.18,1.22
20191218,1.18,1.21,1.0615,1.17
20191219,1.19,1.2,1.12,1.15
20191220,1.26,1.26,1.2,1.26
20191223,1.25,1.256,1.2,1.2195
20191224,1.16,1.2198,1.16,1.208
20191225,1.208,1.208,1.208,1.208
20191226,1.27,1.63,1.26,1.62
20191227,1.62,1.62,1.52,1.54
20191230,1.66,1.66,1.62,1.62
20191231,1.62,1.86,1.55,1.6315
20200101,1.6315,1.6315,1.6315,1.6315
20200102,1.71,1.73,1.6356,1.6356
20200103,1.65,1.8199,1.65,1.7267
20200106,1.8,1.88,1.7912,1.82
20200107,1.8227,1.8227,1.8227,1.8227
20200108,1.8,1.84,1.7347,1.7347
20200109,1.7,1.7,1.6,1.64
20200110,1.7,1.7,1.6002,1.6002
20200113,1.55,1.5659999999999998,1.52,1.5276
20200114,1.5276,1.5276,1.5276,1.5276
20200115,1.45,1.4539,1.4,1.4
20200116,1.4,1.47,1.4,1.47
20200117,1.6,1.68,1.6,1.67
20200120,1.67,1.67,1.67,1.67
20200121,1.7,1.735,1.65,1.65
20200122,1.66,1.6799,1.65,1.6580000000000001
20200123,1.65,1.65,1.6,1.6
20200124,1.55,1.5578,1.47,1.47
20200127,1.3854,1.3901,1.2,1.2355
20200128,1.242,1.25,1.242,1.25
20200129,1.2701,1.2701,1.2701,1.2701
20200130,1.28,1.2801,1.28,1.2801
20200131,1.28,1.28,1.28,1.28
20200203,1.3940000000000001,1.3940000000000001,1.2746,1.2746
20200204,1.29,1.32,1.28,1.32
20200205,1.32,1.35,1.32,1.35
20200206,1.48,1.84,1.48,1.6501
20200207,2.0,2.1399,1.94,1.9769999999999999
20200210,2.07,2.14,2.0,2.12
20200211,2.19,2.2,2.155,2.1998
20200212,2.15,2.3,2.15,2.24
20200213,2.26,2.2899,2.14,2.1506
20200214,2.221,2.3078,2.204,2.3078
20200217,2.3078,2.3078,2.3078,2.3078
20200218,2.4,2.4,2.2164,2.245
20200219,2.3057,2.3108,2.278,2.278
20200220,2.326,2.3828,2.205,2.22
20200221,2.29,2.29,2.05,2.11
20200224,2.06,2.115,2.0002,2.01
20200225,2.0,2.0415,1.79,1.7933
20200226,1.7476,1.8642,1.72,1.85
20200227,1.8,1.8,1.72,1.768
20200228,1.66,1.71,1.61,1.62
20200302,1.75,1.7998,1.705,1.7986
20200303,1.8,1.89,1.69,1.69
20200304,1.69,1.69,1.69,1.69
20200305,1.67,1.74,1.66,1.66
20200306,1.8,1.8455,1.6,1.6
20200309,1.58,1.58,1.4,1.4202
20200310,1.435,1.435,1.4,1.4
20200311,1.4,1.4,1.25,1.2790000000000001
20200312,1.24,1.24,0.988,0.9881
20200313,1.05,1.11,0.6,0.65
20200316,0.5,0.61,0.5,0.54
20200317,0.54,0.66,0.5,0.66
20200318,0.7504,0.79,0.5826,0.5826
20200319,0.5,0.54,0.5,0.54
20200320,0.75,0.9499,0.75,0.85
20200323,0.8502,0.8545,0.6991,0.76
20200324,0.8,0.85,0.76,0.76
20200325,0.9,1.0,0.8459,0.8619
20200326,0.94,1.42,0.94,1.1326
20200327,1.12,1.185,1.11,1.185
20200330,0.97,0.97,0.97,0.97
20200331,0.9,0.975,0.9,0.91
20200401,0.9,0.9,0.7701,0.7701
20200402,0.8,0.8,0.75,0.8
20200403,0.71,0.76,0.65,0.7353
20200406,0.9899,0.9899,0.9257,0.9257
20200407,0.95,0.9546,0.74,0.7462
20200408,0.72,0.78,0.72,0.73
20200409,0.7701,0.7701,0.75,0.7538
20200413,0.76,0.7638,0.74,0.753
20200414,0.75,0.755,0.75,0.75
20200415,0.77,0.79,0.73,0.75
20200416,0.7,0.74,0.7,0.74
20200417,0.89,0.95,0.8206,0.86
20200420,0.9999,0.9999,0.9181,0.945
20200421,0.94,0.94,0.8605,0.9
20200422,0.9,0.91,0.79,0.8
20200423,0.8,0.95,0.7,0.92
20200424,0.92,0.95,0.92,0.9454
20200427,0.95,0.95,0.92,0.9244
20200428,0.95,0.95,0.8002,0.86
20200429,0.9,0.93,0.9,0.93
20200430,0.95,0.9538,0.9453,0.9538
20200501,0.95,0.95,0.865,0.865
20200504,0.8775,0.8775,0.7,0.7153
20200505,0.72,0.81,0.715,0.81
20200506,0.75,0.75,0.6709999999999999,0.6721
20200507,0.66,0.69,0.66,0.685
20200508,0.78,0.8,0.65,0.72
20200511,0.65,0.665,0.65,0.665
20200512,0.6,0.64,0.597,0.6369
20200513,0.62,0.62,0.605,0.62
20200514,0.62,0.7040000000000001,0.605,0.6669
20200515,0.605,0.67,0.605,0.67
20200518,0.605,0.62,0.605,0.62
20200519,0.6095,0.6155,0.6095,0.6155
20200520,0.62,0.7140000000000001,0.62,0.7140000000000001
20200521,0.77,0.77,0.73,0.73
20200522,0.69,0.73,0.6867,0.73
20200526,0.8,0.8,0.78,0.8
20200527,0.815,0.82,0.815,0.82
20200528,0.804,1.1079999999999999,0.8,1.01
20200529,0.95,1.0,0.8,0.836
20200601,0.9,0.95,0.78,0.78
20200602,0.78,0.78,0.78,0.78
20200603,0.855,0.855,0.85,0.85
20200604,0.78,0.7801,0.78,0.78
20200605,0.8042,0.8042,0.72,0.72
20200608,0.7999,0.7999,0.66,0.6601
20200609,0.715,0.715,0.66,0.66
20200610,0.74,0.8,0.74,0.7999
