20120102,11.76,11.76,11.76,11.76
20120103,11.96,12.11,11.9,12.0
20120104,11.93,11.93,11.72,11.87
20120105,11.83,11.93,11.72,11.84
20120106,11.84,11.88,11.72,11.83
20120109,11.97,11.99,11.73,11.86
20120110,11.96,12.0,11.88,11.97
20120111,11.92,11.97,11.86,11.93
20120112,12.11,12.16,11.99,12.12
20120113,12.0,12.17,11.94,12.16
20120116,12.16,12.16,12.16,12.16
20120117,12.25,12.43,12.22,12.37
20120118,12.21,12.43,12.14,12.43
20120119,12.31,12.36,12.18,12.28
20120120,12.32,12.36,12.25,12.28
20120123,12.32,12.47,12.28,12.34
20120124,12.26,12.32,12.17,12.22
20120125,12.27,12.46,12.16,12.45
20120126,12.55,12.63,12.44,12.44
20120127,12.81,12.96,12.81,12.94
20120130,12.84,12.94,12.71,12.94
20120131,12.91,12.97,12.72,12.89
20120201,13.07,13.27,13.01,13.12
20120202,13.14,13.26,13.08,13.16
20120203,13.4,13.48,13.37,13.46
20120206,13.29,13.58,13.29,13.46
20120207,13.46,13.5,13.33,13.45
20120208,13.45,13.6,13.43,13.53
20120209,13.39,13.47,13.26,13.38
20120210,13.16,13.21,13.06,13.1
20120213,13.3,13.43,13.28,13.32
20120214,13.21,13.22,13.06,13.21
20120215,13.2,13.37,13.2,13.32
20120216,13.36,13.53,13.27,13.5
20120217,13.78,13.94,13.77,13.92
20120220,13.92,13.92,13.92,13.92
20120221,13.98,14.1,13.88,13.96
20120222,13.87,13.87,13.67,13.73
20120223,13.36,13.54,13.24,13.48
20120224,13.42,13.57,13.4,13.49
20120227,13.15,13.35,13.05,13.29
20120228,13.42,13.52,13.39,13.51
20120229,13.67,13.75,13.54,13.6
20120301,13.58,13.65,13.48,13.54
20120302,13.5,13.54,13.42,13.52
20120305,13.21,13.31,13.1,13.23
20120306,12.9,12.99,12.83,12.86
20120307,12.86,12.86,12.76,12.82
20120308,13.3,13.34,13.1,13.21
20120309,13.2,13.2,13.11,13.15
20120312,13.14,13.14,13.03,13.07
20120313,13.21,13.28,13.11,13.21
20120314,13.48,13.57,13.13,13.17
20120315,13.18,13.24,13.01,13.07
20120316,13.22,13.4,13.16,13.33
20120319,13.15,13.16,12.94,12.97
20120320,12.88,13.08,12.83,13.0
20120321,12.99,13.04,12.87,12.95
20120322,12.86,12.91,12.62,12.63
20120323,12.73,12.81,12.65,12.65
20120326,13.0,13.15,12.88,13.15
20120327,13.08,13.1,12.92,12.94
20120328,12.97,12.98,12.78,12.87
20120329,12.78,12.82,12.63,12.65
20120330,12.73,12.76,12.56,12.6
20120402,12.57,12.66,12.55,12.59
20120404,12.42,12.46,12.32,12.34
20120405,12.33,12.47,12.33,12.42
20120406,12.42,12.42,12.42,12.42
20120409,12.23,12.42,12.16,12.31
20120410,12.29,12.31,12.0,12.04
20120411,12.27,12.34,12.17,12.27
20120412,12.32,12.54,12.28,12.51
20120413,12.47,12.47,12.3,12.3
20120416,12.31,12.34,12.08,12.11
20120417,12.21,12.24,12.08,12.11
20120418,12.04,12.11,11.96,12.01
20120419,12.0,12.2,11.95,12.01
20120420,12.0,12.1,11.97,12.02
20120423,11.91,11.92,11.71,11.9
20120424,11.96,12.03,11.87,11.96
20120425,12.08,12.13,12.04,12.11
20120426,12.29,12.38,12.26,12.36
20120427,12.44,12.5,12.33,12.47
20120430,12.42,12.42,12.29,12.36
20120501,12.29,12.47,12.29,12.38
20120502,12.23,12.31,12.14,12.23
20120503,12.55,12.68,12.51,12.65
20120504,12.73,12.81,12.62,12.66
20120507,12.52,12.62,12.47,12.59
20120508,12.32,12.38,12.14,12.27
20120509,12.08,12.08,11.98,12.02
20120510,12.17,12.2,12.03,12.08
20120511,11.84,12.05,11.76,11.91
20120514,11.53,11.6,11.39,11.4
20120515,11.4,11.45,11.24,11.29
20120516,11.39,11.47,11.23,11.28
20120517,11.32,11.35,11.11,11.22
20120518,11.3,11.4,10.98,11.0
20120521,11.0,11.05,10.91,10.98
20120522,11.01,11.18,11.0,11.09
20120523,10.95,10.96,10.75,10.85
20120524,10.9,10.96,10.83,10.9
20120525,11.32,11.47,11.23,11.29
20120528,11.29,11.29,11.29,11.29
20120529,11.43,11.47,11.31,11.36
20120530,11.18,11.18,11.01,11.02
20120531,11.1,11.14,10.8,10.83
20120601,10.99,11.17,10.96,11.09
20120604,11.08,11.1,10.88,10.98
20120605,10.95,11.14,10.95,11.01
20120606,11.07,11.26,11.03,11.18
20120607,11.29,11.34,11.16,11.18
20120608,11.11,11.27,11.03,11.26
20120611,11.28,11.28,11.01,11.02
20120612,11.26,11.43,11.2,11.41
20120613,11.38,11.48,11.38,11.41
20120614,11.45,11.53,11.38,11.49
20120615,11.5,11.55,11.48,11.52
20120618,11.47,11.53,11.42,11.51
20120619,11.57,11.69,11.51,11.68
20120620,11.64,11.79,11.55,11.78
20120621,11.76,11.77,11.53,11.56
20120622,11.92,11.94,11.75,11.88
20120625,12.0,12.04,11.82,11.89
20120626,11.92,12.17,11.92,12.11
20120627,12.24,12.41,12.16,12.37
20120628,12.18,12.25,12.09,12.2
20120629,12.6,12.8,12.2,12.55
20120702,12.59,12.61,12.44,12.59
20120703,12.54,12.55,12.47,12.5
20120704,12.5,12.5,12.5,12.5
20120705,12.57,12.63,12.47,12.52
20120706,12.75,12.76,12.64,12.74
20120709,12.84,12.93,12.66,12.86
20120710,12.83,12.87,12.71,12.73
20120711,12.82,12.82,12.61,12.68
20120712,12.51,12.58,12.45,12.56
20120713,12.66,12.91,12.64,12.87
20120716,12.85,13.0,12.77,12.98
20120717,12.95,12.98,12.83,12.94
20120718,12.83,12.9,12.78,12.83
20120719,12.88,12.97,12.76,12.94
20120720,12.87,12.89,12.76,12.79
20120723,12.68,12.83,12.57,12.83
20120724,12.89,12.94,12.73,12.91
20120725,13.11,13.41,13.04,13.37
20120726,13.59,13.85,13.59,13.82
20120727,14.06,14.25,13.97,14.19
20120730,14.21,14.23,14.02,14.1
20120731,14.1,14.1,13.8,13.81
20120801,13.8,13.89,13.46,13.49
20120802,13.63,13.79,13.53,13.77
20120803,14.18,14.33,14.15,14.2
20120806,14.25,14.27,14.16,14.2
20120807,14.25,14.25,14.12,14.15
20120808,13.94,13.96,13.71,13.79
20120809,13.59,13.67,13.52,13.65
20120810,13.65,14.03,13.63,13.99
20120813,13.77,13.85,13.71,13.83
20120814,13.67,13.8,13.61,13.72
20120815,13.66,13.89,13.66,13.86
20120816,13.87,13.98,13.77,13.95
20120817,13.93,14.14,13.92,14.07
20120820,13.99,14.12,13.87,13.94
20120821,13.89,14.13,13.82,14.02
20120822,14.27,14.36,14.15,14.32
20120823,14.18,14.19,13.88,13.96
20120824,13.89,13.98,13.87,13.93
20120827,13.93,14.02,13.87,13.97
20120828,14.22,14.29,14.12,14.19
20120829,14.2,14.25,14.16,14.25
20120830,14.13,14.22,13.7,13.94
20120831,14.5,14.9,14.32,14.8
20120903,14.8,14.8,14.8,14.8
20120904,14.62,14.83,14.61,14.77
20120905,15.02,15.14,15.01,15.14
20120906,15.14,15.16,14.99,15.03
20120907,14.79,14.86,14.69,14.84
20120910,14.74,14.81,14.59,14.68
20120911,14.72,14.96,14.7,14.9
20120912,14.85,14.91,14.74,14.76
20120913,14.91,15.04,14.78,15.02
20120914,15.27,15.34,15.08,15.18
20120917,15.42,15.62,15.26,15.36
20120918,15.43,15.5,15.25,15.37
20120919,15.4,15.49,15.19,15.33
20120920,15.2,15.27,15.03,15.12
20120921,15.46,15.47,15.31,15.39
20120924,15.41,15.53,15.4,15.5
20120925,15.55,15.62,15.36,15.38
20120926,15.61,15.61,15.3,15.45
20120927,15.57,15.64,15.37,15.48
20120928,15.15,15.18,15.05,15.14
20121001,15.3,15.31,15.08,15.23
20121002,15.41,15.48,15.28,15.34
20121003,15.56,15.57,15.29,15.33
20121004,15.26,15.34,15.19,15.25
20121005,15.52,15.57,15.36,15.43
20121008,15.34,15.41,15.25,15.38
20121009,15.33,15.4,15.24,15.32
20121010,15.12,15.14,14.89,15.03
20121011,15.13,15.19,15.09,15.17
20121012,15.18,15.25,15.08,15.15
20121015,15.09,15.25,15.07,15.2
20121016,15.23,15.26,15.16,15.24
20121017,15.21,15.25,15.14,15.17
20121018,15.06,15.22,14.82,15.19
20121019,15.18,15.35,15.12,15.13
20121022,15.24,15.34,15.16,15.3
20121023,15.03,15.2,14.91,15.15
20121024,14.99,15.34,14.99,15.23
20121025,15.19,15.23,14.89,14.94
20121026,14.94,14.98,14.82,14.94
20121029,14.94,14.94,14.94,14.94
20121030,14.94,14.94,14.94,14.94
20121031,15.09,15.23,14.8,15.19
20121101,15.25,15.31,15.02,15.06
20121102,15.11,15.21,15.04,15.19
20121105,15.25,15.35,15.21,15.33
20121106,15.17,15.18,15.06,15.13
20121107,15.16,15.25,15.08,15.13
20121108,15.16,15.23,15.08,15.09
20121109,14.96,15.0,14.87,14.9
20121112,14.89,14.91,14.74,14.81
20121113,14.8,15.06,14.74,14.94
20121114,14.92,14.98,14.72,14.79
20121115,15.0,15.08,14.89,14.93
20121116,14.99,15.0,14.81,14.93
20121119,14.95,14.99,14.89,14.94
20121120,14.89,14.95,14.87,14.91
20121121,14.9,14.95,14.78,14.83
20121122,14.83,14.83,14.83,14.83
20121123,14.71,14.87,14.68,14.86
20121126,14.72,14.82,14.7,14.8
20121127,14.91,14.99,14.75,14.76
20121128,14.72,14.83,14.66,14.82
20121129,15.03,15.18,15.03,15.14
20121130,15.08,15.15,15.01,15.15
20121203,15.19,15.28,15.11,15.19
20121204,15.06,15.28,15.02,15.24
20121205,15.46,15.5,15.37,15.43
20121206,15.65,15.74,15.58,15.63
20121207,15.98,16.16,15.96,16.11
20121210,16.06,16.06,15.86,15.91
20121211,15.95,15.95,15.84,15.86
20121212,15.78,15.8,15.66,15.72
20121213,15.64,15.66,15.54,15.56
20121214,15.65,15.71,15.54,15.57
20121217,15.57,15.64,15.51,15.59
20121218,15.6,15.67,15.52,15.66
20121219,15.5,15.52,15.34,15.45
20121220,15.52,15.9,15.52,15.84
20121221,15.59,15.75,15.57,15.71
20121224,15.78,15.79,15.63,15.71
20121225,15.71,15.71,15.71,15.71
20121226,15.71,15.75,15.58,15.66
20121227,16.09,16.1,15.93,16.04
20121228,16.09,16.14,15.95,16.05
20121231,15.95,16.15,15.95,16.14
20130101,16.14,16.14,16.14,16.14
20130102,16.29,16.37,16.18,16.2
20130103,16.2,16.51,16.18,16.46
20130104,16.48,16.54,16.44,16.51
20130107,16.5,16.55,16.41,16.49
20130108,16.76,16.78,16.57,16.63
20130109,16.82,16.88,16.72,16.83
20130110,17.07,17.1,16.85,16.98
20130111,17.35,17.39,17.18,17.29
20130114,17.29,17.35,17.18,17.29
20130115,17.25,17.27,17.15,17.2
20130116,17.38,17.61,17.35,17.59
20130117,17.66,17.8,17.65,17.76
20130118,17.57,17.57,17.26,17.37
20130121,17.37,17.37,17.37,17.37
20130122,17.06,17.31,17.0,17.29
20130123,17.26,17.37,17.23,17.36
20130124,17.34,17.35,17.2,17.27
20130125,17.33,17.43,16.67,17.05
20130128,16.73,16.76,16.49,16.52
20130129,16.73,16.88,16.67,16.87
20130130,15.85,15.86,15.47,15.64
20130131,15.78,15.86,15.6,15.64
20130201,15.62,15.68,15.43,15.59
20130204,15.51,15.69,15.42,15.57
20130205,15.66,15.66,15.5,15.57
20130206,15.51,15.53,15.35,15.43
20130207,15.92,16.16,15.48,15.82
20130208,15.89,16.07,15.89,15.95
20130211,15.92,15.97,15.83,15.85
20130212,15.97,16.03,15.91,15.97
20130213,16.03,16.07,15.81,15.82
20130214,15.61,15.75,15.58,15.68
20130215,15.72,15.76,15.65,15.74
20130218,15.74,15.74,15.74,15.74
20130219,16.21,16.27,16.08,16.13
20130220,16.08,16.13,15.83,15.85
20130221,15.74,15.91,15.65,15.86
20130222,15.93,16.18,15.93,16.16
20130225,16.19,16.25,15.9,15.91
20130226,16.31,16.42,16.21,16.33
20130227,16.47,16.5,16.37,16.45
20130228,16.5,16.68,16.45,16.51
20130301,16.46,16.58,16.4,16.58
20130304,16.39,16.5,16.31,16.5
20130305,16.45,16.45,16.25,16.31
20130306,16.48,16.5,16.35,16.4
20130307,16.33,16.35,16.25,16.25
20130308,16.11,16.16,15.94,16.14
20130311,16.06,16.16,15.95,16.12
20130312,16.66,16.7,16.39,16.61
20130313,16.79,16.81,16.63,16.64
20130314,16.9,17.02,16.78,16.85
20130315,16.9,16.93,16.64,16.68
20130318,16.59,16.64,16.47,16.5
20130319,16.54,16.55,16.14,16.25
20130320,16.41,16.59,16.41,16.56
20130321,16.57,16.64,16.4,16.46
20130322,16.45,16.57,16.42,16.53
20130325,16.54,16.63,16.31,16.41
20130326,16.45,16.64,16.45,16.59
20130327,16.5,16.59,16.42,16.47
20130328,16.52,16.77,16.49,16.64
20130329,16.64,16.64,16.64,16.64
20130401,16.73,16.74,16.56,16.57
20130402,16.76,16.79,16.67,16.77
20130403,16.74,16.77,16.65,16.69
20130404,16.79,16.98,16.79,16.89
20130405,16.68,16.72,16.6,16.69
20130408,16.82,16.93,16.8,16.92
20130409,16.91,16.92,16.74,16.82
20130410,16.87,16.94,16.8,16.94
20130411,16.69,16.71,16.55,16.65
20130412,16.63,16.67,16.4,16.62
20130415,16.51,16.56,16.21,16.21
20130416,15.73,15.79,15.45,15.52
20130417,15.56,15.67,15.46,15.5
20130418,15.45,15.48,15.09,15.11
20130419,15.15,15.19,15.0,15.09
20130422,15.21,15.21,15.03,15.18
20130423,15.18,15.26,15.15,15.24
20130424,15.16,15.22,15.04,15.13
20130425,14.73,15.02,14.73,14.9
20130426,15.14,15.14,14.93,15.02
20130429,15.14,15.18,15.09,15.15
20130430,15.51,15.74,15.23,15.62
20130501,15.58,15.58,15.35,15.37
20130502,15.58,15.74,15.57,15.67
20130503,15.62,15.74,15.6,15.66
20130506,15.65,15.71,15.55,15.68
20130507,15.65,15.74,15.6,15.71
20130508,15.71,15.81,15.69,15.74
20130509,15.52,15.65,15.45,15.54
20130510,15.27,15.41,15.22,15.35
20130513,15.27,15.47,15.22,15.45
20130514,15.62,15.87,15.61,15.84
20130515,15.85,15.99,15.84,15.99
20130516,16.07,16.26,15.93,16.23
20130517,16.17,16.32,15.99,16.24
20130520,15.86,16.07,15.86,15.94
20130521,16.23,16.32,16.0,16.3
20130522,15.88,15.93,15.63,15.7
20130523,15.63,15.89,15.6,15.87
20130524,15.94,16.02,15.79,15.87
20130527,15.87,15.87,15.87,15.87
20130528,16.04,16.49,16.04,16.35
20130529,16.21,16.38,16.09,16.25
20130530,15.95,15.95,15.81,15.85
20130531,15.37,15.55,15.28,15.37
20130603,14.24,14.53,14.14,14.44
20130604,14.93,15.09,14.73,14.95
20130605,14.82,14.89,14.57,14.57
20130606,13.58,14.07,13.51,14.03
20130607,13.98,14.21,13.92,14.07
20130610,13.96,14.14,13.87,13.92
20130611,13.54,13.83,13.53,13.66
20130612,14.22,14.93,14.14,14.88
20130613,14.87,14.93,14.66,14.84
20130614,15.08,15.18,14.9,14.94
20130617,14.94,15.0,14.78,14.8
20130618,14.76,14.81,14.66,14.74
20130619,14.9,15.02,14.68,14.72
20130620,14.28,14.33,14.07,14.08
20130621,14.14,14.22,13.99,14.17
20130624,13.68,13.82,13.56,13.7
20130625,13.88,13.99,13.65,13.86
20130626,13.94,14.32,13.94,14.22
20130627,14.42,14.57,14.36,14.44
20130628,14.17,14.42,14.11,14.37
20130701,14.96,15.0,14.7,14.75
20130702,14.75,14.79,14.5,14.59
20130703,14.25,14.31,14.11,14.15
20130704,14.15,14.15,14.15,14.15
20130705,14.31,14.38,14.22,14.33
20130708,14.46,14.63,14.37,14.42
20130709,14.78,14.91,14.65,14.83
20130710,14.39,14.63,14.38,14.51
20130711,14.5,14.56,14.31,14.46
20130712,14.45,14.72,14.43,14.72
20130715,14.91,15.07,14.9,15.0
20130716,14.79,14.93,14.75,14.92
20130717,14.97,15.13,14.88,15.05
20130718,14.92,14.99,14.85,14.91
20130719,14.52,14.78,14.5,14.71
20130722,14.7,14.95,14.69,14.93
20130723,15.01,15.3,15.01,15.24
20130724,15.15,15.17,14.89,14.95
20130725,14.89,15.06,14.89,15.01
20130726,14.69,14.73,14.59,14.73
20130729,14.72,14.77,14.65,14.71
20130730,14.83,14.95,14.8,14.85
20130731,14.66,14.71,14.49,14.59
20130801,14.66,14.74,14.51,14.6
20130802,14.78,14.98,14.78,14.93
20130805,14.94,14.99,14.84,14.95
20130806,14.98,15.02,14.92,15.0
20130807,14.95,15.01,14.81,14.98
20130808,15.07,15.26,14.97,15.23
20130809,15.22,15.29,15.15,15.23
20130812,15.15,15.3,15.08,15.18
20130813,15.18,15.21,15.08,15.15
20130814,15.22,15.3,15.21,15.22
20130815,15.21,15.24,15.09,15.19
20130816,15.43,15.44,15.25,15.31
20130819,15.17,15.17,14.63,14.79
20130820,14.86,14.98,14.82,14.84
20130821,14.51,14.51,14.05,14.12
20130822,13.91,14.06,13.78,14.01
20130823,13.69,13.89,13.6,13.86
20130826,13.83,14.1,13.78,13.97
20130827,13.5,13.57,13.34,13.36
20130828,13.06,13.28,13.01,13.19
20130829,13.22,13.43,13.22,13.23
20130830,13.38,13.38,13.14,13.16
20130902,13.16,13.16,13.16,13.16
20130903,13.59,13.63,13.14,13.46
20130904,13.38,13.38,13.12,13.19
20130905,13.05,13.12,12.94,12.95
20130906,13.04,13.18,12.76,13.03
20130909,13.23,13.56,13.23,13.55
20130910,13.73,14.48,13.67,13.92
20130911,13.77,14.03,13.73,14.01
20130912,13.81,13.98,13.68,13.69
20130913,14.14,14.2,13.96,14.19
20130916,14.73,14.79,14.56,14.62
20130917,14.68,14.83,14.63,14.8
20130918,14.73,15.39,14.7,15.37
20130919,15.37,15.39,14.95,15.03
20130920,14.98,14.98,14.72,14.75
20130923,14.73,14.83,14.69,14.72
20130924,14.87,14.93,14.74,14.74
20130925,14.72,14.72,14.51,14.58
20130926,14.58,14.63,14.5,14.53
20130927,14.46,14.51,14.41,14.47
20130930,14.56,14.75,14.48,14.75
20131001,14.93,15.22,14.92,15.21
20131002,15.31,15.66,15.3,15.59
20131003,15.6,15.69,15.46,15.56
20131004,15.56,15.96,15.55,15.95
20131007,15.77,15.87,15.71,15.82
20131008,15.82,15.91,15.7,15.71
20131009,15.36,15.62,15.36,15.57
20131010,15.42,15.81,15.42,15.75
20131011,15.73,16.0,15.65,15.93
20131014,15.81,16.04,15.75,15.99
20131015,15.93,16.02,15.88,15.94
20131016,16.0,16.17,15.94,16.04
20131017,16.14,16.17,15.99,16.14
20131018,16.2,16.25,16.11,16.21
20131021,15.87,16.05,15.87,15.98
20131022,16.14,16.31,16.1,16.25
20131023,16.04,16.05,15.87,15.94
20131024,16.02,16.19,15.92,16.13
20131025,16.04,16.08,15.89,16.07
20131028,15.89,16.05,15.87,16.03
20131029,15.99,16.09,15.86,15.92
20131030,15.82,15.85,15.61,15.75
20131031,15.56,15.71,15.55,15.64
20131101,15.32,15.47,15.14,15.15
20131104,15.23,15.35,15.15,15.29
20131105,15.34,15.41,15.26,15.28
20131106,15.41,15.56,15.41,15.45
20131107,15.39,15.39,15.18,15.18
20131108,14.84,14.93,14.68,14.86
20131111,14.5,14.52,14.36,14.39
20131112,14.02,14.36,14.02,14.19
20131113,13.92,14.32,13.92,14.28
20131114,14.33,14.67,14.32,14.66
20131115,14.9,15.09,14.9,15.06
20131118,15.37,15.39,15.15,15.16
20131119,15.2,15.2,15.05,15.06
20131120,14.94,15.23,14.93,15.07
20131121,14.96,15.05,14.89,14.92
20131122,15.24,15.32,15.2,15.26
20131125,15.55,15.55,15.22,15.22
20131126,15.04,15.13,14.99,15.04
20131127,15.2,15.26,15.04,15.16
20131128,15.16,15.16,15.16,15.16
20131129,15.1,15.39,15.09,15.32
20131202,15.2,15.31,15.09,15.17
20131203,15.06,15.17,14.87,14.99
20131204,14.58,14.74,14.51,14.64
20131205,14.49,14.64,14.43,14.49
20131206,14.74,14.85,14.71,14.8
20131209,14.83,14.95,14.8,14.91
20131210,14.95,15.0,14.86,14.95
20131211,14.93,14.95,14.7,14.71
20131212,14.76,14.79,14.58,14.69
20131213,14.67,14.79,14.67,14.75
20131216,14.93,15.05,14.84,14.87
20131217,14.52,14.58,14.23,14.31
20131218,14.51,14.77,14.45,14.68
20131219,14.34,14.56,14.34,14.53
20131220,14.3,14.33,14.08,14.17
20131223,13.71,14.03,13.69,14.01
20131224,13.93,14.23,13.93,14.2
20131225,14.2,14.2,14.2,14.2
20131226,13.5,13.64,13.25,13.29
20131227,12.83,13.3,12.76,13.22
20131230,13.47,13.78,13.47,13.77
20131231,13.39,13.47,13.23,13.35
20140101,13.35,13.35,13.35,13.35
20140102,12.72,13.05,12.66,12.97
20140103,12.6,12.81,12.55,12.73
20140106,12.71,12.84,12.66,12.81
20140107,13.07,13.18,12.98,13.16
20140108,12.97,13.0,12.8,12.87
20140109,12.58,12.85,12.56,12.8
20140110,12.85,13.05,12.64,12.95
20140113,13.12,13.26,12.98,13.08
20140114,12.92,13.1,12.85,12.95
20140115,12.99,13.11,12.92,12.93
20140116,12.63,12.73,12.54,12.65
20140117,12.69,12.76,12.57,12.68
20140120,12.68,12.68,12.68,12.68
20140121,12.95,12.95,12.59,12.78
20140122,12.75,12.88,12.73,12.82
20140123,12.43,12.49,12.35,12.45
20140124,12.03,12.27,12.0,12.2
20140127,12.1,12.36,12.05,12.31
20140128,11.98,12.11,11.97,12.06
20140129,11.73,12.3,11.72,12.08
20140130,12.18,12.47,12.16,12.35
20140131,12.14,12.58,12.12,12.45
20140203,12.59,12.67,12.31,12.32
20140204,12.46,12.63,12.4,12.57
20140205,12.4,12.47,12.34,12.39
20140206,12.5,12.76,12.49,12.72
20140207,12.75,12.93,12.73,12.85
20140210,12.77,12.81,12.7,12.78
20140211,12.79,13.12,12.75,12.99
20140212,13.14,13.3,13.14,13.2
20140213,12.9,13.0,12.9,12.95
20140214,12.99,13.17,12.99,13.14
20140217,13.14,13.14,13.14,13.14
20140218,13.03,13.1,12.88,13.01
20140219,13.08,13.28,13.04,13.12
20140220,13.09,13.24,13.08,13.19
20140221,13.2,13.38,13.18,13.3
20140224,13.36,13.44,13.12,13.13
20140225,13.03,13.05,12.83,12.88
20140226,12.63,12.73,12.51,12.57
20140227,12.68,12.99,12.68,12.91
20140228,12.95,13.11,12.95,13.06
20140303,12.61,12.63,12.35,12.39
20140304,12.63,12.66,12.55,12.65
20140305,12.64,12.68,12.56,12.6
20140306,12.69,12.78,12.66,12.72
20140307,12.62,12.64,12.49,12.6
20140310,12.48,12.5,12.22,12.28
20140311,12.15,12.24,12.06,12.07
20140312,12.01,12.25,12.0,12.25
20140313,12.39,12.4,12.13,12.17
20140314,12.21,12.27,12.04,12.2
20140317,12.4,12.53,12.39,12.48
20140318,12.49,12.59,12.46,12.55
20140319,12.46,12.57,12.31,12.31
20140320,12.1,12.37,12.1,12.31
20140321,12.31,12.38,12.19,12.23
20140324,12.36,12.47,12.29,12.37
20140325,12.45,12.55,12.39,12.5
20140326,12.77,13.01,12.75,12.92
20140327,13.18,13.29,13.04,13.15
20140328,13.37,13.66,13.37,13.53
20140331,13.74,13.82,13.61,13.77
20140401,14.18,14.19,13.98,14.12
20140402,14.14,14.3,14.06,14.24
20140403,14.37,14.48,14.22,14.41
20140404,14.59,14.64,14.39,14.4
20140407,14.18,14.38,14.14,14.31
20140408,14.53,14.6,14.45,14.51
20140409,14.17,14.17,13.95,14.09
20140410,14.1,14.13,14.01,14.03
20140411,13.9,13.98,13.83,13.94
20140414,14.05,14.11,13.99,14.08
20140415,13.96,13.97,13.71,13.89
20140416,14.0,14.0,13.84,13.89
20140417,13.9,14.09,13.86,14.04
20140418,14.04,14.04,14.04,14.04
20140421,13.8,14.08,13.8,14.02
20140422,13.84,13.95,13.75,13.9
20140423,13.85,13.88,13.62,13.71
20140424,13.56,13.59,13.42,13.5
20140425,13.71,13.89,13.59,13.81
20140428,14.52,14.56,14.21,14.37
20140429,14.46,14.48,14.31,14.35
20140430,14.46,14.52,14.41,14.48
20140501,14.5,14.71,14.44,14.69
20140502,14.5,14.65,14.49,14.56
20140505,14.57,14.64,14.52,14.56
20140506,14.43,14.51,14.37,14.37
20140507,14.35,14.64,14.32,14.64
20140508,14.64,14.75,14.59,14.62
20140509,14.72,14.75,14.63,14.71
20140512,14.77,14.89,14.73,14.86
20140513,14.85,14.99,14.85,14.96
20140514,14.91,15.0,14.79,14.92
20140515,14.93,14.93,14.51,14.57
20140516,14.6,14.72,14.6,14.71
20140519,14.63,14.81,14.6,14.8
20140520,14.56,14.66,14.31,14.42
20140521,14.74,14.95,14.7,14.89
20140522,15.21,15.22,15.09,15.2
20140523,15.2,15.2,15.15,15.18
20140526,15.18,15.18,15.18,15.18
20140527,14.76,14.76,14.63,14.67
20140528,14.68,14.75,14.62,14.68
20140530,15.34,15.58,15.32,15.5
20140602,15.37,15.42,15.27,15.28
20140603,15.21,15.26,15.04,15.24
20140604,15.12,15.22,15.01,15.1
20140605,15.23,15.23,14.93,15.0
20140606,15.62,15.75,15.53,15.74
20140609,15.47,15.53,15.42,15.48
20140610,15.63,15.96,15.62,15.89
20140611,15.54,15.64,15.4,15.46
20140612,16.08,16.12,15.87,15.93
20140613,15.83,15.89,15.76,15.89
20140616,15.47,15.58,15.41,15.48
20140617,15.3,15.38,15.25,15.34
20140618,15.32,15.51,15.23,15.48
20140619,15.51,15.54,15.34,15.35
20140620,15.13,15.36,15.04,15.35
20140623,15.36,15.36,15.25,15.31
20140624,15.35,15.43,15.31,15.34
20140625,15.3,15.43,15.3,15.4
20140626,15.39,15.44,15.23,15.42
20140627,15.45,15.68,15.45,15.65
20140630,15.56,15.62,15.52,15.6
20140701,15.05,15.14,14.99,15.1
20140702,14.83,14.98,14.82,14.97
20140703,14.64,14.93,14.61,14.89
20140704,14.89,14.89,14.89,14.89
20140707,15.13,15.29,15.08,15.24
20140708,15.33,15.5,15.29,15.48
20140709,15.22,15.28,15.12,15.24
20140710,14.84,14.94,14.8,14.92
20140711,14.67,14.87,14.65,14.82
20140714,14.99,15.2,14.99,15.17
20140715,15.21,15.28,15.21,15.27
20140716,15.16,15.45,15.12,15.42
20140718,15.46,15.57,15.39,15.52
20140721,15.61,15.69,15.47,15.59
20140722,15.73,15.76,15.59,15.62
20140723,15.67,15.73,15.6,15.7
20140724,15.7,15.7,15.47,15.65
20140725,15.89,16.23,15.87,16.18
20140728,16.16,16.61,16.05,16.6
20140729,16.56,16.59,16.48,16.54
20140730,16.25,16.63,16.18,16.43
20140731,16.32,16.45,16.23,16.34
20140801,16.34,16.42,16.17,16.27
20140804,16.21,16.3,16.15,16.3
20140805,16.04,16.13,15.87,16.05
20140806,15.99,15.99,15.79,15.81
20140807,15.59,15.6,15.22,15.29
20140808,15.11,15.22,14.99,15.2
20140811,14.84,14.96,14.75,14.85
20140812,14.85,14.92,14.75,14.86
20140813,14.92,14.94,14.72,14.83
20140814,14.92,15.0,14.7,14.74
20140815,14.63,14.67,14.52,14.57
20140818,14.8,14.89,14.7,14.87
20140819,14.83,14.9,14.8,14.85
20140820,14.65,14.8,14.63,14.71
20140821,14.68,14.86,14.68,14.71
20140822,14.73,14.74,14.51,14.65
20140825,14.63,14.77,14.61,14.73
20140826,14.81,14.85,14.73,14.77
20140827,14.8,14.86,14.78,14.81
20140828,14.79,14.8,14.72,14.73
20140829,14.68,14.78,14.65,14.76
20140901,14.76,14.76,14.76,14.76
20140902,14.68,14.73,14.53,14.58
20140903,14.9,15.1,14.9,15.04
20140904,15.04,15.1,14.98,14.99
20140905,15.14,15.2,15.11,15.16
20140908,15.01,15.09,14.92,14.94
20140909,14.61,14.64,14.45,14.5
20140910,14.45,14.57,14.4,14.52
20140911,14.47,14.47,14.37,14.39
20140912,14.21,14.23,13.89,13.9
20140915,13.94,14.05,13.91,13.93
20140916,14.08,14.31,14.05,14.27
20140917,14.27,14.3,14.07,14.1
20140918,13.68,13.74,13.64,13.74
20140919,13.79,13.79,13.38,13.42
20140922,13.41,13.49,13.4,13.43
20140923,13.47,13.52,13.34,13.36
20140924,13.47,13.51,13.34,13.43
20140925,13.19,13.2,13.09,13.15
20140926,13.09,13.21,13.01,13.17
20140929,13.02,13.05,12.92,12.98
20140930,13.1,13.16,13.02,13.14
20141001,13.06,13.07,12.8,12.86
20141002,13.02,13.09,12.94,13.06
20141003,13.0,13.08,12.91,12.99
20141006,13.08,13.13,13.01,13.08
20141007,13.04,13.11,12.99,13.04
20141008,13.02,13.1,12.83,13.09
20141009,13.4,13.44,13.19,13.21
20141010,13.05,13.1,12.87,12.89
20141013,13.31,13.33,13.11,13.13
20141014,13.11,13.21,13.04,13.06
20141015,13.24,13.36,13.0,13.22
20141016,13.04,13.3,12.99,13.25
20141017,13.39,13.43,13.26,13.39
20141020,13.31,13.47,13.29,13.47
20141021,13.41,13.53,13.39,13.51
20141022,13.6,13.79,13.59,13.71
20141023,13.79,13.93,13.72,13.93
20141024,13.98,14.12,13.94,14.12
20141027,13.98,14.11,13.89,14.0
20141028,14.15,14.29,14.12,14.28
20141029,14.27,14.45,14.17,14.27
20141030,14.35,14.69,14.33,14.55
20141031,14.51,14.66,14.45,14.63
20141103,14.39,14.39,14.18,14.34
20141104,14.34,14.42,14.32,14.4
20141105,14.55,14.59,14.23,14.29
20141106,14.4,14.41,14.07,14.12
20141107,14.0,14.06,13.95,14.05
20141110,14.11,14.17,14.02,14.11
20141111,14.1,14.17,14.01,14.13
20141112,14.22,14.36,14.17,14.3
20141113,14.3,14.4,14.26,14.28
20141114,14.37,14.54,14.37,14.47
20141117,14.73,14.8,14.63,14.69
20141118,14.76,14.97,14.75,14.92
20141119,14.78,14.9,14.73,14.87
20141120,15.14,15.39,15.13,15.39
20141121,15.52,15.68,15.52,15.57
20141124,15.62,15.7,15.47,15.69
20141125,15.8,15.82,15.69,15.79
20141126,15.69,15.82,15.62,15.79
20141127,15.79,15.79,15.79,15.79
20141128,15.75,15.97,15.73,15.87
20141201,15.77,16.1,15.69,16.05
20141202,16.03,16.6,16.02,16.22
20141204,16.39,16.5,16.21,16.46
20141205,16.22,16.22,15.9,16.01
20141208,16.13,16.13,15.94,15.99
20141209,16.06,16.13,16.01,16.11
20141210,16.06,16.07,15.83,15.85
20141211,15.98,15.99,15.67,15.67
20141212,15.09,15.2,15.02,15.07
20141215,14.7,14.79,14.37,14.45
20141216,14.15,14.24,14.0,14.09
20141217,14.33,14.64,14.33,14.61
20141218,14.88,14.93,14.8,14.9
20141219,14.86,15.02,14.86,14.96
20141222,15.04,15.21,15.04,15.07
20141223,14.99,14.99,14.83,14.94
20141224,14.91,15.01,14.91,14.91
20141225,14.91,14.91,14.91,14.91
20141226,14.8,15.12,14.75,15.07
20141229,14.86,15.06,14.86,14.95
20141230,14.95,15.1,14.9,14.99
20141231,15.18,15.28,15.12,15.12
20150101,15.12,15.12,15.12,15.12
20150102,15.0,15.06,14.95,15.0
20150105,15.34,15.42,15.2,15.21
20150106,15.29,15.55,15.21,15.34
20150107,15.44,15.45,15.27,15.37
20150108,15.48,15.64,15.4,15.49
20150109,15.69,15.76,15.59,15.69
20150112,15.73,15.79,15.54,15.58
20150113,16.24,16.34,16.1,16.2
20150114,16.15,16.28,16.03,16.22
20150115,16.27,16.3,15.96,15.96
20150116,15.86,16.13,15.85,16.12
20150119,16.12,16.12,16.12,16.12
20150120,15.93,16.15,15.83,16.11
20150121,16.4,16.68,16.4,16.52
20150122,16.23,16.58,16.13,16.44
20150123,15.91,15.97,15.69,15.7
20150126,15.38,15.51,15.26,15.3
20150127,15.22,15.28,15.17,15.2
20150128,15.2,15.22,14.8,14.8
20150129,14.67,14.83,14.55,14.75
20150130,14.3,14.57,14.26,14.44
20150202,14.69,14.78,14.59,14.69
20150203,14.62,14.7,14.48,14.61
20150204,14.58,14.62,14.14,14.19
20150205,14.27,14.42,14.25,14.42
20150206,14.35,14.49,14.33,14.38
20150209,14.05,14.37,14.04,14.25
20150210,14.0,14.41,13.96,14.32
20150211,14.49,14.75,14.4,14.68
20150212,14.85,14.93,14.75,14.78
20150213,14.42,14.44,14.21,14.27
20150216,14.27,14.27,14.27,14.27
20150217,14.1,14.13,13.98,14.03
20150218,13.99,14.12,13.98,14.11
20150219,14.11,14.28,14.06,14.2
20150220,14.12,14.2,14.01,14.17
20150223,14.05,14.1,13.99,14.02
20150224,13.98,14.02,13.86,13.93
20150225,13.83,13.86,13.64,13.75
20150226,13.75,13.75,13.46,13.5
20150227,13.12,13.25,13.1,13.17
20150302,13.07,13.08,12.97,13.0
20150303,12.85,12.95,12.77,12.78
20150304,12.51,12.53,12.38,12.47
20150305,12.4,12.43,12.24,12.27
20150306,12.18,12.26,12.02,12.08
20150309,12.23,12.32,12.19,12.2
20150310,11.91,11.95,11.76,11.76
20150311,11.85,12.0,11.75,11.92
20150312,12.15,12.26,12.07,12.18
20150313,12.07,12.09,11.92,11.96
20150316,12.08,12.1,11.87,11.95
20150317,12.22,12.3,12.11,12.3
20150318,12.1,12.42,12.0,12.35
20150319,12.33,12.46,12.22,12.32
20150320,12.42,12.52,12.42,12.5
20150323,12.84,12.96,12.76,12.93
20150324,12.77,12.79,12.54,12.6
20150325,13.32,13.43,13.19,13.36
20150326,13.1,13.16,12.85,12.87
20150327,12.8,12.88,12.66,12.88
20150330,12.87,12.95,12.8,12.95
20150331,12.75,13.04,12.67,13.03
20150401,11.41,11.51,11.32,11.39
20150402,11.38,11.52,11.37,11.47
20150403,11.47,11.47,11.47,11.47
20150406,11.45,11.57,11.42,11.43
20150407,11.06,11.16,11.01,11.06
20150408,10.75,10.86,10.75,10.79
20150409,10.86,10.9,10.75,10.82
20150410,10.84,10.91,10.82,10.9
20150413,10.76,10.79,10.71,10.72
20150414,10.66,10.74,10.62,10.64
20150415,10.61,10.61,10.43,10.53
20150416,10.63,10.72,10.6,10.72
20150417,10.69,10.83,10.67,10.76
20150420,10.67,10.69,10.61,10.65
20150421,10.77,10.85,10.75,10.83
20150422,10.91,10.97,10.86,10.9
20150423,10.89,11.0,10.89,10.96
20150424,11.03,11.23,11.03,11.18
20150427,11.25,11.44,11.25,11.37
20150428,11.39,11.58,11.39,11.48
20150429,11.59,11.67,11.47,11.53
20150430,11.16,11.17,11.02,11.06
20150504,10.79,10.83,10.72,10.78
20150505,10.8,10.83,10.73,10.77
20150506,10.87,10.91,10.78,10.81
20150507,11.05,11.2,11.05,11.16
20150508,11.46,11.5,11.3,11.3
20150511,11.43,11.59,11.42,11.52
20150512,11.63,11.69,11.61,11.64
20150513,11.79,11.85,11.71,11.73
20150514,12.01,12.08,11.96,12.02
20150515,11.9,12.03,11.84,12.01
20150518,11.98,11.98,11.8,11.81
20150519,11.77,11.86,11.65,11.84
20150520,11.68,11.7,11.58,11.63
20150521,11.63,11.67,11.58,11.62
20150522,11.59,11.72,11.58,11.67
20150525,11.67,11.67,11.67,11.67
20150526,11.43,11.45,11.25,11.36
20150527,11.1,11.32,11.05,11.31
20150528,11.24,11.24,11.04,11.22
20150529,11.2,11.2,10.97,11.02
20150601,10.93,10.99,10.87,10.91
20150602,10.89,11.06,10.89,11.01
20150603,11.18,11.35,11.18,11.3
20150604,11.47,11.56,11.37,11.39
20150605,11.31,11.35,11.23,11.33
20150608,10.62,10.77,10.54,10.74
20150609,10.66,10.8,10.64,10.72
20150610,10.86,10.99,10.82,10.9
20150611,11.07,11.13,10.96,11.06
20150612,11.04,11.09,11.02,11.04
20150615,10.91,10.91,10.65,10.72
20150616,10.82,10.9,10.81,10.84
20150617,10.95,11.09,10.95,11.08
20150618,11.25,11.36,11.2,11.32
20150619,11.33,11.42,11.28,11.39
20150622,11.53,11.75,11.52,11.74
20150623,11.74,11.8,11.65,11.78
20150624,11.77,11.86,11.69,11.71
20150625,11.86,11.92,11.77,11.8
20150626,11.79,11.81,11.64,11.67
20150629,11.42,11.43,11.26,11.27
20150630,11.57,11.59,11.47,11.49
20150701,11.53,11.56,11.29,11.41
20150702,11.49,11.62,11.43,11.57
20150703,11.57,11.57,11.57,11.57
20150706,11.59,11.74,11.54,11.74
20150707,11.65,11.75,11.47,11.73
20150708,11.33,11.36,11.19,11.22
20150709,11.56,11.66,11.56,11.58
20150710,11.72,11.86,11.7,11.78
20150713,11.82,11.9,11.78,11.89
20150714,11.87,11.93,11.81,11.9
20150715,11.75,11.75,11.57,11.62
20150716,11.66,11.76,11.57,11.76
20150717,11.75,11.77,11.64,11.73
20150720,11.52,11.54,11.4,11.54
20150721,11.56,11.71,11.56,11.64
20150722,11.49,11.66,11.49,11.66
20150723,11.41,11.43,11.13,11.2
20150724,11.25,11.32,11.04,11.16
20150727,11.01,11.02,10.8,10.84
20150728,11.12,11.25,11.05,11.19
20150729,11.24,11.29,11.08,11.09
20150730,11.03,11.52,11.03,11.44
20150731,11.49,11.55,11.43,11.48
20150803,11.16,11.16,10.92,11.04
20150804,11.07,11.24,11.06,11.15
20150805,11.2,11.2,11.07,11.11
20150806,11.1,11.1,10.93,11.01
20150807,10.81,10.94,10.8,10.92
20150810,10.74,10.89,10.72,10.85
20150811,10.85,10.98,10.83,10.89
20150812,10.76,10.89,10.74,10.85
20150813,10.58,10.58,10.43,10.5
20150814,10.54,10.63,10.51,10.55
20150817,10.51,10.6,10.44,10.51
20150818,10.36,10.38,10.29,10.35
20150819,10.14,10.21,10.02,10.15
20150820,9.97,10.26,9.92,10.08
20150821,9.96,9.96,9.77,9.77
20150824,9.26,9.49,9.15,9.21
20150826,9.83,9.96,9.59,9.72
20150827,9.98,10.03,9.84,9.91
20150828,9.72,9.8,9.69,9.78
20150831,9.74,9.86,9.69,9.76
20150901,9.55,9.68,9.54,9.59
20150902,9.69,9.69,9.53,9.64
20150903,9.39,9.43,9.29,9.32
20150904,9.27,9.29,9.13,9.15
20150907,9.15,9.15,9.15,9.15
20150908,9.19,9.21,9.0,9.08
20150909,9.01,9.05,8.79,8.81
20150910,8.8,8.85,8.72,8.82
20150911,8.72,8.83,8.71,8.82
20150914,8.64,8.85,8.62,8.78
20150915,8.85,9.09,8.85,9.05
20150916,9.1,9.15,9.04,9.06
20150917,9.2,9.55,9.13,9.34
20150918,9.19,9.52,9.19,9.26
20150921,9.27,9.31,9.13,9.15
20150922,9.1,9.17,9.02,9.14
20150923,9.14,9.2,8.96,8.96
20150924,8.96,8.96,8.76,8.86
20150925,8.87,8.96,8.82,8.87
20150928,8.84,8.86,8.68,8.68
20150929,8.77,8.85,8.74,8.82
20150930,8.81,8.85,8.66,8.68
20151001,8.7,8.76,8.56,8.62
20151002,8.63,9.01,8.62,8.97
20151005,9.0,9.12,8.99,9.05
20151006,9.05,9.15,9.03,9.12
20151007,9.34,9.52,9.32,9.44
20151008,9.45,9.56,9.44,9.55
20151009,9.56,9.57,9.41,9.46
20151012,9.63,9.67,9.56,9.61
20151013,9.48,9.48,9.35,9.39
20151014,9.54,9.64,9.53,9.6
20151015,9.71,9.74,9.58,9.71
20151016,9.68,9.68,9.45,9.59
20151019,9.59,9.7,9.57,9.65
20151020,9.74,9.74,9.6,9.68
20151021,9.64,9.78,9.62,9.76
20151022,9.89,10.04,9.8,9.92
20151023,9.99,10.03,9.9,9.94
20151026,10.02,10.06,9.94,10.01
20151027,9.98,10.01,9.75,9.86
20151028,9.98,10.13,9.92,10.06
20151029,10.07,10.07,9.87,9.96
20151030,9.82,9.97,9.78,9.91
20151102,10.48,10.48,10.21,10.4
20151103,10.41,10.49,10.34,10.47
20151104,10.57,10.7,10.46,10.5
20151105,10.48,10.49,10.36,10.45
20151106,10.22,10.23,10.02,10.09
20151109,10.1,10.2,9.98,10.11
20151110,10.05,10.1,9.95,10.06
20151111,10.16,10.16,9.99,10.04
20151112,10.0,10.2,10.0,10.18
20151113,10.29,10.31,10.15,10.18
20151116,10.15,10.16,10.04,10.12
20151117,10.38,10.4,10.29,10.32
20151118,10.52,10.63,10.47,10.63
20151119,10.56,10.61,10.49,10.53
20151120,10.65,10.77,10.61,10.66
20151123,10.63,10.64,10.48,10.54
20151124,10.3,10.3,9.84,9.86
20151125,9.9,10.03,9.85,9.9
20151126,9.9,9.9,9.9,9.9
20151127,9.57,9.66,9.51,9.65
20151130,9.65,9.71,9.5,9.52
20151201,9.61,9.67,9.59,9.65
20151202,9.65,9.67,9.55,9.56
20151203,9.63,9.68,9.53,9.6
20151204,9.45,9.5,9.36,9.42
20151207,9.35,9.35,9.22,9.26
20151208,9.28,9.32,9.25,9.28
20151209,9.32,9.36,9.19,9.24
20151210,9.04,9.04,8.73,8.75
20151211,8.62,8.64,8.46,8.48
20151214,8.43,8.49,8.3,8.38
20151215,8.81,8.85,8.72,8.78
20151216,8.92,8.97,8.79,8.96
20151217,9.04,9.11,8.96,9.01
20151218,8.77,8.83,8.71,8.75
20151221,8.86,8.88,8.71,8.76
20151222,8.54,8.62,8.51,8.56
20151223,8.76,8.81,8.71,8.79
20151224,8.71,8.76,8.69,8.72
20151225,8.72,8.72,8.72,8.72
20151228,8.68,8.71,8.65,8.7
20151229,8.86,8.89,8.79,8.85
20151230,8.75,8.76,8.63,8.63
20151231,8.64,8.67,8.45,8.49
20160101,8.49,8.49,8.49,8.49
20160104,8.24,8.36,8.22,8.31
20160105,8.22,8.29,8.17,8.24
20160106,8.11,8.2,8.11,8.17
20160107,8.1,8.35,8.09,8.19
20160108,8.27,8.29,8.0,8.02
20160111,8.19,8.22,8.06,8.14
20160112,8.2,8.22,8.07,8.17
20160113,8.49,8.55,8.39,8.43
20160114,8.31,8.37,8.21,8.35
20160115,8.11,8.15,7.96,8.09
20160118,8.09,8.09,8.09,8.09
20160119,8.07,8.18,8.03,8.16
20160120,7.93,7.97,7.8,7.95
20160121,7.78,7.9,7.71,7.86
20160122,8.01,8.24,7.98,8.2
20160125,8.23,8.34,8.19,8.26
20160126,8.46,8.54,8.45,8.48
20160127,8.6,8.63,8.47,8.49
20160128,8.58,8.63,8.5,8.59
20160129,8.79,8.88,8.71,8.86
20160201,8.81,9.0,8.75,8.95
20160202,9.0,9.04,8.86,8.99
20160203,9.05,9.22,9.02,9.14
20160204,9.41,9.47,9.31,9.42
20160205,9.39,9.41,9.26,9.27
20160208,9.15,9.16,9.02,9.13
20160209,8.85,9.05,8.85,8.98
20160210,8.9,9.07,8.9,9.01
20160211,8.99,9.02,8.86,8.94
20160212,8.91,9.02,8.86,9.0
20160215,9.0,9.0,9.0,9.0
20160216,9.01,9.03,8.91,9.0
20160217,9.27,9.37,9.26,9.27
20160218,9.4,9.4,9.29,9.34
20160219,9.29,9.34,9.24,9.31
20160222,9.34,9.38,9.31,9.37
20160223,9.28,9.3,9.15,9.18
20160224,9.01,9.13,8.95,9.13
20160225,9.34,9.39,9.28,9.36
20160226,9.25,9.29,8.92,9.04
20160229,9.24,9.39,9.18,9.33
20160301,9.34,9.43,9.28,9.4
20160302,9.3,9.45,9.29,9.43
20160303,9.48,9.57,9.46,9.55
20160304,9.62,9.79,9.59,9.71
20160307,9.82,9.97,9.8,9.96
20160308,10.08,10.12,9.97,10.03
20160309,10.08,10.14,10.04,10.09
20160310,10.02,10.03,9.82,9.99
20160311,10.11,10.16,10.06,10.13
20160314,10.24,10.39,10.22,10.35
20160315,10.17,10.17,10.07,10.12
20160316,10.12,10.4,10.06,10.36
20160317,10.53,10.75,10.48,10.73
20160318,10.73,10.81,10.7,10.78
20160321,10.72,10.81,10.66,10.78
20160322,10.65,10.84,10.61,10.78
20160323,10.5,10.51,10.39,10.44
20160324,10.11,10.38,10.07,10.37
20160325,10.37,10.37,10.37,10.37
20160328,10.4,10.41,10.3,10.35
20160329,10.14,10.3,10.07,10.29
20160330,10.3,10.34,10.23,10.25
20160331,10.47,10.53,10.45,10.51
20160401,10.3,10.37,10.22,10.28
20160404,10.4,10.44,10.32,10.34
20160405,10.18,10.18,10.02,10.05
20160406,9.88,9.96,9.81,9.87
20160407,9.81,9.82,9.66,9.69
20160408,9.92,9.96,9.88,9.94
20160411,10.12,10.18,10.08,10.11
20160412,10.13,10.23,10.1,10.17
20160413,10.25,10.28,10.19,10.21
20160414,10.27,10.32,10.23,10.28
20160415,10.17,10.24,10.15,10.21
20160418,10.2,10.33,10.19,10.26
20160419,10.36,10.43,10.32,10.39
20160420,10.74,10.74,10.48,10.52
20160421,10.43,10.43,10.23,10.25
20160422,10.4,10.55,10.36,10.43
20160425,10.58,10.58,10.45,10.51
20160426,10.7,10.7,10.6,10.66
20160427,10.73,10.73,10.57,10.67
20160428,10.51,10.63,10.5,10.53
20160429,10.69,10.87,10.62,10.8
20160502,10.71,10.72,10.59,10.59
20160503,10.41,10.41,10.31,10.37
20160504,9.62,9.68,9.35,9.36
20160505,9.44,9.47,9.29,9.32
20160506,9.25,9.27,9.15,9.2
20160509,9.3,9.34,9.28,9.31
20160510,9.44,9.48,9.4,9.47
20160511,9.24,9.28,9.22,9.27
20160512,9.4,9.41,9.23,9.24
20160513,9.18,9.18,9.07,9.08
20160516,8.99,9.1,8.99,9.07
20160517,9.07,9.11,9.03,9.06
20160518,8.98,9.03,8.86,8.93
20160519,8.84,8.89,8.77,8.83
20160520,8.92,9.01,8.87,8.88
20160523,8.95,9.08,8.91,8.94
20160524,9.26,9.31,9.21,9.27
20160525,9.32,9.35,9.24,9.25
20160526,9.14,9.14,9.06,9.13
20160527,9.05,9.12,9.05,9.12
20160530,9.12,9.12,9.12,9.12
20160531,9.2,9.23,9.13,9.2
20160601,9.13,9.17,9.07,9.13
20160602,9.06,9.06,9.0,9.05
20160603,9.28,9.36,9.27,9.32
20160606,9.36,9.41,9.31,9.36
20160607,9.19,9.31,9.19,9.26
20160608,9.38,9.52,9.38,9.47
20160609,9.29,9.33,9.23,9.29
20160610,9.18,9.19,9.01,9.04
20160613,9.03,9.09,9.02,9.04
20160614,9.0,9.0,8.76,8.82
20160615,8.8,8.8,8.6,8.68
20160616,8.61,8.61,8.46,8.6
20160617,8.59,8.7,8.57,8.64
20160620,8.97,9.11,8.96,9.04
20160621,9.01,9.09,8.94,9.03
20160622,9.02,9.05,8.96,8.99
20160623,9.1,9.28,9.1,9.28
20160624,8.78,8.89,8.71,8.75
20160627,8.76,8.77,8.62,8.69
20160628,8.91,8.98,8.88,8.91
20160629,9.2,9.27,9.14,9.18
20160630,9.23,9.26,9.12,9.15
20160701,9.17,9.23,9.15,9.22
20160704,9.22,9.22,9.22,9.22
20160705,9.16,9.33,9.14,9.14
20160706,9.07,9.18,8.96,9.17
20160707,9.16,9.19,9.1,9.14
20160708,8.88,9.01,8.84,8.97
20160711,9.01,9.12,9.0,9.1
20160712,9.15,9.32,9.15,9.24
20160713,9.35,9.4,9.29,9.33
20160714,9.73,9.89,9.71,9.77
20160715,9.7,9.76,9.51,9.58
20160718,9.16,9.2,8.96,9.11
20160719,9.07,9.16,8.79,8.81
20160720,8.74,8.78,8.56,8.59
20160721,8.35,8.49,8.28,8.42
20160722,8.56,8.75,8.47,8.73
20160725,8.85,8.91,8.76,8.83
20160726,8.85,8.87,8.73,8.78
20160727,8.81,8.87,8.66,8.81
20160728,8.81,8.81,8.63,8.67
20160729,8.73,8.73,8.61,8.63
20160801,8.72,8.75,8.64,8.65
20160802,8.6,8.6,8.33,8.47
20160803,8.31,8.35,8.25,8.28
20160804,8.34,8.38,8.33,8.36
20160805,8.33,8.42,8.33,8.41
20160808,8.6,8.66,8.56,8.61
20160809,8.64,8.7,8.61,8.64
20160810,8.71,8.79,8.67,8.74
20160811,8.84,8.9,8.81,8.87
20160812,8.78,8.81,8.66,8.69
20160815,8.65,8.7,8.61,8.68
20160816,8.66,8.66,8.57,8.58
20160817,8.65,8.7,8.61,8.67
20160818,8.6,8.62,8.5,8.57
20160819,8.51,8.58,8.49,8.58
20160822,8.53,8.53,8.44,8.45
20160823,8.5,8.53,8.34,8.35
20160824,8.31,8.4,8.29,8.36
20160825,8.4,8.46,8.4,8.43
20160826,8.37,8.49,8.17,8.26
20160829,8.31,8.31,8.23,8.24
20160830,8.27,8.28,8.19,8.23
20160831,8.37,8.4,8.23,8.3
20160901,8.36,8.39,8.32,8.39
20160902,8.45,8.51,8.41,8.47
20160905,8.47,8.47,8.47,8.47
20160906,8.47,8.51,8.42,8.47
20160907,8.49,8.5,8.4,8.44
20160908,8.41,8.43,8.35,8.37
20160909,8.23,8.26,8.17,8.2
20160912,8.12,8.25,8.09,8.25
20160913,8.15,8.15,7.93,8.0
20160914,8.25,8.25,7.95,7.99
20160915,7.98,8.2,7.98,8.16
20160916,8.11,8.14,8.06,8.11
20160919,8.24,8.27,8.18,8.22
20160920,8.22,8.23,8.11,8.14
20160921,8.25,8.32,8.19,8.32
20160922,8.37,8.47,8.37,8.43
20160923,8.4,8.44,8.37,8.4
20160926,8.22,8.26,8.17,8.24
20160927,8.21,8.23,8.16,8.22
20160928,8.23,8.29,8.16,8.27
20160929,8.19,8.21,8.09,8.12
20160930,8.11,8.12,8.02,8.06
20161003,8.04,8.11,7.99,8.1
20161004,8.01,8.03,7.92,7.96
20161005,7.98,8.05,7.94,8.04
20161006,8.04,8.12,8.03,8.09
20161007,8.2,8.25,8.09,8.13
20161010,8.02,8.04,7.95,7.99
20161011,8.1,8.12,8.01,8.08
20161012,8.03,8.06,7.98,8.04
20161013,7.99,7.99,7.86,7.93
20161014,8.0,8.0,7.9,7.96
20161017,7.87,7.91,7.83,7.91
20161018,7.87,7.93,7.87,7.92
20161019,8.03,8.11,8.02,8.06
20161020,8.12,8.18,8.04,8.08
20161021,7.97,8.02,7.93,8.0
20161024,8.08,8.11,8.06,8.08
20161025,8.17,8.19,8.12,8.16
20161026,8.17,8.29,8.14,8.22
20161027,8.11,8.12,8.04,8.09
20161028,8.0,8.11,7.99,8.01
20161031,7.96,8.04,7.96,8.02
20161101,7.93,7.93,7.8,7.83
20161102,7.78,7.79,7.52,7.53
20161103,7.72,7.83,7.7,7.71
20161104,7.66,7.66,7.57,7.62
20161107,7.69,7.72,7.58,7.58
20161108,7.59,7.64,7.55,7.57
20161109,7.44,7.58,7.37,7.54
20161110,7.45,7.48,7.31,7.33
20161111,7.24,7.27,7.16,7.22
20161114,7.18,7.18,7.06,7.09
20161115,7.09,7.23,7.09,7.17
20161116,7.04,7.16,7.02,7.1
20161117,7.05,7.1,7.0,7.04
20161118,7.16,7.23,7.15,7.19
20161121,7.17,7.23,7.12,7.14
20161122,7.13,7.17,7.03,7.07
20161123,6.99,7.06,6.99,7.05
20161124,7.05,7.05,7.05,7.05
20161125,7.11,7.17,7.1,7.14
20161128,7.04,7.13,7.02,7.09
20161129,6.85,6.87,6.77,6.8
20161130,6.62,6.71,6.57,6.6
20161201,6.39,6.58,6.35,6.42
20161202,6.4,6.47,6.37,6.44
20161205,6.42,6.54,6.4,6.5
20161206,6.55,6.68,6.53,6.63
20161207,6.74,6.82,6.72,6.75
20161208,6.56,6.77,6.56,6.7
20161209,6.62,6.69,6.56,6.64
20161212,6.56,6.66,6.55,6.61
20161213,6.57,6.7,6.57,6.63
20161214,6.59,6.59,6.36,6.37
20161215,6.54,6.56,6.37,6.49
20161216,6.63,6.65,6.55,6.57
20161219,6.69,6.7,6.54,6.62
20161220,6.63,6.65,6.53,6.58
20161221,6.62,6.64,6.56,6.58
20161222,6.61,6.78,6.61,6.73
20161223,6.69,6.81,6.67,6.8
20161226,6.8,6.8,6.8,6.8
20161227,6.67,6.78,6.66,6.76
20161228,6.71,6.75,6.69,6.73
20161229,6.76,6.89,6.76,6.86
20161230,6.89,6.94,6.84,6.9
20170102,6.9,6.9,6.9,6.9
20170103,6.56,6.74,6.54,6.67
20170104,6.68,6.85,6.67,6.82
20170105,6.73,6.87,6.72,6.82
20170106,6.83,6.94,6.82,6.83
20170109,6.78,6.99,6.76,6.9
20170110,6.82,6.86,6.81,6.81
20170111,6.62,6.74,6.5,6.68
20170112,6.89,7.01,6.87,6.97
20170113,6.98,7.12,6.88,7.05
20170116,7.05,7.05,7.05,7.05
20170117,6.97,7.1,6.89,7.03
20170118,6.94,7.0,6.9,6.94
20170119,6.95,7.14,6.9,7.11
20170120,7.15,7.21,7.09,7.16
20170123,7.19,7.31,7.19,7.27
20170124,7.32,7.41,7.28,7.37
20170125,7.19,7.25,7.16,7.23
20170126,7.21,7.28,7.18,7.22
20170127,7.21,7.31,7.19,7.31
20170130,7.49,7.55,7.43,7.51
20170131,7.52,7.55,7.41,7.45
20170201,7.35,7.4,7.27,7.36
20170202,7.48,7.54,7.44,7.47
20170203,7.56,7.56,7.49,7.5
20170206,7.49,7.51,7.44,7.48
20170207,7.43,7.47,7.39,7.44
20170208,7.44,7.51,7.41,7.5
20170209,7.6,7.72,7.59,7.71
20170210,7.52,7.79,7.45,7.69
20170213,7.66,7.72,7.62,7.67
20170214,7.66,7.67,7.51,7.58
20170215,7.42,7.67,7.4,7.55
20170216,7.7,7.79,7.67,7.72
20170217,7.9,8.19,7.9,8.17
20170220,8.17,8.17,8.17,8.17
20170221,8.14,8.26,8.11,8.25
20170222,8.27,8.32,8.17,8.32
20170223,8.4,8.55,8.4,8.46
20170224,8.35,8.39,8.3,8.32
20170227,8.32,8.32,8.2,8.28
20170228,8.26,8.29,8.22,8.25
20170301,8.3,8.43,8.3,8.39
20170302,8.32,8.37,8.29,8.36
20170303,8.33,8.43,8.31,8.39
20170306,8.4,8.45,8.37,8.41
20170307,8.39,8.43,8.34,8.4
20170308,8.14,8.28,8.14,8.21
20170309,8.16,8.18,8.06,8.08
20170310,8.14,8.21,8.08,8.18
20170313,8.09,8.18,8.09,8.15
20170314,8.12,8.23,8.11,8.15
20170315,8.18,8.3,8.16,8.28
20170316,8.34,8.53,8.33,8.49
20170317,8.47,8.63,8.45,8.62
20170320,8.65,8.68,8.6,8.67
20170321,8.57,8.59,8.47,8.47
20170322,8.41,8.5,8.38,8.47
20170323,8.44,8.5,8.4,8.44
20170324,8.43,8.5,8.39,8.47
20170327,8.39,8.43,8.36,8.41
20170328,8.45,8.49,8.27,8.3
20170329,8.3,8.36,8.26,8.3
20170330,8.31,8.34,8.28,8.29
20170331,8.29,8.34,8.25,8.28
20170403,8.29,8.29,8.17,8.27
20170404,8.25,8.25,8.19,8.21
20170405,8.17,8.18,8.11,8.11
20170406,8.06,8.14,8.06,8.06
20170407,8.02,8.1,8.02,8.04
20170410,8.07,8.19,8.07,8.11
20170411,8.18,8.2,8.12,8.17
20170412,8.23,8.24,8.13,8.19
20170413,8.15,8.24,8.15,8.16
20170414,8.16,8.16,8.16,8.16
20170417,8.16,8.19,8.06,8.1
20170418,8.03,8.09,8.02,8.07
20170419,8.11,8.14,8.03,8.05
20170420,8.29,8.34,8.25,8.34
20170421,8.41,8.41,8.31,8.33
20170424,8.63,8.68,8.61,8.62
20170425,8.76,8.84,8.75,8.82
20170426,8.82,8.83,8.57,8.63
20170427,8.69,8.75,8.61,8.73
20170428,8.78,8.79,8.73,8.75
20170501,8.77,8.77,8.65,8.69
20170502,8.7,8.78,8.68,8.75
20170503,8.72,8.72,8.25,8.3
20170504,8.06,8.2,8.01,8.14
20170505,8.22,8.34,8.16,8.33
20170508,8.25,8.25,8.15,8.17
20170509,8.14,8.22,8.1,8.13
20170510,8.17,8.23,8.11,8.22
20170511,8.18,8.23,8.12,8.22
20170512,8.18,8.24,8.17,8.2
20170515,8.23,8.34,8.22,8.33
20170516,8.21,8.27,8.18,8.26
20170517,8.12,8.13,8.03,8.03
20170518,7.81,7.88,7.79,7.83
20170519,7.89,8.1,7.88,8.03
20170522,8.1,8.16,8.06,8.1
20170523,8.15,8.23,8.09,8.09
20170524,8.16,8.51,8.16,8.51
20170525,8.36,8.41,8.32,8.4
20170526,8.44,8.47,8.4,8.45
20170529,8.45,8.45,8.45,8.45
20170530,8.46,8.61,8.43,8.55
20170531,8.66,8.68,8.58,8.62
20170601,8.59,8.65,8.55,8.61
20170602,8.7,8.73,8.65,8.71
20170605,8.58,8.64,8.53,8.63
20170606,8.61,8.65,8.59,8.64
20170607,8.45,8.51,8.37,8.41
20170608,8.49,8.51,8.43,8.5
20170609,8.53,8.55,8.42,8.49
20170612,8.55,8.57,8.49,8.51
20170613,8.65,8.66,8.56,8.61
20170614,8.62,8.62,8.46,8.52
20170615,8.08,8.14,8.01,8.11
20170616,8.04,8.19,8.01,8.18
20170619,8.14,8.2,8.1,8.2
20170620,8.12,8.14,8.05,8.08
20170621,8.14,8.14,8.04,8.12
20170622,8.18,8.24,8.18,8.2
20170623,8.26,8.28,8.23,8.26
20170626,8.29,8.34,8.25,8.26
20170627,8.25,8.25,8.12,8.13
20170628,8.18,8.28,8.15,8.2
20170629,8.2,8.22,8.09,8.13
20170630,8.18,8.28,8.18,8.2
20170703,8.2,8.255,8.18,8.21
20170704,8.21,8.21,8.21,8.21
20170705,8.15,8.17,8.07,8.15
20170706,8.13,8.14,8.06,8.09
20170707,8.08,8.09,8.01,8.04
20170710,8.09,8.18,8.06,8.14
20170711,8.08,8.195,8.06,8.16
20170712,8.25,8.315,8.225,8.31
20170713,8.32,8.345,8.25,8.32
20170714,8.38,8.44,8.35,8.38
20170717,8.49,8.615,8.469,8.61
20170718,8.58,8.6,8.53,8.55
20170719,8.61,8.74,8.61,8.7
20170720,8.68,8.71,8.655,8.67
20170721,8.7,8.72,8.61,8.71
20170724,8.65,8.81,8.62,8.74
20170725,8.85,8.98,8.84,8.89
20170726,9.05,9.07,8.95,9.0
20170727,9.26,9.48,9.245,9.27
20170728,9.32,9.36,9.27,9.3
20170731,9.17,9.25,9.14,9.2
20170801,8.98,9.01,8.9,8.9
20170802,8.82,8.925,8.78,8.9
20170803,8.94,9.035,8.94,9.01
20170804,8.99,9.08,8.96,9.07
20170807,9.02,9.07,9.005,9.05
20170808,9.04,9.115,9.04,9.06
20170809,9.02,9.065,9.01,9.04
20170810,9.1,9.16,9.03,9.04
20170811,9.02,9.13,9.02,9.1
20170814,9.19,9.29,9.18,9.25
20170815,9.08,9.125,9.02,9.11
20170816,9.08,9.31,9.04,9.28
20170817,9.14,9.24,9.05,9.08
20170818,9.05,9.13,8.98,9.05
20170821,9.22,9.32,9.21,9.28
20170822,9.29,9.425,9.29,9.41
20170823,9.51,9.62,9.51,9.58
20170824,9.62,9.63,9.43,9.44
20170825,9.49,9.565,9.45,9.53
20170828,9.66,9.69,9.5,9.54
20170829,9.64,9.66,9.58,9.6
20170830,9.58,9.6,9.5,9.51
20170831,9.56,9.6,9.415,9.46
20170901,9.51,9.56,9.45,9.48
20170904,9.48,9.48,9.48,9.48
20170905,9.47,9.525,9.35,9.4
20170906,9.49,9.54,9.46,9.46
20170907,9.42,9.47,9.37,9.47
20170908,9.4,9.43,9.37,9.4
20170911,9.61,9.66,9.56,9.61
20170912,9.62,9.645,9.55,9.57
20170913,9.5,9.5,9.37,9.41
20170914,9.12,9.36,9.11,9.31
20170915,8.94,9.02,8.92,8.98
20170918,8.81,8.83,8.5,8.58
20170919,8.73,8.86,8.71,8.84
20170920,8.86,8.93,8.765,8.83
20170921,8.62,8.66,8.57,8.63
20170922,8.66,8.69,8.625,8.64
20170925,8.64,8.64,8.5,8.56
20170926,8.54,8.615,8.54,8.57
20170927,8.49,8.52,8.4,8.41
20170928,8.65,8.725,8.64,8.64
20170929,8.77,8.9,8.75,8.82
20171002,8.66,8.7,8.61,8.65
20171003,8.55,8.6,8.51,8.52
20171004,8.53,8.57,8.52,8.54
20171005,8.78,8.84,8.75,8.77
20171006,8.72,8.81,8.72,8.8
20171009,8.52,8.53,8.37,8.47
20171010,8.76,8.8,8.61,8.62
20171011,8.88,8.98,8.855,8.97
20171012,9.03,9.22,9.01,9.2
20171013,9.24,9.315,9.21,9.24
20171016,9.19,9.26,9.16,9.22
20171017,9.54,9.59,9.465,9.59
20171018,9.62,9.62,9.5,9.55
20171019,9.52,9.66,9.52,9.57
20171020,9.5,9.59,9.47,9.55
20171023,9.47,9.48,9.44,9.45
20171024,9.44,9.53,9.44,9.51
20171025,9.49,9.5,9.19,9.22
20171026,9.36,9.36,9.17,9.23
20171027,9.42,9.6,9.34,9.56
20171030,9.48,9.5,9.32,9.4
20171031,9.37,9.43,9.225,9.39
20171101,9.54,9.79,9.54,9.77
20171102,9.31,9.47,9.29,9.45
20171103,9.13,9.15,9.06,9.12
20171106,9.37,9.54,9.35,9.48
20171107,9.37,9.44,9.34,9.4
20171108,9.12,9.24,9.1,9.16
20171109,9.09,9.18,9.09,9.16
20171110,9.02,9.1,9.01,9.02
20171113,9.04,9.05,8.99,9.01
20171114,9.22,9.23,9.06,9.1
20171115,9.24,9.25,9.135,9.16
20171116,9.27,9.27,9.15,9.24
20171117,9.22,9.31,9.19,9.3
20171120,9.05,9.115,9.04,9.09
20171121,9.1,9.215,9.068999999999999,9.19
20171122,9.05,9.2,8.99,9.18
20171123,9.18,9.18,9.18,9.18
20171124,9.15,9.245,9.126,9.23
20171127,9.11,9.18,9.11,9.13
20171128,9.1,9.1,8.95,9.04
20171129,9.25,9.27,9.18,9.22
20171130,9.69,9.71,9.51,9.58
20171201,9.57,9.626,9.385,9.49
20171204,9.45,9.579,9.335,9.49
20171205,9.64,9.705,9.61,9.68
20171206,9.61,9.88,9.55,9.6
20171207,9.62,9.64,9.57,9.62
20171208,9.73,9.82,9.66,9.69
20171211,9.91,9.95,9.87,9.9
20171212,9.9,9.92,9.83,9.88
20171213,9.92,10.08,9.92,10.05
20171214,10.0,10.04,9.95,9.96
20171215,9.61,9.705,9.51,9.66
20171218,9.79,9.97,9.78,9.94
20171219,9.84,9.88,9.81,9.84
20171220,9.6,9.71,9.6,9.71
20171221,9.82,9.92,9.81,9.89
20171222,9.85,9.97,9.79,9.96
20171225,9.96,9.96,9.96,9.96
20171226,9.99,10.1,9.965,10.06
20171227,9.81,9.93,9.81,9.89
20171228,10.09,10.17,10.08,10.13
20171229,10.12,10.28,10.11,10.2
20180101,10.2,10.2,10.2,10.2
20180102,10.31,10.39,10.31,10.38
20180103,10.06,10.25,10.045,10.07
20180104,9.77,10.01,9.77,9.99
20180105,10.08,10.265,10.08,10.22
20180108,10.26,10.26,10.15,10.21
20180109,9.93,9.97,9.86,9.94
20180110,9.7,9.74,9.66,9.67
20180111,9.51,9.73,9.49,9.7
20180112,9.61,9.69,9.58,9.68
20180115,9.68,9.68,9.68,9.68
20180116,9.48,9.59,9.48,9.52
20180117,9.85,9.96,9.85,9.88
20180118,10.4,10.49,10.25,10.37
20180119,10.21,10.21,10.06,10.09
20180122,10.47,10.68,10.45,10.66
20180123,11.22,11.29,11.07,11.13
20180124,10.95,11.05,10.86,10.94
20180125,10.94,10.99,10.76,10.79
20180126,10.91,10.94,10.84,10.9
20180129,10.75,10.89,10.69,10.84
20180130,10.61,10.66,10.51,10.57
20180131,10.46,10.47,10.355,10.45
20180201,10.34,10.47,10.32,10.4
20180202,10.23,10.29,10.15,10.21
20180205,10.13,10.27,9.97,9.98
20180206,10.02,10.3,10.02,10.28
20180207,10.03,10.18,9.99,10.0
20180208,10.17,10.3,9.96,9.96
20180209,9.93,9.99,9.75,9.88
20180212,10.11,10.18,10.01,10.12
20180213,10.06,10.14,10.045,10.08
20180214,9.95,10.12,9.9,10.1
20180215,10.15,10.34,10.11,10.33
20180216,10.26,10.36,10.2,10.25
20180219,10.25,10.25,10.25,10.25
20180220,9.98,10.0,9.66,9.72
20180221,9.92,10.04,9.89,9.92
20180222,9.97,9.98,9.85,9.89
20180223,10.02,10.06,9.9,10.03
20180226,10.21,10.21,10.035,10.16
20180227,10.25,10.27,10.09,10.09
20180228,10.05,10.05,9.89,9.9
20180301,9.74,9.79,9.635,9.74
20180302,9.57,9.78,9.57,9.74
20180305,9.63,9.75,9.57,9.72
20180306,9.81,9.81,9.71,9.74
20180307,9.73,9.79,9.685,9.72
20180308,9.68,9.68,9.58,9.65
20180309,9.62,9.72,9.61,9.69
20180312,9.66,9.68,9.57,9.62
20180313,9.59,9.65,9.56,9.58
20180314,9.95,9.96,9.78,9.8
20180315,9.88,9.93,9.84,9.85
20180316,9.81,9.82,9.69,9.7
20180319,9.51,9.61,9.46,9.58
20180320,9.54,9.56,9.48,9.51
20180321,9.74,9.795,9.68,9.74
20180322,9.6,9.66,9.54,9.55
20180323,9.51,9.52,9.28,9.29
20180326,9.44,9.515,9.33,9.48
20180327,9.46,9.46,9.25,9.3
20180328,9.23,9.23,9.105,9.15
20180329,9.38,9.6,9.35,9.56
20180330,9.56,9.56,9.56,9.56
20180402,9.56,9.61,9.38,9.41
20180403,9.53,9.57,9.47,9.54
20180404,9.49,9.57,9.45,9.57
20180405,9.43,9.47,9.35,9.38
20180406,9.14,9.16,9.035,9.1
20180409,9.01,9.03,8.89,8.92
20180410,8.69,8.8,8.66,8.78
20180411,8.28,8.54,8.28,8.5
20180412,8.8,8.85,8.65,8.67
20180413,8.7,8.71,8.51,8.61
20180416,8.61,8.69,8.58,8.66
20180417,8.68,8.73,8.67,8.72
20180418,8.81,9.13,8.8,9.04
20180419,9.01,9.01,8.94,8.98
20180420,8.96,8.97,8.88,8.9
20180423,8.9,8.94,8.76,8.77
20180424,8.69,8.93,8.66,8.87
20180425,8.76,8.78,8.67,8.74
20180426,8.71,8.85,8.7,8.83
20180427,8.82,8.895,8.8,8.85
20180430,8.87,8.89,8.59,8.65
20180501,8.59,8.61,8.5,8.5
20180502,8.21,8.35,8.16,8.27
20180503,8.1,8.13,7.85,8.02
20180504,7.6,7.85,7.59,7.8
20180507,7.46,7.6,7.38,7.52
20180508,7.36,7.435,7.34,7.41
20180509,7.68,7.725,7.62,7.66
20180510,7.74,7.89,7.66,7.87
20180511,7.59,7.68,7.55,7.67
20180514,7.73,7.76,7.63,7.64
20180515,7.42,7.44,7.355,7.38
20180516,7.47,7.5,7.39,7.42
20180517,7.31,7.35,7.25,7.28
20180518,7.27,7.31,7.22,7.24
20180521,7.11,7.18,7.07,7.12
20180522,7.08,7.13,7.045,7.06
20180523,6.68,7.24,6.615,7.22
20180524,6.9,7.025,6.78,7.0
20180525,6.84,6.89,6.775,6.8
20180528,6.8,6.8,6.8,6.8
20180529,7.12,7.23,7.05,7.08
20180530,7.1,7.1,6.95,7.01
20180531,6.77,6.77,6.61,6.68
20180601,6.46,6.59,6.36,6.44
20180604,6.57,6.645,6.52,6.53
20180605,6.47,6.52,6.33,6.46
20180606,6.39,6.535,6.37,6.51
20180607,6.59,6.65,6.51,6.56
20180608,6.55,6.65,6.5,6.62
20180611,6.6,6.65,6.54,6.58
20180612,6.46,6.51,6.42,6.46
20180613,6.29,6.31,6.18,6.23
20180614,6.3,6.42,6.24,6.26
20180615,6.23,6.32,6.165,6.26
20180618,6.0,6.04,5.92,6.0
20180619,5.98,6.18,5.965,6.1
20180620,6.21,6.21,6.12,6.15
20180621,6.27,6.29,6.155,6.17
20180622,6.14,6.26,6.1,6.21
20180625,6.28,6.31,6.155,6.19
20180626,6.37,6.37,6.21,6.23
20180627,6.39,6.59,6.36,6.38
20180628,6.66,6.71,6.48,6.54
20180629,6.68,6.69,6.52,6.54
20180702,6.47,6.49,6.39,6.45
20180703,6.51,6.53,6.465,6.51
20180704,6.51,6.51,6.51,6.51
20180705,6.82,6.875,6.8,6.87
20180706,6.91,6.93,6.87,6.92
20180709,7.09,7.15,6.82,6.9
20180710,6.46,6.48,6.37,6.43
20180711,6.02,6.1,5.87,5.89
20180712,5.69,5.9,5.69,5.84
20180713,5.74,5.83,5.705,5.8
20180716,5.81,5.85,5.69,5.81
20180717,5.83,5.94,5.77,5.91
20180718,5.97,6.06,5.96,6.01
20180719,5.93,6.01,5.89,5.95
20180720,6.13,6.18,6.05,6.07
20180723,6.32,6.32,6.195,6.21
20180724,5.82,5.99,5.79,5.87
20180725,6.1,6.35,6.0,6.32
20180726,6.43,6.48,6.2,6.33
20180727,6.37,6.41,6.27,6.34
20180730,6.44,6.46,6.37,6.43
20180731,6.47,6.53,6.43,6.49
20180801,6.7,6.71,6.41,6.44
20180802,6.18,6.2,6.06,6.12
20180803,6.17,6.17,6.08,6.14
20180806,5.9,5.95,5.86,5.88
20180807,5.95,6.07,5.915,5.97
20180808,5.96,5.97,5.9,5.92
20180809,5.78,5.8,5.61,5.66
20180810,4.62,5.005,4.508,4.92
20180813,4.38,4.69,4.36,4.48
20180814,4.55,4.65,4.45,4.6
20180815,4.48,4.68,4.35,4.66
20180816,4.45,4.595,4.44,4.53
20180817,4.29,4.73,4.28,4.71
20180820,4.69,4.8,4.58,4.78
20180821,4.78,4.955,4.78,4.91
20180822,4.89,4.965,4.77,4.78
20180823,4.84,4.84,4.74,4.81
20180824,4.8,4.86,4.74,4.77
20180827,4.64,4.71,4.58,4.71
20180828,4.64,4.64,4.55,4.59
20180829,4.4,4.48,4.35,4.43
20180830,4.35,4.36,4.21,4.22
20180831,4.15,4.17,4.05,4.07
20180903,4.07,4.07,4.07,4.07
20180904,3.96,4.02,3.93,4.0
20180905,3.97,4.06,3.95,3.99
20180906,4.02,4.13,3.975,4.06
20180907,4.16,4.36,4.16,4.32
20180910,4.24,4.31,4.215,4.23
20180911,4.24,4.26,4.095,4.25
20180912,4.2,4.32,4.14,4.24
20180913,4.52,4.74,4.51,4.73
20180914,4.6,4.7,4.54,4.69
20180917,4.4,4.57,4.38,4.56
20180918,4.43,4.57,4.43,4.51
20180919,4.46,4.56,4.44,4.55
20180920,4.55,4.71,4.51,4.7
20180921,4.65,4.71,4.6,4.7
20180924,4.72,4.845,4.71,4.77
20180925,4.72,4.76,4.67,4.75
20180926,4.72,4.8,4.66,4.77
20180927,4.77,4.85,4.76,4.83
20180928,4.82,4.87,4.77,4.82
20181001,4.86,4.94,4.83,4.91
20181002,4.88,4.93,4.84,4.9
20181003,4.84,5.05,4.81,4.91
20181004,4.79,4.79,4.42,4.42
20181005,4.47,4.52,4.43,4.48
20181008,4.41,4.51,4.4,4.49
20181009,4.43,4.45,4.37,4.38
20181010,4.47,4.49,4.42,4.47
20181011,4.46,4.63,4.41,4.6
20181012,4.59,4.59,4.48,4.51
20181015,4.75,4.88,4.7,4.8
20181016,4.79,4.88,4.77,4.8
20181017,4.88,5.075,4.85,5.0
20181018,4.88,4.91,4.8,4.84
20181019,4.92,5.07,4.88,4.95
20181022,4.84,4.84,4.73,4.74
20181023,4.54,4.705,4.52,4.66
20181024,4.88,5.1,4.79,4.8
20181025,5.12,5.35,5.1,5.32
20181026,5.26,5.38,5.24,5.33
20181029,5.38,5.49,5.35,5.44
20181030,5.31,5.405,5.22,5.36
20181031,5.31,5.31,4.98,5.16
20181101,5.37,5.475,5.32,5.43
20181102,5.5,5.53,5.355,5.47
20181105,5.6,5.62,5.5,5.59
20181106,5.62,5.63,5.47,5.51
20181107,5.52,5.52,5.38,5.46
20181108,5.38,5.41,5.26,5.26
20181109,5.32,5.34,5.15,5.21
20181112,5.23,5.28,5.1,5.11
20181113,5.17,5.31,5.16,5.23
20181114,5.35,5.39,5.25,5.32
20181115,5.43,5.485,5.355,5.44
20181116,5.45,5.51,5.39,5.5
20181119,5.55,5.62,5.515,5.58
20181120,5.4,5.4,5.21,5.23
20181121,5.44,5.56,5.41,5.5
20181122,5.5,5.5,5.5,5.5
20181123,5.65,5.755,5.64,5.69
20181126,5.98,6.0,5.72,5.86
20181127,6.03,6.09,5.9,6.05
20181128,6.06,6.08,5.92,6.08
20181129,6.17,6.2,6.095,6.13
20181130,6.01,6.13,5.92,6.02
20181203,6.02,6.05,5.9,5.99
20181204,5.71,5.83,5.63,5.66
20181205,5.66,5.66,5.66,5.66
20181206,5.71,5.72,5.54,5.71
20181207,5.76,5.8,5.62,5.67
20181210,5.7,5.705,5.56,5.62
20181211,5.63,5.63,5.47,5.53
20181212,5.8,5.9,5.75,5.79
20181213,5.73,5.895,5.73,5.75
20181214,5.61,5.67,5.52,5.55
20181217,5.54,5.54,5.375,5.43
20181218,5.55,5.715,5.53,5.65
20181219,5.65,5.72,5.47,5.49
20181220,5.63,5.67,5.52,5.62
20181221,5.61,5.62,5.45,5.55
20181224,5.73,5.75,5.5,5.54
20181225,5.54,5.54,5.54,5.54
20181226,5.61,5.86,5.55,5.84
20181227,5.61,5.655,5.55,5.65
20181228,5.59,5.705,5.56,5.58
20181231,5.68,5.76,5.58,5.62
20190101,5.62,5.62,5.62,5.62
20190102,5.36,5.55,5.36,5.51
20190103,5.33,5.45,5.26,5.38
20190104,5.4,5.57,5.4,5.55
20190107,5.69,5.74,5.61,5.72
20190108,5.75,5.76,5.69,5.75
20190109,5.67,5.78,5.67,5.72
20190110,5.73,5.83,5.73,5.74
20190111,5.73,5.86,5.73,5.81
20190114,5.78,5.945,5.752000000000001,5.85
20190115,6.03,6.08,5.965,6.02
20190116,6.27,6.36,6.16,6.29
20190117,6.38,6.46,6.33,6.4
20190118,6.61,6.63,6.555,6.59
20190121,6.59,6.59,6.59,6.59
20190122,6.62,6.76,6.55,6.64
20190123,6.76,6.84,6.7,6.82
20190124,6.8,6.81,6.71,6.75
20190125,6.8,6.82,6.72,6.73
20190128,6.68,6.74,6.63,6.7
20190129,6.87,6.93,6.83,6.89
20190130,6.85,7.02,6.81,6.98
20190131,6.89,7.065,6.89,6.95
20190201,6.94,6.94,6.83,6.86
20190204,6.94,6.975,6.88,6.97
20190205,6.93,6.94,6.835,6.91
20190206,6.86,6.89,6.76,6.77
20190207,6.78,6.83,6.695,6.75
20190208,6.85,6.88,6.76,6.87
20190211,7.09,7.14,7.01,7.03
20190212,7.11,7.125,7.0,7.03
20190213,7.11,7.11,6.91,6.92
20190214,6.95,6.98,6.88,6.94
20190215,7.01,7.03,6.905,6.97
20190218,6.97,6.97,6.97,6.97
20190219,6.99,7.02,6.885,6.91
20190220,6.91,7.16,6.9,6.99
20190221,6.58,6.59,6.325,6.4
20190222,6.42,6.46,6.39,6.43
20190225,6.66,6.69,6.58,6.67
20190226,6.59,6.69,6.585,6.65
20190227,6.67,6.67,6.59,6.62
20190228,6.63,6.7,6.6,6.6
20190301,6.44,6.5,6.375,6.39
20190304,6.49,6.5,6.4,6.45
20190305,6.6,6.6,6.51,6.57
20190306,6.39,6.395,6.22,6.26
20190307,6.34,6.355,6.27,6.32
20190308,6.42,6.46,6.38,6.42
20190311,6.47,6.63,6.47,6.59
20190312,6.51,6.54,6.43,6.45
20190313,6.53,6.56,6.4,6.44
20190314,6.46,6.5063,6.44,6.48
20190315,6.28,6.3,6.22,6.28
20190318,6.08,6.11,5.98,6.06
20190319,6.05,6.08,6.02,6.05
20190320,5.92,5.96,5.83,5.91
20190321,6.03,6.06,5.975,6.05
20190322,5.9,5.92,5.6,5.62
20190325,5.77,5.83,5.715,5.82
20190326,5.87,5.89,5.755,5.87
20190327,5.36,5.55,5.24,5.46
20190328,5.49,5.51,5.35,5.41
20190329,5.4,5.404,5.29,5.36
20190401,5.42,5.445,5.32,5.42
20190402,5.45,5.46,5.265,5.36
20190403,5.39,5.4,5.315,5.32
20190404,5.59,5.74,5.55,5.66
20190405,5.64,5.64,5.55,5.56
20190408,5.45,5.461,5.37,5.44
20190409,5.44,5.485,5.43,5.45
20190410,5.46,5.49,5.43,5.44
20190411,5.39,5.39,5.275,5.32
20190412,5.3,5.38,5.3,5.3
20190415,5.43,5.43,5.34,5.37
20190416,5.41,5.56,5.41,5.54
20190417,5.63,5.67,5.6,5.66
20190418,5.47,5.535,5.435,5.48
20190419,5.48,5.48,5.48,5.48
20190422,5.38,5.43,5.36,5.38
20190423,5.39,5.42,5.29,5.37
20190424,5.32,5.35,5.29,5.31
20190425,5.21,5.26,5.17,5.25
20190426,5.23,5.25,5.21,5.22
20190429,5.27,5.3,5.21,5.23
20190430,5.2,5.29,5.18,5.22
20190501,5.24,5.425,5.23,5.32
20190502,5.07,5.13,5.05,5.08
20190503,5.08,5.175,5.07,5.15
20190506,5.0,5.05,4.92,5.03
20190507,4.74,4.8499,4.73,4.82
20190508,4.75,4.83,4.75,4.79
20190509,4.63,4.72,4.6,4.71
20190510,4.82,4.975,4.81,4.94
20190513,4.69,4.73,4.66,4.68
20190514,4.71,4.76,4.7,4.7
20190515,4.67,4.7525,4.65,4.7
20190516,4.71,4.74,4.63,4.64
20190517,4.68,4.72,4.63,4.64
20190520,4.67,4.7,4.61,4.64
20190521,4.64,4.71,4.62,4.7
20190522,4.68,4.75,4.66,4.7
20190523,4.66,4.74,4.64,4.71
20190524,4.72,4.75,4.7,4.73
20190527,4.73,4.73,4.73,4.73
20190528,4.8,4.81,4.65,4.67
20190529,4.79,4.84,4.75,4.83
20190530,4.93,5.025,4.9,5.0
20190531,5.02,5.02,4.915,4.95
20190603,4.94,5.05,4.92,5.04
20190604,5.06,5.15,5.02,5.14
20190605,5.15,5.175,5.12,5.17
20190606,5.15,5.18,5.06,5.07
20190607,5.36,5.515,5.3307,5.44
20190610,5.46,5.475,5.34,5.36
20190611,5.25,5.291,5.22,5.28
20190612,5.31,5.33,5.265,5.29
20190613,5.15,5.18,5.085,5.15
20190614,5.12,5.2099,5.1,5.19
20190617,5.2,5.245,5.18,5.19
20190618,5.28,5.36,5.275,5.33
20190619,5.28,5.31,5.255,5.3
20190620,5.4,5.43,5.31,5.38
20190621,5.27,5.34,5.25,5.33
20190624,5.45,5.535,5.425,5.47
20190625,5.49,5.5,5.38,5.4
20190626,5.45,5.45,5.35,5.36
20190627,5.43,5.47,5.38,5.4
20190628,5.44,5.5,5.425,5.48
20190701,5.87,5.9,5.81,5.86
20190702,5.82,5.83,5.74,5.77
20190703,5.8,5.84,5.78,5.79
20190704,5.79,5.79,5.79,5.79
20190705,5.72,5.72,5.61,5.64
20190708,5.48,5.48,5.365,5.38
20190709,5.59,5.61,5.435,5.5
20190710,5.67,5.72,5.635,5.72
20190711,5.85,5.86,5.78,5.84
20190712,5.75,5.755,5.66,5.71
20190715,5.59,5.69,5.56,5.67
20190716,5.78,5.82,5.67,5.69
20190717,5.82,5.83,5.68,5.71
20190718,5.82,5.83,5.745,5.81
20190719,5.87,5.88,5.74,5.77
20190722,5.76,5.78,5.7,5.73
20190723,5.84,5.865,5.76,5.79
20190724,5.81,5.88,5.81,5.86
20190725,5.82,5.82,5.66,5.68
20190726,5.87,5.87,5.74,5.76
20190729,6.07,6.1,5.94,5.96
20190730,6.01,6.03,5.91,5.96
20190731,5.88,5.96,5.51,5.55
20190801,5.73,5.755,5.56,5.63
20190802,5.49,5.54,5.44,5.54
20190805,5.43,5.45,5.405,5.44
20190806,5.59,5.6,5.55,5.58
20190807,5.41,5.52,5.41,5.48
20190808,5.55,5.715,5.55,5.69
20190809,5.63,5.63,5.53,5.58
20190812,5.53,5.54,5.45,5.49
20190813,5.46,5.56,5.37,5.5
20190814,5.47,5.5,5.39,5.4
20190815,5.52,5.55,5.38,5.39
20190816,5.58,5.63,5.54,5.61
20190819,5.6,5.6,5.49,5.56
20190820,5.38,5.43,5.34,5.36
20190821,5.29,5.315,5.25,5.28
20190822,5.36,5.51,5.36,5.49
20190823,5.44,5.56,5.43,5.44
20190826,5.38,5.38,5.33,5.33
20190827,5.22,5.29,5.21,5.26
20190828,5.31,5.355,5.3,5.35
20190829,5.53,5.59,5.53,5.59
20190830,5.59,5.64,5.575,5.6
20190902,5.6,5.6,5.6,5.6
20190903,5.75,5.84,5.72,5.83
20190904,5.88,5.99,5.875,5.96
20190905,5.88,5.92,5.8232,5.86
20190906,5.75,5.76,5.675,5.7
20190909,5.74,5.78,5.71,5.72
20190910,5.76,5.81,5.745,5.78
20190911,5.83,5.91,5.83,5.87
20190912,5.85,5.91,5.81,5.9
20190913,5.98,6.0,5.91,5.93
20190916,5.84,5.86,5.79,5.82
20190917,5.7,5.79,5.69,5.76
20190918,5.67,5.76,5.64,5.7
20190919,5.62,5.65,5.58,5.61
20190920,5.6,5.63,5.51,5.51
20190923,5.62,5.71,5.62,5.68
20190924,5.74,5.77,5.68,5.7
20190925,5.79,5.92,5.79,5.91
20190926,5.76,5.77,5.665,5.68
20190927,5.78,5.8,5.715,5.75
20190930,5.89,5.89,5.77,5.78
20191001,5.7,5.7,5.605,5.64
20191002,5.69,5.75,5.69,5.72
20191003,5.67,5.72,5.62,5.72
20191004,5.74,5.825,5.73,5.81
20191007,5.75,5.75,5.565,5.57
20191008,5.69,5.69,5.62,5.67
20191009,5.64,5.64,5.55,5.58
20191010,5.35,5.41,5.31,5.38
20191011,5.44,5.495,5.32,5.45
20191014,5.24,5.245,5.15,5.16
20191015,5.22,5.24,5.16,5.21
20191016,5.18,5.21,5.135,5.18
20191017,5.04,5.48,5.0,5.4
20191018,5.43,5.45,5.375,5.43
20191021,5.33,5.35,5.275,5.3
20191022,5.33,5.385,5.32,5.34
20191023,5.52,5.62,5.5,5.58
20191024,5.625,5.6277,5.52,5.57
20191025,5.6,5.61,5.559,5.59
20191028,5.64,5.66,5.59,5.64
20191029,5.64,5.69,5.6,5.65
20191030,5.63,5.71,5.605,5.69
20191031,5.46,5.52,5.43,5.47
20191101,5.4,5.48,5.4,5.43
20191104,5.45,5.46,5.395,5.43
20191105,5.53,5.61,5.51,5.6
20191106,5.61,5.76,5.6,5.7
20191107,5.72,5.875,5.72,5.8
20191108,5.76,5.85,5.75,5.83
20191111,5.78,5.89,5.76,5.85
20191112,5.84,5.87,5.81,5.82
20191113,5.77,5.79,5.7,5.74
20191114,5.69,5.7311,5.68,5.71
20191115,5.77,5.78,5.735,5.75
20191118,5.89,5.9,5.85,5.86
20191119,5.94,5.94,5.9,5.92
20191120,5.88,5.96,5.825,5.9
20191121,5.83,5.85,5.77,5.79
20191122,5.75,5.781000000000001,5.72,5.75
20191125,5.75,5.83,5.75,5.81
20191126,5.75,5.81,5.74,5.8
20191127,5.76,5.83,5.76,5.81
20191128,5.81,5.81,5.81,5.81
20191129,5.92,5.94,5.88,5.89
20191202,5.92,5.92,5.83,5.88
20191203,5.87,5.89,5.8,5.81
20191204,5.9,5.92,5.87,5.89
20191205,6.04,6.05,6.01,6.04
20191206,6.01,6.03,5.98,6.03
20191209,5.86,5.88,5.84,5.85
20191210,5.79,5.81,5.77,5.79
20191211,5.8,5.91,5.785,5.89
20191212,5.88,5.94,5.86,5.86
20191213,5.93,5.95,5.87,5.91
20191216,5.93,5.97,5.9,5.97
20191217,5.91,5.92,5.865,5.88
20191218,5.83,5.84,5.78,5.79
20191219,5.84,5.9,5.84,5.87
20191220,5.77,5.805,5.73,5.73
20191223,5.77,5.79,5.725,5.78
20191224,5.83,5.86,5.83,5.86
20191225,5.86,5.86,5.86,5.86
20191226,5.9,5.93,5.87,5.9
20191227,5.88,5.9,5.84,5.87
20191230,5.85,5.9,5.85,5.88
20191231,5.83,5.84,5.79,5.8
20200101,5.8,5.8,5.8,5.8
20200102,5.88,5.93,5.88,5.91
20200103,5.81,5.86,5.795,5.8
20200106,5.73,5.81,5.73,5.8
20200107,5.85,5.89,5.82,5.88
20200108,5.85,5.9,5.845,5.87
20200109,6.2,6.305,6.1,6.19
20200110,6.17,6.18,6.11,6.15
20200113,6.2,6.31,6.18,6.28
20200114,6.26,6.28,6.21,6.23
20200115,6.21,6.21,6.125,6.14
20200116,6.2,6.21,6.14,6.16
20200117,6.1,6.12,6.06,6.09
20200120,6.09,6.09,6.09,6.09
20200121,6.26,6.3,6.21,6.23
20200122,6.2,6.24,6.2,6.23
20200123,6.21,6.26,6.16,6.23
20200124,6.1,6.11,6.01,6.03
20200127,5.93,5.93,5.87,5.89
20200128,5.88,5.92,5.86,5.9
20200129,6.01,6.01,5.88,5.94
20200130,5.92,5.94,5.865,5.93
20200131,5.92,5.92,5.81,5.83
20200203,5.89,5.92,5.87,5.9
20200204,6.04,6.08,6.0,6.02
20200205,6.01,6.05,5.95,5.98
20200206,5.99,5.99,5.93,5.96
20200207,5.93,5.95,5.87,5.9
20200210,5.77,5.88,5.75,5.85
20200211,5.9,5.975,5.9,5.95
20200212,6.02,6.05,6.0,6.05
20200213,6.02,6.03,5.9,5.95
20200214,5.95,5.95,5.87,5.89
20200217,5.89,5.89,5.89,5.89
20200218,5.93,5.97,5.87,5.89
20200219,5.98,6.0,5.89,5.96
20200220,5.91,5.95,5.7,5.71
20200221,5.86,5.88,5.77,5.83
20200224,5.68,5.72,5.65,5.68
20200225,5.86,5.9,5.755,5.8
20200226,5.75,5.81,5.73,5.77
20200227,5.68,5.72,5.54,5.56
20200228,5.27,5.47,5.24,5.46
20200302,5.48,5.68,5.44,5.65
20200303,5.73,5.86,5.67,5.71
20200304,6.03,6.105,5.9,5.96
20200305,5.99,6.065,5.91,5.94
20200306,5.9,5.92,5.7,5.77
20200309,5.48,5.59,5.32,5.34
20200310,5.54,5.55,5.19,5.42
20200311,5.43,5.52,5.33,5.4
20200312,5.09,5.15,4.91,5.0
20200313,5.11,5.35,5.0,5.35
20200316,4.71,4.8758,4.57,4.67
20200317,4.73,5.01,4.71,4.98
20200318,4.73,4.85,4.5,4.54
20200319,4.58,4.73,4.47,4.64
20200320,4.78,4.9,4.64,4.66
20200323,4.71,5.17,4.6,5.13
20200324,5.26,5.26,4.99,5.03
20200325,5.05,5.14,4.89,4.98
20200326,5.06,5.2,5.01,5.13
20200327,4.98,5.02,4.77,4.79
20200330,4.76,4.76,4.64,4.66
20200331,4.67,4.75,4.61,4.65
20200401,4.56,4.58,4.36,4.39
20200402,4.49,4.76,4.49,4.68
20200403,4.64,4.8,4.57,4.67
20200406,4.68,4.81,4.67,4.8
20200407,4.75,4.85,4.7,4.73
20200408,4.85,4.91,4.82,4.85
20200409,4.98,5.03,4.955,4.96
20200413,4.9,4.925,4.81,4.91
20200414,4.9,4.99,4.87,4.95
20200415,4.73,4.81,4.71,4.78
20200416,4.72,4.75,4.675,4.71
20200417,4.92,4.92,4.8,4.84
20200420,4.84,4.87,4.77,4.77
20200421,4.73,4.79,4.695,4.79
20200422,4.86,5.07,4.85,5.05
20200423,5.1,5.13,5.05,5.07
20200424,4.96,4.96,4.89,4.93
20200427,4.98,5.02,4.85,4.88
20200428,5.07,5.09,4.86,4.89
20200429,5.02,5.03,4.9,4.92
20200430,4.9,4.98,4.87,4.97
20200501,4.83,4.93,4.79,4.84
20200504,4.78,4.83,4.76,4.82
20200505,4.77,4.78,4.73,4.74
20200506,4.66,4.68,4.62,4.63
20200507,4.62,4.7,4.6,4.69
20200508,4.7,4.77,4.69,4.72
20200511,4.78,4.82,4.67,4.68
20200512,4.86,4.895,4.75,4.75
20200513,4.79,4.8557,4.75,4.78
20200514,4.69,4.76,4.67,4.73
20200515,4.71,4.77,4.61,4.64
20200518,4.85,5.05,4.81,5.02
20200519,5.02,5.12,5.02,5.02
20200520,5.05,5.0569,4.99,4.99
20200521,5.06,5.09,4.96,5.0
20200522,5.16,5.16,5.06,5.06
20200526,5.12,5.16,5.01,5.09
20200527,5.12,5.16,5.01,5.08
20200528,5.11,5.11,5.0,5.02
20200529,5.03,5.195,5.0,5.18
20200601,5.15,5.21,5.13,5.19
20200602,5.18,5.27,5.17,5.23
20200603,5.19,5.27,5.19,5.23
20200604,5.25,5.29,5.245,5.27
20200605,5.4,5.525,5.37,5.43
20200608,5.36,5.42,5.32,5.4
20200609,5.26,5.2952,5.2,5.29
20200610,5.29,5.3563,5.27,5.3
