20120102,9.34,9.34,9.34,9.34
20120103,9.66,9.97,9.64,9.94
20120104,9.84,9.84,9.56,9.72
20120105,9.02,9.73,8.98,9.61
20120106,9.57,9.64,9.23,9.38
20120109,9.4,9.48,9.23,9.32
20120110,9.6,9.71,9.51,9.71
20120111,9.61,9.68,9.42,9.42
20120112,9.42,9.46,9.14,9.18
20120113,9.01,9.08,8.75,8.87
20120116,8.87,8.87,8.87,8.87
20120117,9.04,9.12,8.83,9.02
20120118,9.08,9.45,9.02,9.43
20120119,9.5,9.62,9.35,9.43
20120120,9.47,9.54,9.32,9.46
20120123,9.45,9.45,9.27,9.35
20120124,9.24,9.55,9.0,9.51
20120125,9.5,9.79,9.26,9.71
20120126,9.81,9.87,9.37,9.44
20120127,9.36,9.61,9.33,9.46
20120130,9.32,9.49,9.14,9.45
20120131,9.57,9.62,9.22,9.34
20120201,9.37,9.65,9.22,9.59
20120202,9.59,9.92,9.55,9.9
20120203,10.08,10.39,10.0,10.31
20120206,10.2,10.53,10.16,10.53
20120207,10.46,10.53,10.28,10.46
20120208,10.51,10.66,10.29,10.55
20120209,10.53,10.61,10.21,10.22
20120210,10.07,10.32,9.99,10.0
20120213,10.18,10.28,9.94,10.17
20120214,10.13,10.2,9.96,10.1
20120215,10.13,10.2,9.85,9.94
20120216,9.94,10.22,9.84,10.15
20120217,10.23,10.49,10.22,10.42
20120220,10.42,10.42,10.42,10.42
20120221,10.46,10.59,10.27,10.35
20120222,10.25,10.45,10.24,10.34
20120223,10.38,10.51,10.15,10.49
20120224,10.5,10.59,10.44,10.49
20120227,10.28,10.36,10.01,10.07
20120228,10.04,10.23,9.8,9.84
20120229,9.82,9.84,9.08,9.09
20120301,9.13,9.3,9.12,9.2
20120302,9.18,9.26,8.97,9.07
20120305,9.02,9.09,8.89,8.99
20120306,8.85,8.88,8.69,8.81
20120307,8.88,9.03,8.75,9.02
20120308,9.08,9.24,8.95,9.2
20120309,9.18,9.61,9.12,9.61
20120312,9.52,9.68,9.29,9.39
20120313,9.48,9.79,9.48,9.77
20120314,9.77,9.81,9.36,9.42
20120315,9.45,9.48,9.26,9.36
20120316,9.35,9.51,9.33,9.38
20120319,9.41,9.8,9.33,9.6
20120320,9.48,9.55,9.33,9.35
20120321,9.36,9.38,9.16,9.26
20120322,9.09,9.18,8.82,8.87
20120323,8.88,9.45,8.88,9.42
20120326,9.59,9.6,9.4,9.49
20120327,9.53,9.63,9.37,9.55
20120328,9.5,9.57,9.23,9.38
20120329,9.28,9.47,9.22,9.44
20120330,9.56,9.57,9.32,9.42
20120402,9.39,9.8,9.29,9.77
20120404,9.52,9.6,9.3,9.36
20120405,9.28,9.41,9.15,9.2
20120406,9.2,9.2,9.2,9.2
20120409,8.89,9.15,8.82,9.07
20120410,9.06,9.07,8.73,8.81
20120411,8.95,9.06,8.85,8.97
20120412,8.98,9.43,8.93,9.37
20120413,9.28,9.28,8.9,9.03
20120416,8.77,8.83,8.5,8.6
20120417,8.72,8.74,8.25,8.29
20120418,8.26,8.37,8.12,8.13
20120419,8.17,8.25,8.0,8.04
20120420,8.19,8.29,7.81,7.87
20120423,7.7,8.19,7.57,8.15
20120424,8.2,8.59,8.09,8.5
20120425,8.62,8.73,8.5,8.69
20120426,8.65,8.86,8.63,8.78
20120427,8.82,8.87,8.66,8.69
20120430,8.64,8.75,8.61,8.71
20120501,8.73,9.06,8.68,8.73
20120502,8.67,8.74,8.53,8.62
20120503,8.63,8.73,8.34,8.35
20120504,8.26,8.28,7.94,8.09
20120507,8.04,8.24,7.82,8.21
20120508,8.1,8.21,7.89,8.2
20120509,7.84,7.96,6.8,7.34
20120510,7.46,7.59,7.26,7.37
20120511,7.24,7.32,7.12,7.2
20120514,7.07,7.07,6.87,6.92
20120515,6.9,6.93,6.61,6.68
20120516,6.71,6.94,6.59,6.59
20120517,6.59,6.62,6.27,6.35
20120518,6.41,6.97,6.41,6.81
20120521,6.84,7.01,6.72,6.98
20120522,6.98,7.03,6.75,6.81
20120523,6.74,6.87,6.54,6.86
20120524,6.88,6.97,6.64,6.77
20120525,6.78,6.78,6.58,6.63
20120528,6.63,6.63,6.63,6.63
20120529,6.74,7.09,6.72,6.97
20120530,6.84,6.84,6.51,6.55
20120531,6.55,6.57,6.22,6.39
20120601,6.18,6.3,6.14,6.17
20120604,6.21,6.29,6.09,6.17
20120605,6.14,6.39,6.12,6.34
20120606,6.47,6.73,6.44,6.62
20120607,6.78,6.99,6.6,6.67
20120608,6.6,6.6,6.38,6.56
20120611,6.67,6.85,6.38,6.38
20120612,6.43,6.46,6.2,6.45
20120613,6.41,6.45,6.19,6.28
20120614,6.35,6.62,6.29,6.59
20120615,6.61,6.76,6.5,6.63
20120618,6.52,6.58,6.38,6.54
20120619,6.6,6.99,6.57,6.92
20120620,6.91,7.14,6.86,7.04
20120621,7.04,7.1,6.75,6.77
20120622,6.84,6.89,6.73,6.81
20120625,6.66,6.66,6.3,6.34
20120626,6.34,6.34,6.15,6.26
20120627,6.29,6.5,6.19,6.44
20120628,6.35,6.65,6.28,6.64
20120629,6.85,7.13,6.69,7.13
20120702,7.12,7.13,6.94,7.04
20120703,7.08,7.48,7.02,7.41
20120704,7.41,7.41,7.41,7.41
20120705,7.38,7.44,7.19,7.23
20120706,7.1,7.12,6.95,7.02
20120709,7.0,7.06,6.94,7.02
20120710,7.1,7.22,6.95,7.01
20120711,7.03,7.2,6.98,7.11
20120712,7.01,7.04,6.83,6.97
20120713,6.98,7.04,6.86,6.89
20120716,6.86,6.9,6.75,6.87
20120717,6.92,7.1,6.79,7.04
20120718,7.03,7.33,7.0,7.33
20120719,7.4,7.57,7.3,7.45
20120720,7.43,7.57,7.26,7.32
20120723,7.11,7.14,6.93,6.93
20120724,6.95,6.95,6.65,6.69
20120725,6.74,6.77,6.57,6.62
20120726,6.79,6.86,6.57,6.65
20120727,6.69,7.1,6.62,7.05
20120730,7.06,7.15,6.94,7.12
20120731,7.06,7.18,6.9,6.93
20120801,7.01,7.03,6.74,6.75
20120802,6.66,6.82,6.41,6.45
20120803,6.65,7.0,6.52,6.98
20120806,7.01,7.2,6.82,6.97
20120807,7.07,7.11,6.84,6.91
20120808,6.81,7.05,6.37,6.56
20120809,6.58,7.0,6.58,6.92
20120810,6.86,6.91,6.71,6.79
20120813,6.79,6.79,6.52,6.59
20120814,6.62,6.7,6.46,6.47
20120815,6.48,6.6,6.48,6.6
20120816,6.6,6.72,6.55,6.68
20120817,6.67,6.74,6.66,6.73
20120820,6.68,6.7,6.58,6.6
20120821,6.65,6.73,6.52,6.6
20120822,6.62,6.78,6.59,6.75
20120823,6.77,6.92,6.75,6.81
20120824,6.78,6.86,6.7,6.83
20120827,6.86,6.89,6.76,6.81
20120828,6.79,7.02,6.78,6.98
20120829,6.98,6.99,6.79,6.8
20120830,6.71,6.73,6.43,6.5
20120831,6.59,6.64,6.36,6.41
20120903,6.41,6.41,6.41,6.41
20120904,6.4,6.45,6.2,6.37
20120905,6.4,6.44,6.33,6.39
20120906,6.46,6.53,6.42,6.49
20120907,6.5,6.64,6.48,6.5
20120910,6.52,6.79,6.51,6.7
20120911,6.73,6.83,6.67,6.78
20120912,6.84,6.86,6.7,6.75
20120913,6.78,6.8,6.68,6.7
20120914,6.7,7.01,6.7,6.95
20120917,6.92,7.03,6.85,6.87
20120918,6.86,6.88,6.65,6.67
20120919,6.7,6.75,6.5,6.53
20120920,6.76,6.82,6.47,6.63
20120921,6.72,6.8,6.51,6.52
20120924,6.42,6.48,6.34,6.4
20120925,6.43,6.58,6.2,6.21
20120926,6.21,6.21,6.0,6.04
20120927,6.08,6.19,6.05,6.17
20120928,6.11,6.16,6.05,6.05
20121001,6.1,6.2,6.05,6.18
20121002,6.2,6.22,6.11,6.21
20121003,6.18,6.18,5.93,5.97
20121004,6.0,6.05,5.93,5.94
20121005,5.97,6.12,5.97,6.12
20121008,6.06,6.07,5.95,5.96
20121009,5.96,6.07,5.93,6.01
20121010,6.01,6.05,5.85,5.88
20121011,5.96,6.06,5.92,6.05
20121012,6.07,6.08,5.95,5.99
20121015,5.99,5.99,5.86,5.97
20121016,6.03,6.09,5.99,6.01
20121017,6.02,6.14,5.96,6.14
20121018,6.15,6.22,6.1,6.1
20121019,6.07,6.08,5.86,5.98
20121022,5.96,6.01,5.86,5.92
20121023,5.82,5.83,5.6,5.77
20121024,5.84,5.88,5.58,5.66
20121025,5.71,5.77,5.62,5.66
20121026,5.63,5.75,5.56,5.58
20121029,5.58,5.58,5.58,5.58
20121030,5.58,5.58,5.58,5.58
20121031,5.58,5.63,5.35,5.35
20121101,5.38,5.5,5.35,5.48
20121102,5.53,5.62,5.42,5.47
20121105,5.48,5.62,5.36,5.49
20121106,5.54,6.14,5.37,6.12
20121107,5.99,5.99,5.88,5.95
20121108,5.93,6.0,5.81,5.82
20121109,5.77,5.98,5.69,5.85
20121112,5.86,5.86,5.58,5.59
20121113,5.56,5.84,5.55,5.62
20121114,5.61,5.73,5.55,5.67
20121115,5.71,6.04,5.71,6.0
20121116,6.01,6.14,5.78,5.95
20121119,6.1,6.45,6.1,6.41
20121120,6.47,6.74,6.4,6.7
20121121,6.69,6.88,6.62,6.78
20121122,6.78,6.78,6.78,6.78
20121123,6.84,6.92,6.74,6.86
20121126,6.83,6.9,6.73,6.87
20121127,6.82,6.96,6.73,6.75
20121128,6.71,6.76,6.54,6.75
20121129,6.83,7.0,6.81,6.94
20121130,6.98,7.06,6.85,7.0
20121203,7.1,7.13,6.89,6.94
20121204,6.93,7.08,6.9,7.05
20121205,7.08,7.13,6.97,7.02
20121206,7.03,7.1,6.83,6.88
20121207,6.92,6.99,6.81,6.88
20121210,6.9,7.0,6.84,6.98
20121211,7.04,7.18,6.99,7.14
20121212,7.2,7.3,7.15,7.23
20121213,7.2,7.23,7.12,7.17
20121214,7.14,7.29,7.11,7.21
20121217,7.25,7.3,7.14,7.29
20121218,7.39,7.64,7.3,7.61
20121219,7.61,7.75,7.52,7.59
20121220,7.6,7.61,7.46,7.54
20121221,7.39,7.5,7.36,7.5
20121224,7.5,7.64,7.42,7.49
20121225,7.49,7.49,7.49,7.49
20121226,7.51,7.65,7.42,7.49
20121227,7.49,7.5,7.3,7.44
20121228,7.36,7.5,7.33,7.4
20121231,7.38,7.62,7.33,7.59
20130101,7.59,7.59,7.59,7.59
20130102,7.84,8.01,7.72,7.95
20130103,7.97,8.1,7.88,7.9
20130104,7.95,8.12,7.95,8.07
20130107,8.04,8.08,7.94,8.08
20130108,8.14,8.41,8.11,8.33
20130109,8.34,8.34,8.18,8.27
20130110,8.29,8.3,8.11,8.18
20130111,8.19,8.28,8.0,8.12
20130114,8.11,8.15,7.96,7.97
20130115,7.92,8.09,7.9,8.07
20130116,8.03,8.12,8.0,8.08
20130117,8.15,8.2,8.09,8.1
20130118,8.08,8.29,8.08,8.26
20130121,8.26,8.26,8.26,8.26
20130122,8.29,8.63,8.22,8.58
20130123,8.58,8.62,8.48,8.52
20130124,8.53,8.73,8.48,8.55
20130125,8.56,8.71,8.5,8.6
20130128,8.64,8.7,8.53,8.7
20130129,8.7,8.83,8.66,8.77
20130130,8.72,8.76,8.22,8.24
20130131,8.18,8.52,8.15,8.5
20130201,8.58,8.67,8.38,8.61
20130204,8.61,8.75,8.55,8.56
20130205,8.61,8.82,8.58,8.74
20130206,8.65,8.84,8.51,8.84
20130207,9.05,9.36,9.05,9.18
20130208,9.21,9.31,9.18,9.28
20130211,9.32,9.39,9.16,9.22
20130212,9.23,9.27,9.16,9.26
20130213,9.26,9.35,9.23,9.34
20130214,9.31,9.68,9.28,9.61
20130215,9.62,9.66,9.42,9.57
20130218,9.57,9.57,9.57,9.57
20130219,9.59,9.69,9.52,9.62
20130220,9.61,9.61,9.38,9.38
20130221,9.32,9.32,8.94,9.16
20130222,9.27,9.38,9.16,9.22
20130225,9.24,9.35,8.89,8.89
20130226,8.94,9.04,8.79,8.87
20130227,8.87,9.03,8.81,8.99
20130228,9.03,9.46,9.03,9.23
20130301,9.15,9.15,8.84,8.96
20130304,8.9,8.95,8.52,8.79
20130305,8.8,8.9,8.71,8.84
20130306,8.85,9.0,8.78,8.89
20130307,8.87,8.97,8.87,8.94
20130308,9.0,9.12,8.85,9.08
20130311,9.35,9.81,9.16,9.71
20130312,9.73,9.97,9.58,9.64
20130313,9.68,9.89,9.68,9.78
20130314,9.82,10.21,9.79,10.2
20130315,10.21,10.3,10.07,10.08
20130318,9.9,10.0,9.78,9.89
20130319,9.93,9.93,9.29,9.49
20130320,9.55,9.69,9.46,9.66
20130321,9.63,9.76,9.47,9.7
20130322,9.72,9.85,9.54,9.79
20130325,9.98,10.38,9.95,10.3
20130326,10.38,10.74,10.31,10.47
20130327,10.47,10.48,10.02,10.45
20130328,10.47,10.48,10.22,10.26
20130329,10.26,10.26,10.26,10.26
20130401,10.3,10.3,9.57,9.68
20130402,9.72,9.77,9.49,9.51
20130403,9.54,9.54,8.9,9.05
20130404,9.05,9.07,8.8,8.9
20130405,8.71,9.32,8.57,9.31
20130408,9.35,9.58,9.23,9.53
20130409,9.56,9.73,9.42,9.64
20130410,9.67,9.91,9.61,9.84
20130411,9.85,9.9,9.61,9.83
20130412,9.72,9.82,9.39,9.42
20130415,9.27,9.34,8.66,8.7
20130416,8.85,8.96,8.6,8.78
20130417,8.67,8.67,8.25,8.41
20130418,8.47,8.54,8.24,8.51
20130419,8.52,8.59,8.23,8.29
20130422,8.37,8.52,8.15,8.52
20130423,8.57,8.75,8.45,8.69
20130424,8.68,8.99,8.67,8.97
20130425,8.97,9.13,8.76,8.83
20130426,8.82,9.01,8.67,8.96
20130429,9.0,9.18,8.87,9.13
20130430,9.15,9.16,8.96,9.13
20130501,9.05,9.14,8.93,8.95
20130502,8.98,9.22,8.9,9.12
20130503,9.28,9.51,9.18,9.35
20130506,9.33,9.41,9.17,9.24
20130507,9.26,9.46,9.18,9.4
20130508,9.26,9.26,8.19,9.02
20130509,8.88,9.05,8.85,9.04
20130510,8.99,9.21,8.87,9.18
20130513,9.18,9.18,9.0,9.17
20130514,9.23,9.44,9.21,9.43
20130515,9.33,9.47,9.22,9.43
20130516,9.44,9.58,9.32,9.5
20130517,10.15,10.38,9.93,10.08
20130520,10.08,10.36,10.0,10.3
20130521,10.26,10.34,9.97,10.14
20130522,10.13,10.22,9.69,9.9
20130523,9.64,9.78,9.48,9.64
20130524,9.55,9.7,9.37,9.69
20130527,9.69,9.69,9.69,9.69
20130528,9.88,10.16,9.84,10.0
20130529,9.89,10.0,9.7,9.82
20130530,9.79,10.28,9.71,10.28
20130531,10.16,10.54,10.16,10.41
20130603,10.49,11.0,10.38,10.98
20130604,10.96,11.48,10.82,10.86
20130605,10.85,10.95,10.67,10.69
20130606,10.66,10.89,10.52,10.78
20130607,10.86,11.05,10.8,10.98
20130610,11.0,11.0,10.71,10.86
20130611,10.72,10.84,10.54,10.6
20130612,10.75,10.82,10.43,10.44
20130613,10.41,10.86,10.33,10.86
20130614,10.87,11.16,10.63,10.68
20130617,10.85,10.95,10.78,10.94
20130618,10.93,11.16,10.9,11.01
20130619,10.99,11.23,10.96,11.21
20130620,11.0,11.1,10.44,10.57
20130621,10.62,10.64,10.08,10.53
20130624,10.33,10.36,9.9,10.16
20130625,10.28,10.34,10.12,10.27
20130626,10.34,10.36,10.15,10.18
20130627,10.29,10.35,9.9,10.01
20130628,9.98,10.34,9.93,10.26
20130701,10.35,10.55,10.22,10.53
20130702,10.52,10.63,10.32,10.39
20130703,10.26,10.56,10.26,10.49
20130704,10.49,10.49,10.49,10.49
20130705,10.64,10.9,10.46,10.9
20130708,10.95,11.12,10.81,10.86
20130709,10.91,11.05,10.85,11.02
20130710,10.98,11.03,10.77,10.84
20130711,11.05,11.14,10.95,11.08
20130712,11.03,11.19,10.91,11.13
20130715,11.13,11.16,10.94,11.06
20130716,11.05,11.12,10.89,11.06
20130717,11.1,11.1,10.85,10.88
20130718,10.91,10.91,10.73,10.9
20130719,10.87,11.0,10.66,10.83
20130722,10.85,10.87,10.59,10.66
20130723,10.73,10.76,10.52,10.63
20130724,10.68,10.68,10.25,10.3
20130725,10.21,10.5,10.11,10.49
20130726,10.36,10.36,10.09,10.21
20130729,10.19,10.23,9.98,10.02
20130730,10.06,10.13,9.81,9.96
20130731,9.99,10.26,9.99,10.12
20130801,10.3,10.38,10.24,10.29
20130802,10.27,10.45,10.23,10.37
20130805,10.36,10.47,10.25,10.46
20130806,10.4,10.49,9.74,9.89
20130807,9.54,10.91,9.41,10.81
20130808,10.93,11.46,10.87,11.31
20130809,11.22,11.39,10.91,11.35
20130812,11.29,11.43,11.08,11.35
20130813,11.35,11.48,11.2,11.47
20130814,11.49,11.68,11.47,11.6
20130815,11.5,11.58,11.3,11.58
20130816,11.5,11.72,11.44,11.69
20130819,11.69,11.69,11.34,11.5
20130820,11.44,11.97,11.33,11.73
20130821,11.66,11.67,11.45,11.54
20130822,11.54,11.95,11.54,11.8
20130823,11.77,11.92,11.58,11.7
20130826,11.7,12.16,11.63,11.98
20130827,11.83,11.97,11.56,11.59
20130828,11.59,12.05,11.52,11.83
20130829,11.77,11.95,11.71,11.78
20130830,11.8,11.83,11.58,11.75
20130902,11.75,11.75,11.75,11.75
20130903,11.94,12.02,11.66,11.95
20130904,11.98,12.2,11.94,12.19
20130905,12.23,12.54,12.17,12.32
20130906,12.39,12.51,11.99,12.18
20130909,12.25,12.46,12.21,12.37
20130910,12.41,12.76,12.32,12.75
20130911,12.71,12.97,12.58,12.89
20130912,12.81,12.82,12.39,12.4
20130913,12.43,12.53,12.2,12.38
20130916,12.6,12.64,12.21,12.29
20130917,12.29,12.36,12.16,12.33
20130918,12.3,12.45,12.13,12.4
20130919,12.42,12.46,12.3,12.39
20130920,12.37,12.47,12.26,12.26
20130923,12.26,12.3,11.99,12.17
20130924,12.22,12.26,11.97,12.16
20130925,12.21,12.32,12.11,12.25
20130926,12.31,12.31,11.99,12.29
20130927,12.18,12.67,12.17,12.56
20130930,12.43,12.57,12.24,12.53
20131001,12.5,12.89,12.5,12.79
20131002,12.64,12.78,12.5,12.69
20131003,12.65,12.66,12.19,12.26
20131004,12.24,12.61,12.24,12.56
20131007,12.38,12.38,12.16,12.23
20131008,12.27,12.28,11.96,11.98
20131009,12.02,12.17,11.84,12.09
20131010,12.19,12.47,12.18,12.43
20131011,12.34,12.88,12.28,12.82
20131014,12.72,12.96,12.66,12.96
20131015,12.9,12.96,12.61,12.77
20131016,12.83,12.92,12.76,12.85
20131017,12.81,12.91,12.73,12.9
20131018,13.06,13.23,12.96,13.23
20131021,13.24,13.3,13.06,13.11
20131022,13.15,13.23,13.0,13.16
20131023,13.03,13.08,12.79,12.86
20131024,12.83,12.83,12.63,12.73
20131025,12.82,12.99,12.74,12.76
20131028,12.8,12.82,12.69,12.7
20131029,12.76,13.09,12.71,13.09
20131030,13.12,13.41,12.88,13.07
20131031,13.04,13.12,12.85,12.97
20131101,12.94,12.95,12.42,12.66
20131104,12.73,13.12,12.68,13.1
20131105,12.92,13.07,12.83,12.96
20131106,13.05,13.2,12.68,12.96
20131107,12.97,13.01,12.14,12.29
20131108,12.32,12.62,12.21,12.56
20131111,12.56,12.69,12.45,12.53
20131112,12.5,12.53,12.22,12.32
20131113,12.18,12.63,12.13,12.62
20131114,12.61,12.82,12.45,12.75
20131115,12.87,13.02,12.63,12.81
20131118,12.81,12.87,12.19,12.25
20131119,12.21,12.32,11.94,12.02
20131120,12.09,12.25,11.89,12.01
20131121,12.01,12.38,11.87,12.35
20131122,12.4,12.62,12.27,12.58
20131125,12.65,12.65,12.41,12.46
20131126,12.45,12.63,12.37,12.45
20131127,12.41,12.45,12.14,12.31
20131128,12.31,12.31,12.31,12.31
20131129,12.39,12.48,12.15,12.34
20131202,12.43,12.47,12.2,12.36
20131203,12.26,12.38,12.0,12.22
20131204,12.14,12.43,11.96,12.09
20131205,12.01,12.18,11.96,12.09
20131206,12.13,12.16,11.81,11.85
20131209,12.01,12.24,11.73,11.97
20131210,11.98,12.08,11.83,11.92
20131211,11.95,11.95,11.71,11.75
20131212,11.53,11.92,11.52,11.87
20131213,11.89,11.93,11.69,11.74
20131216,11.78,12.09,11.78,12.04
20131217,12.06,12.09,11.67,11.75
20131218,11.75,11.99,11.58,11.9
20131219,11.83,12.0,11.74,11.9
20131220,11.9,12.22,11.86,12.15
20131223,12.26,12.46,12.17,12.42
20131224,12.41,12.58,12.28,12.48
20131225,12.48,12.48,12.48,12.48
20131226,12.53,12.6,12.34,12.44
20131227,12.36,12.54,12.3,12.45
20131230,12.49,12.53,12.22,12.31
20131231,12.31,12.42,12.22,12.36
20140101,12.36,12.36,12.36,12.36
20140102,12.24,12.47,11.96,12.21
20140103,12.2,12.26,12.04,12.22
20140106,12.24,12.27,11.96,12.16
20140107,12.15,12.21,11.98,12.12
20140108,12.07,12.12,11.8,11.94
20140109,11.8,11.84,11.29,11.31
20140110,11.28,11.34,10.97,11.18
20140113,11.12,11.18,10.84,10.95
20140114,10.97,11.17,10.97,11.11
20140115,11.13,11.55,11.06,11.48
20140116,11.52,11.52,11.32,11.35
20140117,11.36,11.42,11.3,11.33
20140120,11.33,11.33,11.33,11.33
20140121,11.43,11.51,11.21,11.37
20140122,11.41,11.68,11.26,11.66
20140123,11.6,11.6,11.35,11.43
20140124,11.29,11.29,10.84,10.87
20140127,10.86,10.87,10.42,10.69
20140128,10.73,10.77,10.57,10.68
20140129,10.59,10.67,10.55,10.58
20140130,10.68,10.75,10.43,10.45
20140131,10.25,10.53,10.12,10.32
20140203,10.32,10.4,9.95,10.1
20140204,10.19,10.27,10.09,10.15
20140205,10.12,10.21,10.02,10.2
20140206,10.24,10.43,10.19,10.38
20140207,10.45,10.47,10.27,10.42
20140210,10.26,10.27,9.92,10.07
20140211,10.75,11.44,10.56,11.34
20140212,11.39,11.55,11.17,11.25
20140213,11.17,11.33,11.07,11.24
20140214,11.26,11.29,11.02,11.23
20140217,11.23,11.23,11.23,11.23
20140218,11.21,11.68,11.21,11.63
20140219,11.55,11.91,11.55,11.82
20140220,11.85,12.08,11.84,12.0
20140221,12.06,12.16,11.95,12.03
20140224,12.04,12.16,12.01,12.11
20140225,12.05,12.05,11.73,11.93
20140226,11.98,12.1,11.86,11.95
20140227,11.91,12.21,11.88,12.04
20140228,12.1,12.28,11.89,12.0
20140303,11.87,11.99,11.72,11.83
20140304,11.98,12.24,11.97,12.2
20140305,12.16,12.2,12.0,12.09
20140306,12.09,12.23,11.98,12.23
20140307,12.28,12.34,12.16,12.25
20140310,12.19,12.32,12.15,12.22
20140311,12.19,12.27,11.7,11.86
20140312,11.76,11.98,11.74,11.81
20140313,11.82,11.97,11.55,11.64
20140314,11.64,11.78,11.64,11.73
20140317,11.82,12.13,11.79,12.03
20140318,12.07,12.16,12.03,12.14
20140319,12.09,12.18,12.0,12.11
20140320,12.07,12.21,12.0,12.14
20140321,12.22,12.65,12.2,12.56
20140324,12.65,12.7,12.15,12.22
20140325,12.36,12.38,12.21,12.33
20140326,12.44,12.5,12.03,12.04
20140327,12.02,12.26,11.95,12.2
20140328,12.23,12.79,12.2,12.62
20140331,12.65,12.84,12.55,12.8
20140401,12.87,12.87,12.59,12.77
20140402,12.76,13.23,12.76,13.13
20140403,13.15,13.21,12.99,13.1
20140404,13.17,13.27,12.58,12.63
20140407,12.5,12.53,12.04,12.11
20140408,12.14,12.68,12.12,12.56
20140409,12.64,12.7,12.3,12.55
20140410,12.55,12.68,12.13,12.19
20140411,12.14,12.36,11.99,12.05
20140414,12.2,12.6,12.08,12.44
20140415,12.45,12.72,12.35,12.6
20140416,12.74,12.81,12.63,12.73
20140417,12.76,13.16,12.74,13.04
20140418,13.04,13.04,13.04,13.04
20140421,13.05,13.18,12.91,13.06
20140422,13.11,13.26,13.0,13.22
20140423,13.18,13.43,13.02,13.03
20140424,13.16,13.17,12.87,12.9
20140425,12.87,12.93,12.59,12.6
20140428,12.66,12.83,12.45,12.6
20140429,12.74,12.91,12.44,12.45
20140430,12.39,12.68,12.27,12.5
20140501,12.52,12.52,12.14,12.22
20140502,12.23,12.53,12.21,12.36
20140505,12.26,12.49,12.17,12.46
20140506,12.45,12.51,12.23,12.29
20140507,12.35,12.73,12.12,12.7
20140508,12.69,12.74,12.26,12.33
20140509,11.47,11.69,10.87,11.33
20140512,11.25,11.73,11.23,11.64
20140513,11.57,11.61,11.4,11.5
20140514,11.48,11.62,11.25,11.31
20140515,11.22,11.26,10.9,11.21
20140516,11.18,11.32,11.07,11.23
20140519,11.13,11.41,11.1,11.34
20140520,11.32,11.32,11.01,11.16
20140521,11.24,11.33,11.12,11.27
20140522,11.27,11.32,11.14,11.3
20140523,11.34,11.45,11.31,11.34
20140526,11.34,11.34,11.34,11.34
20140527,11.38,11.51,11.3,11.45
20140528,11.38,11.49,11.32,11.46
20140530,11.45,11.57,11.41,11.53
20140602,11.55,11.55,11.23,11.42
20140603,11.38,11.57,11.28,11.55
20140604,11.51,11.55,11.35,11.45
20140605,11.48,11.73,11.38,11.69
20140606,11.74,11.98,11.74,11.96
20140609,11.95,12.01,11.8,11.9
20140610,11.87,11.87,11.7,11.74
20140611,11.66,11.73,11.6,11.7
20140612,11.66,11.8,11.63,11.68
20140613,11.73,11.75,11.62,11.75
20140616,11.69,11.75,11.62,11.71
20140617,11.65,11.77,11.62,11.75
20140618,11.74,11.79,11.67,11.76
20140619,11.76,11.8,11.7,11.8
20140620,11.85,11.94,11.76,11.82
20140623,11.87,11.93,11.74,11.92
20140624,11.84,12.0,11.58,11.59
20140625,11.49,11.65,11.37,11.61
20140626,11.65,11.65,11.47,11.59
20140627,11.5,11.65,11.5,11.65
20140630,11.63,11.79,11.53,11.78
20140701,11.83,12.08,11.7,11.91
20140702,11.89,12.0,11.69,11.77
20140703,11.79,11.89,11.75,11.85
20140704,11.85,11.85,11.85,11.85
20140707,11.76,11.8,11.55,11.58
20140708,11.52,11.73,11.43,11.64
20140709,11.68,11.77,11.63,11.72
20140710,11.44,11.54,11.16,11.18
20140711,11.15,11.15,11.0,11.01
20140714,11.11,11.33,11.05,11.29
20140715,11.26,11.42,10.99,11.09
20140716,11.19,11.24,11.05,11.21
20140718,10.96,11.2,10.93,11.12
20140721,11.45,11.84,11.45,11.76
20140722,11.78,11.96,11.7,11.95
20140723,11.93,11.99,11.8,11.97
20140724,12.02,12.11,11.76,11.8
20140725,11.73,11.75,11.55,11.58
20140728,11.56,11.65,11.34,11.38
20140729,11.37,11.52,11.33,11.35
20140730,11.42,11.49,11.28,11.31
20140731,11.16,11.17,10.97,11.01
20140801,10.97,11.07,10.8,10.87
20140804,10.88,11.13,10.75,11.09
20140805,11.06,11.08,10.84,10.91
20140806,10.81,11.16,10.81,10.92
20140807,10.97,11.07,10.87,10.96
20140808,9.61,11.12,9.25,11.11
20140811,11.15,11.23,11.02,11.12
20140812,11.07,11.17,10.92,10.98
20140813,11.01,11.25,11.01,11.23
20140814,11.22,11.46,11.11,11.17
20140815,11.28,11.41,11.18,11.4
20140818,11.47,11.54,11.36,11.52
20140819,11.53,11.62,11.41,11.5
20140820,11.46,11.46,11.21,11.22
20140821,11.21,11.21,10.97,11.07
20140822,11.07,11.14,10.88,11.12
20140825,11.22,11.3,11.09,11.21
20140826,11.25,11.5,11.23,11.35
20140827,11.67,11.95,11.56,11.81
20140828,11.77,11.78,11.61,11.61
20140829,11.7,11.81,11.6,11.8
20140901,11.8,11.8,11.8,11.8
20140902,11.91,12.01,11.59,11.67
20140903,11.72,11.96,11.62,11.72
20140904,11.75,11.76,11.44,11.49
20140905,11.44,11.7,11.43,11.69
20140908,11.66,11.68,11.46,11.51
20140909,11.53,11.57,11.27,11.3
20140910,11.33,11.45,11.17,11.36
20140911,11.26,11.66,11.22,11.64
20140912,11.63,11.63,11.24,11.34
20140915,11.37,11.52,11.22,11.46
20140916,11.42,11.68,11.38,11.61
20140917,11.6,11.78,11.47,11.54
20140918,11.6,11.84,11.6,11.74
20140919,11.75,11.85,11.37,11.6
20140922,11.46,11.56,11.24,11.44
20140923,11.43,11.52,11.27,11.44
20140924,11.44,11.58,11.14,11.49
20140925,11.48,11.48,11.15,11.23
20140926,11.26,11.32,11.17,11.19
20140929,11.06,11.2,11.02,11.16
20140930,11.16,11.21,10.82,10.82
20141001,10.85,10.96,10.51,10.52
20141002,10.47,10.52,10.15,10.33
20141003,10.42,10.47,10.15,10.23
20141006,10.29,10.41,10.1,10.21
20141007,10.11,10.47,10.0,10.17
20141008,10.14,10.17,9.75,10.11
20141009,10.08,10.15,9.63,9.63
20141010,9.57,9.58,9.11,9.2
20141013,9.2,9.36,8.92,8.94
20141014,9.0,9.33,8.86,8.96
20141015,8.95,9.45,8.66,9.41
20141016,9.11,9.68,9.1,9.57
20141017,9.75,9.85,9.05,9.15
20141020,9.08,9.34,9.06,9.15
20141021,9.16,9.47,9.14,9.46
20141022,9.46,9.67,9.21,9.22
20141023,9.33,9.6,9.21,9.55
20141024,9.55,9.55,9.27,9.48
20141027,9.27,9.33,9.02,9.09
20141028,9.22,9.5,9.08,9.47
20141029,9.48,9.79,9.43,9.5
20141030,9.44,9.57,9.12,9.32
20141031,9.63,9.63,9.22,9.53
20141103,9.51,9.78,9.41,9.43
20141104,9.28,9.28,8.7,8.74
20141105,8.84,9.14,8.73,9.02
20141106,9.01,9.25,8.8,9.23
20141107,7.77,8.98,7.53,8.96
20141110,8.92,9.17,8.47,8.58
20141111,8.46,8.74,8.38,8.7
20141112,8.52,8.75,8.51,8.54
20141113,8.5,8.54,8.13,8.39
20141114,8.44,8.57,8.3,8.36
20141117,8.34,8.37,8.09,8.14
20141118,8.14,8.35,8.09,8.16
20141119,8.11,8.11,7.87,7.97
20141120,7.9,8.25,7.9,8.21
20141121,8.35,8.43,8.15,8.24
20141124,8.25,8.44,8.2,8.26
20141125,8.22,8.26,7.89,8.03
20141126,8.03,8.03,7.84,7.89
20141127,7.89,7.89,7.89,7.89
20141128,7.67,7.67,6.35,6.35
20141201,6.38,6.38,5.65,5.68
20141202,5.66,5.73,5.5,5.52
20141204,5.31,5.48,5.26,5.3
20141205,5.31,5.71,5.27,5.7
20141208,5.65,5.77,5.16,5.16
20141209,5.36,6.51,5.35,5.82
20141210,5.76,5.82,5.4,5.5
20141211,5.53,5.66,5.37,5.4
20141212,5.06,5.21,4.9,5.06
20141215,5.12,5.41,5.02,5.02
20141216,5.16,5.45,4.98,5.44
20141217,5.43,6.31,5.36,6.25
20141218,6.32,6.41,6.08,6.26
20141219,6.31,6.87,6.16,6.87
20141222,6.68,6.68,6.27,6.58
20141223,6.61,6.79,6.45,6.57
20141224,6.47,6.63,6.26,6.57
20141225,6.57,6.57,6.57,6.57
20141226,6.66,6.89,6.53,6.66
20141229,6.66,6.97,6.63,6.79
20141230,6.78,6.86,6.62,6.73
20141231,6.67,6.88,6.46,6.68
20150101,6.68,6.68,6.68,6.68
20150102,6.66,6.8,6.44,6.56
20150105,6.43,6.45,5.94,6.02
20150106,6.01,6.12,5.75,5.87
20150107,5.95,6.0,5.69,5.87
20150108,5.94,6.17,5.85,6.06
20150109,6.08,6.26,5.96,6.11
20150112,5.99,6.06,5.84,5.99
20150113,6.01,6.03,5.55,5.66
20150114,5.56,5.71,5.3,5.5
20150115,5.6,5.69,5.39,5.4
20150116,5.39,5.65,5.39,5.61
20150119,5.61,5.61,5.61,5.61
20150120,5.55,5.63,5.41,5.57
20150121,5.59,5.95,5.58,5.93
20150122,5.99,6.05,5.74,5.9
20150123,5.88,6.09,5.83,5.84
20150126,5.85,5.87,5.73,5.77
20150127,5.72,5.88,5.59,5.74
20150128,5.75,5.77,5.09,5.1
20150129,5.08,5.18,4.87,5.07
20150130,5.01,5.16,4.91,4.94
20150202,5.02,5.07,4.9,5.0
20150203,5.11,5.16,4.89,5.01
20150204,4.93,5.24,4.9,5.18
20150205,5.24,5.44,5.24,5.35
20150206,5.41,5.48,5.27,5.39
20150209,5.39,5.84,5.39,5.74
20150210,5.74,5.74,5.31,5.34
20150211,5.21,5.24,4.91,5.11
20150212,5.2,5.27,4.98,5.05
20150213,5.1,5.14,4.95,5.09
20150216,5.09,5.09,5.09,5.09
20150217,5.08,5.1,4.9,5.03
20150218,4.97,5.23,4.93,5.11
20150219,4.98,5.15,4.88,5.1
20150220,5.08,5.2,5.08,5.12
20150223,5.04,5.11,4.83,5.06
20150224,5.09,5.14,4.85,4.9
20150225,4.91,4.94,4.72,4.92
20150226,4.92,5.1,4.89,4.98
20150227,5.3,6.84,5.23,5.97
20150302,5.94,5.97,5.32,5.49
20150303,5.45,5.88,5.25,5.69
20150304,5.64,5.71,5.33,5.55
20150305,5.55,5.57,5.42,5.52
20150306,5.46,5.59,5.36,5.38
20150309,5.32,5.43,5.06,5.22
20150310,5.17,5.43,5.17,5.2
20150311,5.23,5.36,5.17,5.29
20150312,5.31,5.47,5.19,5.21
20150313,5.11,5.39,5.05,5.34
20150316,5.36,5.36,5.13,5.2
20150317,5.18,5.36,5.12,5.32
20150318,5.25,5.66,5.21,5.6
20150319,5.51,5.66,5.46,5.64
20150320,5.69,5.94,5.58,5.91
20150323,5.8,5.98,5.7,5.7
20150324,5.7,5.81,5.6,5.76
20150325,5.82,6.25,5.8,6.09
20150326,6.17,6.34,5.87,5.95
20150327,5.93,5.93,5.65,5.84
20150330,6.07,6.1,5.89,6.05
20150331,5.97,6.25,5.91,6.18
20150401,6.21,6.61,6.19,6.58
20150402,6.57,6.7,6.36,6.59
20150403,6.59,6.59,6.59,6.59
20150406,6.62,6.86,6.52,6.75
20150407,6.75,6.94,6.56,6.69
20150408,6.7,6.84,6.51,6.78
20150409,6.82,7.15,6.8,6.96
20150410,6.99,7.18,6.88,6.96
20150413,6.99,7.02,6.84,6.9
20150414,6.89,7.17,6.87,7.01
20150415,7.08,7.42,7.0,7.27
20150416,7.21,7.44,7.13,7.26
20150417,7.23,7.39,7.15,7.27
20150420,7.29,7.44,7.22,7.29
20150421,7.28,7.35,7.02,7.17
20150422,7.22,7.3,7.04,7.15
20150423,7.19,7.32,7.12,7.25
20150424,7.24,7.31,6.95,7.01
20150427,7.03,7.33,7.03,7.19
20150428,7.18,7.25,6.99,7.14
20150429,7.13,7.52,7.04,7.35
20150430,7.4,7.46,7.21,7.22
20150504,7.21,7.24,7.01,7.15
20150505,7.16,7.31,7.02,7.05
20150506,7.14,7.21,6.97,7.01
20150507,6.97,7.04,6.42,6.47
20150508,6.56,7.04,6.56,6.83
20150511,6.97,6.99,6.71,6.92
20150512,6.88,7.13,6.8,7.09
20150513,7.16,7.16,6.95,6.97
20150514,7.01,7.06,6.83,6.86
20150515,6.84,6.9,6.65,6.75
20150518,6.7,6.75,6.55,6.71
20150519,6.63,6.63,6.45,6.54
20150520,6.57,6.7,6.47,6.68
20150521,6.7,6.97,6.7,6.85
20150522,6.78,6.84,6.59,6.66
20150525,6.66,6.66,6.66,6.66
20150526,6.58,6.59,6.27,6.34
20150527,6.31,6.46,6.24,6.45
20150528,6.44,6.44,6.26,6.42
20150529,6.41,6.47,6.27,6.29
20150601,6.29,6.31,6.18,6.27
20150602,6.35,6.49,6.33,6.39
20150603,6.38,6.61,6.37,6.55
20150604,6.49,6.53,6.33,6.37
20150605,6.33,6.57,6.31,6.55
20150608,6.5,6.57,6.41,6.45
20150609,6.52,6.59,6.4,6.44
20150610,6.55,7.03,6.52,6.96
20150611,6.97,6.97,6.67,6.84
20150612,6.8,6.86,6.72,6.75
20150615,6.67,6.8,6.57,6.65
20150616,6.62,6.68,6.4,6.59
20150617,6.66,6.88,6.66,6.75
20150618,6.76,6.77,6.41,6.48
20150619,6.46,6.51,6.11,6.17
20150622,6.2,6.28,6.08,6.2
20150623,6.19,6.3,6.11,6.26
20150624,6.2,6.4,6.2,6.22
20150625,6.24,6.25,6.05,6.09
20150626,6.09,6.21,5.85,6.2
20150629,6.13,6.36,6.03,6.32
20150630,6.37,6.4,6.27,6.38
20150701,6.4,6.42,5.94,6.02
20150702,6.07,6.23,5.96,6.17
20150703,6.17,6.17,6.17,6.17
20150706,6.03,6.2,5.9,5.99
20150707,6.01,6.27,5.77,6.16
20150708,6.11,6.27,5.88,5.98
20150709,6.14,6.32,6.01,6.22
20150710,6.27,6.4,6.06,6.07
20150713,6.06,6.22,5.96,6.15
20150714,6.14,6.49,6.09,6.35
20150715,6.26,6.36,6.16,6.17
20150716,6.19,6.29,5.87,5.9
20150717,5.9,5.92,5.57,5.72
20150720,5.68,5.77,5.53,5.61
20150721,5.62,5.77,5.53,5.54
20150722,5.49,5.49,5.17,5.2
20150723,5.22,5.34,4.96,5.3
20150724,5.21,5.28,4.98,5.0
20150727,4.93,4.98,4.82,4.87
20150728,4.93,4.97,4.79,4.88
20150729,4.85,5.05,4.85,4.95
20150730,4.94,5.08,4.87,4.89
20150731,4.91,4.91,4.72,4.76
20150803,4.73,4.9,4.62,4.71
20150804,4.72,4.82,4.63,4.78
20150805,4.91,4.97,4.78,4.88
20150806,4.84,5.03,4.79,5.0
20150807,5.93,6.65,5.12,5.19
20150810,5.39,7.57,5.38,6.87
20150811,6.52,7.28,6.42,7.2
20150812,7.11,7.45,7.01,7.34
20150813,7.26,7.48,7.2,7.43
20150814,7.3,7.64,7.3,7.49
20150817,7.45,7.64,7.3,7.49
20150818,7.44,7.5,7.22,7.31
20150819,7.27,7.39,6.85,7.05
20150820,7.06,7.2,6.89,6.9
20150821,6.76,6.98,6.63,6.78
20150824,6.49,6.92,6.38,6.45
20150826,6.59,6.74,6.43,6.61
20150827,6.72,7.08,6.66,7.06
20150828,7.03,7.52,6.93,7.39
20150831,7.2,7.75,7.09,7.69
20150901,7.4,7.76,7.18,7.24
20150902,7.4,7.56,7.14,7.5
20150903,7.42,7.62,7.26,7.38
20150904,7.22,7.4,7.22,7.27
20150907,7.27,7.27,7.27,7.27
20150908,7.35,7.5,7.16,7.3
20150909,7.35,7.69,7.05,7.16
20150910,7.09,7.32,6.97,7.21
20150911,7.06,7.17,6.84,6.95
20150914,6.87,6.96,6.65,6.8
20150915,6.77,7.08,6.77,6.91
20150916,6.97,7.28,6.96,7.03
20150917,7.0,7.31,6.89,7.01
20150918,6.88,6.92,6.68,6.83
20150921,6.86,6.99,6.67,6.83
20150922,6.72,6.94,6.64,6.75
20150923,6.8,6.82,6.53,6.55
20150924,6.51,6.67,6.42,6.56
20150925,6.59,6.65,6.21,6.31
20150928,6.29,6.3,6.08,6.09
20150929,6.09,6.32,5.99,6.0
20150930,6.04,6.08,5.74,5.91
20151001,6.02,6.18,5.79,5.8
20151002,5.69,6.26,5.66,6.25
20151005,6.32,6.56,6.19,6.49
20151006,6.51,6.89,6.49,6.81
20151007,6.92,7.13,6.51,6.72
20151008,6.72,7.03,6.58,6.99
20151009,7.01,7.49,6.94,7.37
20151012,7.39,7.39,6.63,6.97
20151013,6.88,7.24,6.85,6.95
20151014,6.89,7.23,6.89,7.07
20151015,7.05,7.33,6.93,7.32
20151016,7.3,7.32,6.94,7.12
20151019,7.13,7.2,6.8,6.87
20151020,6.95,7.13,6.82,7.11
20151021,7.06,7.1,6.83,6.84
20151022,6.9,7.13,6.79,6.94
20151023,6.89,7.08,6.75,6.98
20151026,6.95,6.96,6.6,6.67
20151027,6.57,6.75,6.41,6.51
20151028,6.59,6.87,6.55,6.84
20151029,6.8,6.96,6.53,6.6
20151030,6.64,6.79,6.38,6.74
20151102,6.69,7.09,6.69,7.02
20151103,7.05,7.34,7.05,7.08
20151104,7.09,7.21,6.87,7.1
20151105,7.06,7.23,6.84,6.89
20151106,7.67,7.95,7.01,7.95
20151109,7.96,8.02,7.64,7.84
20151110,8.28,8.85,8.19,8.8
20151111,8.81,8.86,8.33,8.61
20151112,8.57,8.73,8.42,8.49
20151113,8.43,8.84,8.34,8.71
20151116,8.77,9.06,8.54,9.02
20151117,9.01,9.09,8.65,8.69
20151118,8.79,9.09,8.75,9.01
20151119,8.9,9.02,8.62,8.79
20151120,8.79,9.06,8.76,8.83
20151123,8.83,9.09,8.71,9.07
20151124,9.08,9.4,9.08,9.14
20151125,9.08,9.36,8.98,9.22
20151126,9.22,9.22,9.22,9.22
20151127,9.07,9.32,8.93,9.06
20151130,9.2,9.39,9.18,9.32
20151201,9.25,9.44,9.07,9.28
20151202,9.19,9.39,8.7,8.9
20151203,9.01,9.23,8.86,9.22
20151204,9.02,9.06,8.48,8.52
20151207,8.34,8.36,8.09,8.21
20151208,8.05,8.64,8.03,8.56
20151209,8.59,8.81,8.29,8.51
20151210,8.44,8.77,8.44,8.58
20151211,8.27,8.41,8.13,8.22
20151214,8.17,8.22,7.82,8.02
20151215,8.15,8.58,8.07,8.45
20151216,8.3,8.54,7.83,8.07
20151217,8.0,8.12,7.73,7.78
20151218,7.78,8.04,7.57,7.63
20151221,7.56,7.72,7.32,7.46
20151222,7.52,7.75,7.39,7.69
20151223,7.88,7.99,7.66,7.99
20151224,7.96,8.17,7.92,8.0
20151225,8.0,8.0,8.0,8.0
20151228,7.85,7.85,7.49,7.54
20151229,7.72,7.76,7.49,7.61
20151230,7.5,7.71,7.42,7.46
20151231,7.45,7.66,7.4,7.52
20160101,7.52,7.52,7.52,7.52
20160104,7.56,7.81,7.34,7.48
20160105,7.59,7.64,7.26,7.36
20160106,7.13,7.28,6.99,7.01
20160107,6.85,6.94,6.5,6.57
20160108,6.66,6.68,6.27,6.34
20160111,6.37,6.4,6.02,6.14
20160112,6.25,6.26,5.62,5.75
20160113,5.82,5.96,5.42,5.43
20160114,5.46,5.58,5.15,5.55
20160115,5.28,5.8,5.2,5.78
20160118,5.78,5.78,5.78,5.78
20160119,5.81,5.81,5.2,5.35
20160120,5.24,5.6,5.12,5.49
20160121,5.42,5.69,5.36,5.46
20160122,5.68,5.82,5.39,5.63
20160125,5.46,5.7,5.16,5.16
20160126,5.36,5.69,5.16,5.66
20160127,5.58,5.77,5.41,5.48
20160128,5.77,6.22,5.71,5.91
20160129,5.92,6.21,5.9,6.19
20160201,6.01,6.16,5.82,5.88
20160202,5.76,5.79,5.63,5.7
20160203,5.86,6.06,5.62,5.99
20160204,6.08,6.36,5.87,5.99
20160205,5.89,6.0,5.64,5.69
20160208,5.57,5.97,5.52,5.72
20160209,5.57,5.62,4.98,5.0
20160210,5.0,5.23,4.81,4.82
20160211,4.77,4.83,4.62,4.72
20160212,4.75,5.0,4.65,4.9
20160215,4.9,4.9,4.9,4.9
20160216,5.02,5.09,4.9,5.07
20160217,5.15,5.39,5.14,5.27
20160218,5.32,5.4,5.12,5.15
20160219,5.09,5.2,5.0,5.15
20160222,5.29,5.54,5.22,5.5
20160223,5.44,5.55,5.11,5.16
20160224,5.0,5.39,4.76,5.37
20160225,5.36,5.49,5.01,5.36
20160226,5.58,5.87,5.03,5.47
20160229,5.38,5.41,4.78,5.04
20160301,5.07,5.29,5.01,5.19
20160302,5.15,5.73,5.09,5.72
20160303,5.69,6.04,5.68,5.91
20160304,6.0,6.22,5.74,5.92
20160307,5.94,6.3,5.94,6.18
20160308,6.09,6.15,5.82,5.99
20160309,6.14,6.19,5.84,6.14
20160310,6.14,6.28,5.99,6.15
20160311,6.26,6.67,6.26,6.63
20160314,6.47,6.67,6.38,6.58
20160315,6.45,6.52,6.19,6.43
20160316,6.49,6.76,6.47,6.72
20160317,6.8,6.89,6.61,6.83
20160318,6.9,6.96,6.32,6.41
20160321,6.37,6.76,6.35,6.53
20160322,6.44,6.49,6.29,6.35
20160323,6.23,6.37,5.91,5.92
20160324,5.83,6.18,5.67,6.18
20160325,6.18,6.18,6.18,6.18
20160328,6.06,6.19,5.76,5.99
20160329,5.88,6.26,5.77,6.17
20160330,6.27,6.43,6.09,6.19
20160331,6.21,6.52,6.21,6.35
20160401,6.15,6.26,6.06,6.22
20160404,6.2,6.37,5.94,6.08
20160405,6.0,6.21,5.96,6.1
20160406,6.15,6.37,5.99,6.33
20160407,6.23,6.44,6.18,6.27
20160408,6.45,6.61,6.42,6.55
20160411,6.65,6.94,6.62,6.74
20160412,6.77,6.86,6.65,6.84
20160413,6.88,7.06,6.76,6.91
20160414,6.93,6.98,6.76,6.91
20160415,6.84,7.16,6.67,6.97
20160418,6.72,7.13,6.7,7.09
20160419,7.16,7.42,7.14,7.32
20160420,7.27,7.38,7.14,7.17
20160421,7.16,7.29,7.06,7.14
20160422,7.18,7.58,7.18,7.51
20160425,7.44,7.53,7.06,7.13
20160426,7.17,7.29,7.1,7.13
20160427,7.27,7.75,7.12,7.18
20160428,7.16,7.28,6.96,6.96
20160429,7.0,7.46,7.0,7.2
20160502,7.21,7.25,6.97,7.14
20160503,7.01,7.11,6.65,6.79
20160504,6.78,7.05,6.76,6.82
20160505,6.9,7.01,6.5,6.52
20160506,6.43,6.68,6.18,6.2
20160509,5.76,5.89,4.65,5.07
20160510,5.2,5.83,5.15,5.5
20160511,5.44,5.52,5.17,5.4
20160512,5.49,5.74,5.36,5.49
20160513,5.35,5.5,5.05,5.07
20160516,5.3,5.35,5.15,5.29
20160517,5.29,5.52,5.29,5.37
20160518,5.27,5.39,5.04,5.05
20160519,5.02,5.1,4.91,5.03
20160520,5.05,5.16,4.93,5.08
20160523,5.0,5.29,4.93,5.2
20160524,5.2,5.26,5.09,5.24
20160525,5.28,5.61,5.28,5.55
20160526,5.59,5.67,5.18,5.21
20160527,5.2,5.36,5.15,5.34
20160530,5.34,5.34,5.34,5.34
20160531,5.36,5.52,5.36,5.47
20160601,5.57,5.9,5.49,5.87
20160602,5.73,5.77,5.42,5.54
20160603,5.58,5.61,5.34,5.6
20160606,5.69,6.15,5.69,6.11
20160607,6.13,6.5,5.98,6.46
20160608,6.54,6.68,6.41,6.51
20160609,6.41,6.53,6.28,6.44
20160610,6.41,6.64,6.33,6.57
20160613,6.5,6.58,6.36,6.4
20160614,6.35,6.56,6.23,6.41
20160615,6.37,6.58,6.22,6.38
20160616,5.56,5.78,5.41,5.51
20160617,5.54,5.77,5.52,5.66
20160620,5.77,5.93,5.72,5.83
20160621,5.82,5.84,5.6,5.81
20160622,5.88,5.98,5.65,5.67
20160623,5.84,6.21,5.77,6.19
20160624,5.89,6.05,5.85,6.02
20160627,5.88,5.88,5.37,5.54
20160628,5.67,5.9,5.64,5.87
20160629,6.01,6.35,5.86,6.15
20160630,6.13,6.39,5.92,6.37
20160701,6.35,6.57,6.31,6.51
20160704,6.51,6.51,6.51,6.51
20160705,6.37,6.43,5.96,6.11
20160706,6.04,6.27,6.02,6.18
20160707,6.26,6.46,5.98,6.01
20160708,6.1,6.23,6.04,6.15
20160711,6.25,6.37,6.18,6.19
20160712,6.37,6.59,6.34,6.4
20160713,6.4,6.54,6.13,6.28
20160714,6.38,6.55,6.29,6.3
20160715,6.38,6.39,6.23,6.27
20160718,6.26,6.33,6.12,6.3
20160719,6.24,6.33,6.1,6.15
20160720,6.1,6.26,5.81,6.21
20160721,6.2,6.42,6.1,6.12
20160722,6.13,6.2,6.02,6.19
20160725,6.12,6.14,6.02,6.07
20160726,6.05,6.14,5.9,5.96
20160727,6.02,6.18,5.91,5.99
20160728,5.98,6.1,5.72,5.82
20160729,5.74,6.06,5.74,6.01
20160801,5.9,5.9,5.73,5.76
20160802,5.8,5.92,5.54,5.64
20160803,5.62,5.88,5.57,5.83
20160804,5.82,6.02,5.82,5.92
20160805,5.93,6.33,5.86,6.3
20160808,6.36,6.65,6.14,6.16
20160809,6.17,6.31,5.95,6.19
20160810,6.19,6.23,5.92,5.94
20160811,6.09,6.41,6.06,6.24
20160812,6.24,6.3,6.0,6.18
20160815,6.21,6.37,6.08,6.3
20160816,6.33,6.43,6.22,6.28
20160817,6.31,6.4,6.22,6.37
20160818,6.43,6.77,6.38,6.67
20160819,6.61,6.65,6.54,6.61
20160822,6.51,6.51,6.32,6.42
20160823,6.44,6.62,6.43,6.53
20160824,6.49,6.6,6.28,6.33
20160825,6.39,6.48,6.23,6.27
20160826,6.29,6.44,6.11,6.2
20160829,6.18,6.45,6.14,6.33
20160830,6.32,6.43,6.17,6.21
20160831,6.16,6.24,6.0,6.05
20160901,6.02,6.07,5.9,6.06
20160902,6.17,6.27,6.13,6.22
20160905,6.22,6.22,6.22,6.22
20160906,6.24,6.3,6.11,6.2
20160907,6.22,6.3,6.13,6.28
20160908,6.31,6.46,6.19,6.45
20160909,6.31,6.39,6.08,6.08
20160912,5.95,6.17,5.91,6.16
20160913,6.01,6.04,5.74,5.8
20160914,5.8,5.88,5.67,5.75
20160915,5.75,5.88,5.67,5.73
20160916,5.65,5.7,5.54,5.65
20160919,5.78,5.81,5.58,5.58
20160920,5.61,5.65,5.48,5.49
20160921,5.6,5.69,5.58,5.68
20160922,5.84,5.85,5.68,5.75
20160923,5.74,5.82,5.57,5.6
20160926,5.62,5.71,5.51,5.52
20160927,5.45,5.54,5.33,5.46
20160928,5.48,5.92,5.47,5.91
20160929,5.98,6.14,5.9,5.97
20160930,6.18,6.18,5.96,6.11
20161003,6.12,6.12,5.77,6.05
20161004,6.05,6.08,5.85,5.88
20161005,6.01,6.08,5.96,6.03
20161006,6.04,6.2,5.99,6.07
20161007,6.07,6.12,5.92,5.94
20161010,6.06,6.31,5.98,6.18
20161011,6.15,6.2,5.98,6.1
20161012,6.05,6.09,5.98,6.07
20161013,6.02,6.12,5.93,5.99
20161014,6.03,6.11,5.89,6.02
20161017,6.01,6.06,5.82,5.85
20161018,6.08,6.12,5.88,5.96
20161019,6.06,6.34,6.02,6.23
20161020,6.14,6.27,6.05,6.18
20161021,6.1,6.23,6.07,6.11
20161024,6.16,6.19,5.93,5.97
20161025,6.0,6.01,5.64,5.66
20161026,5.6,5.65,5.51,5.61
20161027,5.64,5.7,5.57,5.61
20161028,5.6,5.7,5.43,5.53
20161031,5.51,5.56,5.33,5.45
20161101,5.54,5.58,5.32,5.46
20161102,5.38,5.38,5.19,5.28
20161103,5.29,5.37,5.22,5.31
20161104,5.26,5.27,4.71,4.97
20161107,5.23,5.23,4.73,4.8
20161108,4.62,4.74,4.4,4.7
20161109,4.63,5.08,4.63,5.0
20161110,4.98,5.3,4.96,5.18
20161111,5.12,5.29,5.08,5.28
20161114,5.28,5.46,5.18,5.3
20161115,5.34,5.53,5.31,5.35
20161116,5.59,5.67,5.33,5.39
20161117,5.49,5.55,5.27,5.3
20161118,5.34,5.35,5.14,5.22
20161121,5.38,5.52,5.26,5.33
20161122,5.38,5.45,5.29,5.45
20161123,5.36,5.52,5.27,5.48
20161124,5.48,5.48,5.48,5.48
20161125,5.43,5.47,5.35,5.41
20161128,5.45,5.45,5.21,5.21
20161129,5.09,5.09,4.88,4.9
20161130,5.14,5.54,5.13,5.43
20161201,5.56,5.8,5.45,5.65
20161202,5.58,5.89,5.53,5.88
20161205,5.95,5.98,5.81,5.86
20161206,5.78,5.95,5.69,5.85
20161207,5.82,5.83,5.63,5.65
20161208,5.32,5.63,4.75,5.01
20161209,5.03,5.11,4.36,4.56
20161212,4.77,4.84,4.59,4.72
20161213,4.76,4.93,4.63,4.92
20161214,4.86,4.93,4.66,4.72
20161215,4.72,4.79,4.64,4.73
20161216,4.71,4.73,4.62,4.66
20161219,4.68,4.84,4.68,4.77
20161220,4.86,4.89,4.8,4.85
20161221,4.86,5.01,4.86,4.99
20161222,5.05,5.17,5.04,5.13
20161223,5.11,5.16,4.95,5.07
20161226,5.07,5.07,5.07,5.07
20161227,5.07,5.15,4.9,4.94
20161228,5.0,5.0,4.84,4.91
20161229,4.9,4.94,4.8,4.84
20161230,4.84,5.03,4.84,5.02
20170102,5.02,5.02,5.02,5.02
20170103,5.08,5.13,4.91,5.13
20170104,5.12,5.27,5.08,5.23
20170105,5.23,5.28,5.07,5.09
20170106,5.09,5.1,4.95,5.0
20170109,4.96,5.01,4.82,4.87
20170110,4.92,5.03,4.82,5.01
20170111,5.01,5.09,4.94,5.0
20170112,5.03,5.03,4.78,4.82
20170113,4.82,4.87,4.7,4.72
20170116,4.72,4.72,4.72,4.72
20170117,4.74,4.81,4.63,4.75
20170118,4.7,4.7,4.55,4.56
20170119,4.6,4.64,4.29,4.31
20170120,4.38,4.51,4.33,4.5
20170123,4.52,4.56,4.4,4.46
20170124,4.5,4.58,4.36,4.58
20170125,4.6,4.86,4.6,4.85
20170126,4.87,4.99,4.74,4.81
20170127,4.78,4.91,4.72,4.9
20170130,4.84,4.88,4.68,4.85
20170131,4.85,4.98,4.81,4.96
20170201,5.0,5.08,4.84,4.96
20170202,4.97,5.0,4.86,4.91
20170203,4.95,5.05,4.84,5.04
20170206,5.03,5.06,4.92,4.97
20170207,4.94,5.03,4.83,4.97
20170208,4.93,4.98,4.81,4.93
20170209,4.97,5.01,4.83,4.91
20170210,4.98,5.08,4.93,4.94
20170213,4.93,5.04,4.92,4.99
20170214,5.0,5.09,4.93,5.07
20170215,5.04,5.05,4.91,4.92
20170216,4.9,4.95,4.68,4.73
20170217,4.69,4.7,4.53,4.6
20170220,4.6,4.6,4.6,4.6
20170221,4.67,4.77,4.62,4.72
20170222,4.68,4.7,4.5,4.51
20170223,4.57,4.61,4.39,4.56
20170224,4.49,4.49,4.41,4.45
20170227,4.48,4.65,4.41,4.63
20170228,4.61,4.73,4.48,4.49
20170301,4.6,4.6,4.36,4.48
20170302,4.4,4.59,4.32,4.47
20170303,4.49,4.54,4.3,4.34
20170306,4.19,4.35,4.01,4.32
20170307,4.31,4.33,4.19,4.25
20170308,4.23,4.26,4.01,4.04
20170309,4.06,4.1,3.81,3.87
20170310,3.94,3.95,3.6,3.86
20170313,3.88,3.92,3.72,3.79
20170314,3.73,3.74,3.46,3.53
20170315,3.66,3.83,3.56,3.81
20170316,3.9,4.03,3.84,3.86
20170317,3.87,3.9,3.78,3.83
20170320,3.78,3.8,3.71,3.75
20170321,3.88,3.93,3.77,3.82
20170322,3.78,3.83,3.65,3.81
20170323,3.77,3.9,3.77,3.88
20170324,3.88,3.93,3.78,3.81
20170327,3.7,3.82,3.7,3.77
20170328,3.77,3.93,3.74,3.9
20170329,3.91,4.04,3.88,3.95
20170330,3.99,4.04,3.91,3.92
20170331,3.97,4.15,3.96,4.07
20170403,4.05,4.12,3.96,4.06
20170404,4.07,4.14,3.99,4.01
20170405,4.05,4.08,3.85,3.86
20170406,3.88,3.98,3.78,3.98
20170407,4.05,4.05,3.9,3.91
20170410,3.92,4.12,3.9,4.05
20170411,4.3,4.36,4.12,4.26
20170412,4.27,4.31,4.11,4.14
20170413,4.24,4.32,3.82,3.88
20170414,3.88,3.88,3.88,3.88
20170417,3.9,4.01,3.83,3.99
20170418,3.93,3.95,3.74,3.75
20170419,3.78,3.81,3.57,3.57
20170420,3.61,3.67,3.55,3.56
20170421,3.54,3.62,3.51,3.55
20170424,3.61,3.61,3.32,3.41
20170425,3.41,3.6,3.38,3.58
20170426,3.52,3.68,3.52,3.55
20170427,3.5,3.51,3.38,3.4
20170428,3.46,3.46,3.31,3.33
20170501,3.32,3.33,3.25,3.31
20170502,3.32,3.36,3.21,3.23
20170503,3.23,3.26,3.16,3.16
20170504,3.16,3.18,3.0,3.09
20170505,3.09,3.15,3.03,3.09
20170508,3.1,3.24,3.09,3.2
20170509,3.21,3.21,3.02,3.09
20170510,3.08,3.75,3.08,3.66
20170511,3.75,3.75,3.41,3.45
20170512,3.44,3.47,3.3,3.31
20170515,3.43,3.51,3.3,3.31
20170516,3.36,3.38,3.25,3.37
20170517,3.32,3.38,3.23,3.24
20170518,3.2,3.26,3.18,3.23
20170519,3.25,3.48,3.25,3.45
20170522,3.5,3.5,3.34,3.44
20170523,3.43,3.45,3.36,3.45
20170524,3.39,3.43,3.3,3.38
20170525,3.32,3.45,3.2,3.26
20170526,3.26,3.29,3.2,3.29
20170529,3.29,3.29,3.29,3.29
20170530,3.26,3.27,3.1,3.1
20170531,3.09,3.14,3.0,3.09
20170601,3.09,3.24,3.03,3.2
20170602,3.16,3.2,3.06,3.09
20170605,3.08,3.13,3.04,3.06
20170606,3.03,3.17,2.95,3.17
20170607,3.14,3.18,2.94,2.98
20170608,2.95,3.0,2.91,2.95
20170609,2.95,3.13,2.88,3.03
20170612,3.1,3.26,3.09,3.14
20170613,3.15,3.32,3.12,3.27
20170614,3.24,3.26,3.01,3.11
20170615,3.07,3.15,3.02,3.05
20170616,3.03,3.16,2.99,3.14
20170619,3.17,3.17,3.04,3.14
20170620,3.04,3.08,2.92,3.05
20170621,3.01,3.04,2.76,2.83
20170622,2.84,2.96,2.76,2.76
20170623,2.77,2.78,2.62,2.67
20170626,2.68,2.78,2.65,2.67
20170627,2.67,2.75,2.61,2.7
20170628,2.72,2.89,2.69,2.76
20170629,2.77,2.9,2.77,2.85
20170630,2.87,2.87,2.74,2.79
20170703,2.78,2.98,2.78,2.94
20170704,2.94,2.94,2.94,2.94
20170705,2.9,2.95,2.72,2.74
20170706,2.77,2.79,2.64,2.68
20170707,2.65,2.65,2.49,2.63
20170710,2.61,2.8,2.59,2.75
20170711,2.77,2.77,2.62,2.63
20170712,2.68,2.75,2.53,2.6
20170713,2.6,2.8,2.55,2.8
20170714,2.8,2.91,2.8,2.86
20170717,2.86,2.92,2.8,2.88
20170718,2.92,2.95,2.85,2.93
20170719,2.93,3.09,2.91,3.07
20170720,3.09,3.16,3.07,3.12
20170721,3.18,3.18,2.81,2.82
20170724,2.84,2.84,2.68,2.71
20170725,2.77,2.88,2.74,2.79
20170726,2.82,2.925,2.74,2.84
20170727,2.85,2.875,2.75,2.8
20170728,2.79,2.925,2.745,2.81
20170731,2.79,2.855,2.7,2.81
20170801,2.82,2.82,2.71,2.72
20170802,2.71,2.76,2.645,2.7
20170803,2.7,2.79,2.64,2.64
20170804,2.66,2.69,2.59,2.59
20170807,2.55,2.58,2.49,2.5
20170808,2.5,2.56,2.4,2.43
20170809,2.35,2.45,2.01,2.03
20170810,2.1,2.2,2.04,2.05
20170811,2.03,2.1,1.99,1.99
20170814,2.01,2.09,2.005,2.02
20170815,2.01,2.03,1.92,1.98
20170816,1.98,2.035,1.92,1.94
20170817,1.91,1.97,1.87,1.88
20170818,1.85,1.97,1.85,1.94
20170821,1.94,1.96,1.88,1.94
20170822,1.98,2.0,1.89,1.92
20170823,1.91,1.98,1.86,1.87
20170824,1.86,1.96,1.85,1.91
20170825,1.92,1.96,1.9,1.92
20170828,1.95,2.0,1.865,1.9
20170829,1.88,2.14,1.88,2.12
20170830,2.11,2.11,1.95,2.06
20170831,2.08,2.09,2.0,2.06
20170901,2.06,2.1,2.01,2.08
20170904,2.08,2.08,2.08,2.08
20170905,2.1,2.18,2.06,2.1
20170906,2.11,2.245,2.09,2.15
20170907,2.14,2.17,2.08,2.11
20170908,2.11,2.14,1.99,2.05
20170911,2.1,2.1,2.0,2.06
20170912,1.93,2.19,1.92,2.17
20170913,2.2,2.34,2.13,2.24
20170914,2.25,2.48,2.23,2.47
20170915,2.49,2.505,2.28,2.49
20170918,2.49,2.65,2.44,2.55
20170919,2.61,2.695,2.562,2.63
20170920,2.65,2.75,2.63,2.68
20170921,2.66,2.7,2.51,2.56
20170922,2.55,2.67,2.55,2.64
20170925,2.69,2.85,2.68,2.75
20170926,2.75,2.88,2.73,2.85
20170927,2.85,2.92,2.72,2.77
20170928,2.79,2.94,2.755,2.92
20170929,2.94,2.95,2.835,2.86
20171002,2.83,2.84,2.715,2.77
20171003,2.76,2.85,2.73,2.83
20171004,2.83,2.85,2.61,2.66
20171005,2.69,2.82,2.66,2.78
20171006,2.72,2.77,2.66,2.73
20171009,2.76,2.815,2.66,2.69
20171010,2.76,2.82,2.725,2.74
20171011,2.75,2.75,2.67,2.7
20171012,2.68,2.75,2.6,2.73
20171013,2.76,2.8,2.68,2.68
20171016,2.73,2.75,2.65,2.66
20171017,2.64,2.7,2.62,2.69
20171018,2.68,2.73,2.63,2.7
20171019,2.64,2.7,2.61,2.65
20171020,2.65,2.65,2.545,2.63
20171023,2.64,2.69,2.6,2.63
20171024,2.63,2.69,2.59,2.65
20171025,2.65,2.68,2.555,2.68
20171026,2.7,2.7,2.6,2.66
20171027,2.65,2.71,2.61,2.7
20171030,2.7,2.81,2.7,2.74
20171031,2.75,2.87,2.74,2.84
20171101,2.91,3.02,2.84,2.92
20171102,2.9,2.97,2.895,2.93
20171103,2.92,2.99,2.86,2.97
20171106,3.01,3.16,2.97,3.15
20171107,3.18,3.33,3.1,3.1
20171108,3.06,3.24,3.03,3.09
20171109,3.1,3.63,3.09,3.57
20171110,3.74,4.1,3.64,3.64
20171113,3.89,3.9,3.68,3.69
20171114,3.7,3.755,3.49,3.5
20171115,3.42,3.64,3.42,3.54
20171116,3.55,3.67,3.48,3.58
20171117,3.61,3.795,3.57,3.71
20171120,3.71,3.94,3.68,3.84
20171121,3.87,4.01,3.81,3.85
20171122,3.93,4.09,3.93,4.03
20171123,4.03,4.03,4.03,4.03
20171124,4.06,4.18,4.03,4.1
20171127,4.11,4.163,3.905,3.99
20171128,3.97,4.06,3.91,4.0
20171129,4.0,4.07,3.9,3.97
20171130,4.01,4.11,3.92,4.02
20171201,4.12,4.26,3.95,4.13
20171204,4.14,4.24,4.08,4.11
20171205,4.12,4.15,3.97,4.05
20171206,4.03,4.05,3.85,3.9
20171207,3.88,3.95,3.83,3.85
20171208,3.9,3.95,3.785,3.92
20171211,3.91,4.03,3.835,4.02
20171212,4.03,4.14,4.02,4.09
20171213,4.11,4.17,4.01,4.05
20171214,4.0,4.13,3.97,3.99
20171215,4.01,4.12,4.01,4.06
20171218,4.07,4.195,4.05,4.13
20171219,4.11,4.175,4.015,4.04
20171220,4.06,4.27,4.04,4.19
20171221,4.18,4.36,4.11,4.28
20171222,4.26,4.305,4.21,4.23
20171225,4.23,4.23,4.23,4.23
20171226,4.24,4.43,4.24,4.4
20171227,4.42,4.435,4.305,4.35
20171228,4.41,4.41,4.29,4.31
20171229,4.33,4.37,4.23,4.27
20180101,4.27,4.27,4.27,4.27
20180102,4.27,4.35,4.215,4.31
20180103,4.32,4.43,4.285,4.39
20180104,4.42,4.54,4.3,4.53
20180105,4.5,4.5,4.31,4.34
20180108,4.37,4.37,4.24,4.34
20180109,4.33,4.36,4.15,4.18
20180110,4.19,4.23,4.1,4.13
20180111,4.13,4.46,4.065,4.31
20180112,4.14,4.445,4.13,4.39
20180115,4.39,4.39,4.39,4.39
20180116,4.4,4.505,4.235,4.25
20180117,4.3,4.36,4.24,4.27
20180118,4.26,4.32,4.06,4.09
20180119,4.04,4.135,3.985,4.1
20180122,4.13,4.25,4.12,4.19
20180123,4.2,4.23,4.11,4.21
20180124,4.22,4.27,4.135,4.18
20180125,4.22,4.23,4.08,4.12
20180126,4.13,4.13,4.01,4.02
20180129,4.01,4.01,3.84,3.85
20180130,3.83,3.85,3.71,3.83
20180131,3.86,3.9,3.795,3.84
20180201,3.83,3.99,3.78,3.98
20180202,3.89,3.92,3.72,3.81
20180205,3.8,4.02,3.76,3.83
20180206,3.74,3.95,3.73,3.88
20180207,3.89,3.98,3.84,3.85
20180208,3.85,3.87,3.45,3.47
20180209,3.56,3.56,3.42,3.5
20180212,3.53,3.67,3.47,3.54
20180213,3.5,3.54,3.43,3.46
20180214,3.41,3.65,3.4,3.62
20180215,3.62,3.85,3.45,3.59
20180216,3.57,3.835,3.57,3.69
20180219,3.69,3.69,3.69,3.69
20180220,3.72,3.8,3.69,3.74
20180221,3.72,3.91,3.7,3.81
20180222,3.86,3.97,3.8,3.87
20180223,3.88,3.96,3.81,3.94
20180226,3.94,4.025,3.91,4.01
20180227,4.0,4.13,3.73,3.74
20180228,3.5,3.8,3.42,3.63
20180301,3.64,3.7,3.57,3.6
20180302,3.55,3.78,3.55,3.75
20180305,3.7,3.86,3.665,3.83
20180306,3.86,4.04,3.81,3.98
20180307,3.93,3.98,3.77,3.83
20180308,3.86,3.87,3.75,3.81
20180309,3.78,3.9,3.78,3.89
20180312,3.9,4.08,3.89,4.08
20180313,4.08,4.125,3.89,3.92
20180314,3.92,4.095,3.92,4.0
20180315,4.02,4.06,3.83,3.87
20180316,3.89,3.97,3.81,3.95
20180319,3.9,3.94,3.76,3.83
20180320,3.87,3.9,3.78,3.83
20180321,3.84,3.96,3.8,3.93
20180322,3.87,3.92,3.78,3.79
20180323,3.89,3.94,3.81,3.82
20180326,3.86,3.875,3.71,3.83
20180327,3.85,3.91,3.68,3.7
20180328,3.68,3.785,3.66,3.69
20180329,3.69,3.75,3.6,3.75
20180330,3.75,3.75,3.75,3.75
20180402,3.71,3.73,3.42,3.43
20180403,3.47,3.49,3.36,3.48
20180404,3.4,3.52,3.33,3.49
20180405,3.49,3.51,3.37,3.37
20180406,3.33,3.37,3.235,3.31
20180409,3.36,3.36,3.18,3.2
20180410,3.26,3.45,3.26,3.41
20180411,3.41,3.54,3.41,3.52
20180412,3.54,3.65,3.435,3.6
20180413,3.65,3.67,3.57,3.59
20180416,3.6,3.6,3.49,3.53
20180417,3.55,3.61,3.5,3.59
20180418,3.65,3.74,3.63,3.66
20180419,3.67,3.75,3.62,3.67
20180420,3.63,3.735,3.56,3.67
20180423,3.65,3.72,3.58,3.71
20180424,3.72,3.85,3.71,3.8
20180425,3.77,3.935,3.72,3.92
20180426,3.94,4.04,3.93,4.0
20180427,3.97,4.05,3.915,4.03
20180430,4.03,4.09,3.92,3.93
20180501,3.9,3.98,3.83,3.96
20180502,3.97,4.24,3.94,4.18
20180503,4.17,4.18,4.01,4.13
20180504,4.13,4.25,4.13,4.19
20180507,4.21,4.37,4.17,4.2
20180508,4.16,4.37,3.86,4.29
20180509,4.4,4.58,4.38,4.55
20180510,4.58,4.705,4.56,4.65
20180511,4.69,4.755,4.59,4.62
20180514,4.64,4.7,4.57,4.6
20180515,4.57,4.68,4.56,4.58
20180516,4.65,4.71,4.635,4.66
20180517,4.7,4.85,4.68,4.8
20180518,4.83,4.84,4.66,4.68
20180521,4.7,4.725,4.58,4.59
20180522,4.58,4.64,4.49,4.52
20180523,4.49,4.51,4.34,4.48
20180524,4.39,4.49,4.35,4.4
20180525,4.25,4.275,4.16,4.26
20180528,4.26,4.26,4.26,4.26
20180529,4.21,4.33,4.19,4.3
20180530,4.35,4.45,4.33,4.36
20180531,4.35,4.39,4.2,4.22
20180601,4.24,4.26,4.14,4.2
20180604,4.21,4.25,4.02,4.11
20180605,4.11,4.27,4.11,4.22
20180606,4.22,4.31,4.2,4.28
20180607,4.33,4.4,4.28,4.34
20180608,4.33,4.34,4.21,4.29
20180611,4.28,4.42,4.23,4.39
20180612,4.39,4.5,4.35,4.39
20180613,4.39,4.47,4.33,4.39
20180614,4.4,4.42,4.295,4.33
20180615,4.29,4.33,4.185,4.3
20180618,4.3,4.43,4.27,4.42
20180619,4.36,4.53,4.355,4.49
20180620,4.53,4.54,4.42,4.47
20180621,4.43,4.465,4.225,4.27
20180622,4.43,4.52,4.35,4.47
20180625,4.47,4.47,4.18,4.19
20180626,4.24,4.35,4.13,4.32
20180627,4.36,4.58,4.35,4.54
20180628,4.53,4.61,4.48,4.56
20180629,4.58,4.61,4.45,4.45
20180702,4.43,4.485,4.31,4.47
20180703,4.5,4.59,4.395,4.45
20180704,4.45,4.45,4.45,4.45
20180705,4.46,4.53,4.38,4.53
20180706,4.76,4.83,4.68,4.7
20180709,4.72,4.81,4.72,4.74
20180710,4.77,4.85,4.72,4.8
20180711,4.72,4.87,4.705,4.73
20180712,4.73,4.84,4.61,4.79
20180713,4.78,4.85,4.75,4.82
20180716,4.79,4.83,4.6,4.68
20180717,4.69,4.69,4.6,4.6
20180718,4.56,4.605,4.47,4.57
20180719,4.52,4.62,4.485,4.49
20180720,4.47,4.49,4.3,4.39
20180723,4.41,4.44,4.28,4.29
20180724,4.34,4.39,4.265,4.28
20180725,4.27,4.29,4.23,4.26
20180726,4.28,4.33,4.26,4.28
20180727,4.26,4.29,4.11,4.14
20180730,4.17,4.3,4.15,4.24
20180731,4.24,4.35,4.21,4.31
20180801,4.24,4.36,4.18,4.27
20180802,4.21,4.34,4.13,4.33
20180803,4.3,4.385,4.28,4.35
20180806,4.35,4.38,4.27,4.29
20180807,4.37,4.44,4.34,4.39
20180808,4.34,4.34,4.09,4.17
20180809,4.33,4.72,4.2,4.69
20180810,4.7,4.75,4.63,4.73
20180813,4.82,4.94,4.77,4.9
20180814,4.96,5.04,4.905,4.93
20180815,4.9,4.915,4.68,4.78
20180816,4.8,4.895,4.76,4.8
20180817,4.8,4.84,4.76,4.83
20180820,4.83,4.97,4.77,4.94
20180821,4.98,5.07,4.97,5.05
20180822,5.08,5.105,4.98,5.0
20180823,4.98,4.99,4.85,4.86
20180824,4.88,4.94,4.76,4.77
20180827,4.77,4.8,4.62,4.64
20180828,4.66,4.75,4.645,4.65
20180829,4.67,4.81,4.63,4.73
20180830,4.7,4.725,4.602,4.61
20180831,4.59,4.615,4.47,4.59
20180903,4.59,4.59,4.59,4.59
20180904,4.6,4.61,4.49,4.51
20180905,4.5,4.56,4.34,4.34
20180906,4.35,4.39,4.19,4.25
20180907,4.19,4.25,4.16,4.24
20180910,4.27,4.33,4.24,4.31
20180911,4.37,4.49,4.35,4.4
20180912,4.43,4.495,4.32,4.45
20180913,4.45,4.465,4.36,4.37
20180914,4.38,4.45,4.3,4.41
20180917,4.42,4.44,4.25,4.29
20180918,4.35,4.44,4.295,4.32
20180919,4.31,4.41,4.3,4.34
20180920,4.42,4.42,4.29,4.3
20180921,4.31,4.4,4.3,4.39
20180924,4.34,4.56,4.34,4.5
20180925,4.55,4.74,4.54,4.72
20180926,4.67,4.72,4.4,4.42
20180927,4.43,4.455,4.33,4.44
20180928,4.42,4.55,4.39,4.51
20181001,4.54,4.57,4.39,4.43
20181002,4.42,4.46,4.35,4.37
20181003,4.35,4.405,4.29,4.34
20181004,4.3,4.34,4.16,4.18
20181005,4.2,4.21,4.02,4.04
20181008,4.01,4.045,3.89,3.95
20181009,3.96,4.21,3.94,4.12
20181010,4.14,4.19,3.89,3.9
20181011,3.88,4.0,3.78,3.86
20181012,3.95,3.95,3.735,3.74
20181015,3.74,3.77,3.64,3.65
20181016,3.68,3.75,3.525,3.74
20181017,3.73,3.955,3.69,3.71
20181018,3.64,3.67,3.5,3.55
20181019,3.55,3.655,3.41,3.43
20181022,3.5,3.5,3.4,3.41
20181023,3.36,3.36,3.3,3.32
20181024,3.33,3.35,3.13,3.14
20181025,3.17,3.23,3.13,3.18
20181026,3.13,3.31,3.02,3.23
20181029,3.24,3.27,2.99,3.03
20181030,2.99,3.17,2.94,3.12
20181031,3.17,3.237,2.945,2.97
20181101,3.0,3.095,2.97,3.01
20181102,3.07,3.34,3.07,3.22
20181105,3.25,3.34,3.01,3.15
20181106,3.14,3.36,3.11,3.26
20181107,3.3,3.45,3.21,3.43
20181108,2.99,3.35,2.81,3.22
20181109,3.15,3.16,3.05,3.06
20181112,3.07,3.07,2.84,2.86
20181113,2.86,2.915,2.66,2.7
20181114,2.72,2.72,2.505,2.58
20181115,2.58,2.65,2.52,2.58
20181116,2.58,2.63,2.44,2.57
20181119,2.53,2.585,2.47,2.57
20181120,2.51,2.511,2.385,2.45
20181121,2.48,2.59,2.48,2.53
20181122,2.53,2.53,2.53,2.53
20181123,2.48,2.48,2.39,2.46
20181126,2.5,2.53,2.27,2.28
20181127,2.3,2.35,2.18,2.19
20181128,2.2,2.33,2.19,2.32
20181129,2.34,2.38,2.29,2.31
20181130,2.31,2.34,2.25,2.32
20181203,2.4,2.42,2.3,2.32
20181204,2.3,2.35,2.17,2.19
20181205,2.19,2.19,2.19,2.19
20181206,2.12,2.18,2.08,2.13
20181207,2.16,2.22,2.0,2.03
20181210,2.02,2.03,1.93,1.94
20181211,1.96,1.98,1.85,1.96
20181212,1.99,2.03,1.91,1.94
20181213,1.89,1.94,1.83,1.86
20181214,1.83,1.841,1.765,1.78
20181217,1.8,1.8,1.7,1.7
20181218,1.71,1.73,1.645,1.65
20181219,1.64,1.7,1.57,1.58
20181220,1.54,1.6,1.465,1.47
20181221,1.45,1.51,1.35,1.46
20181224,1.45,1.46,1.315,1.35
20181225,1.35,1.35,1.35,1.35
20181226,1.36,1.39,1.29,1.35
20181227,1.34,1.45,1.33,1.42
20181228,1.42,1.64,1.42,1.6
20181231,1.67,1.73,1.61,1.68
20190101,1.68,1.68,1.68,1.68
20190102,1.65,1.88,1.59,1.77
20190103,1.78,1.87,1.7,1.8
20190104,1.85,2.01,1.81,2.0
20190107,2.01,2.11,1.85,2.09
20190108,2.13,2.165,2.08,2.12
20190109,2.16,2.23,2.1,2.2
20190110,2.2,2.27,2.16,2.22
20190111,2.2,2.33,2.14,2.32
20190114,2.3,2.34,2.19,2.23
20190115,2.24,2.25,2.11,2.2
20190116,2.17,2.24,2.13,2.15
20190117,2.1,2.29,2.04,2.26
20190118,2.29,2.35,2.25,2.33
20190121,2.33,2.33,2.33,2.33
20190122,2.33,2.33,2.22,2.27
20190123,2.29,2.29,2.05,2.06
20190124,2.07,2.13,2.01,2.1
20190125,2.13,2.31,2.1,2.29
20190128,2.2,2.29,2.11,2.24
20190129,2.25,2.3,2.18,2.2
20190130,2.22,2.25,2.125,2.19
20190131,2.21,2.24,2.12,2.13
20190201,2.17,2.315,2.16,2.29
20190204,2.29,2.47,2.26,2.42
20190205,2.43,2.5,2.36,2.39
20190206,2.39,2.4,2.31,2.33
20190207,2.32,2.35,2.09,2.13
20190208,2.13,2.25,2.02,2.21
20190211,2.24,2.3,2.14,2.29
20190212,2.32,2.41,2.32,2.37
20190213,2.39,2.49,2.39,2.46
20190214,2.43,2.58,2.43,2.52
20190215,2.55,2.635,2.55,2.59
20190218,2.59,2.59,2.59,2.59
20190219,2.55,2.65,2.51,2.6
20190220,2.61,2.68,2.53,2.65
20190221,2.66,2.675,2.454,2.5
20190222,2.52,2.6,2.48,2.56
20190225,2.52,2.6,2.52,2.56
20190226,2.57,2.57,2.38,2.39
20190227,2.39,2.41,2.195,2.21
20190228,2.42,2.44,2.19,2.39
20190301,2.43,2.55,2.41,2.48
20190304,2.49,2.6,2.48,2.56
20190305,2.59,2.59,2.44,2.49
20190306,2.5,2.57,2.41,2.45
20190307,2.47,2.47,2.365,2.37
20190308,2.3,2.35,2.205,2.25
20190311,2.26,2.31,2.25,2.3
20190312,2.31,2.42,2.29,2.4
20190313,2.42,2.44,2.36,2.37
20190314,2.37,2.44,2.34,2.36
20190315,2.36,2.55,2.35,2.55
20190318,2.55,2.6633,2.55,2.6
20190319,2.63,2.63,2.4601,2.52
20190320,2.51,2.625,2.46,2.57
20190321,2.56,2.56,2.435,2.47
20190322,2.45,2.45,2.29,2.3
20190325,2.3,2.33,2.21,2.28
20190326,2.29,2.42,2.29,2.36
20190327,2.36,2.39,2.2,2.29
20190328,2.26,2.34,2.23,2.32
20190329,2.33,2.4,2.27,2.34
20190401,2.36,2.51,2.36,2.39
20190402,2.39,2.44,2.31,2.36
20190403,2.38,2.43,2.33,2.36
20190404,2.37,2.4,2.31,2.39
20190405,2.39,2.54,2.37,2.52
20190408,2.54,2.56,2.48,2.53
20190409,2.5,2.52,2.45,2.46
20190410,2.49,2.57,2.49,2.54
20190411,2.52,2.57,2.4701,2.52
20190412,2.55,2.58,2.505,2.52
20190415,2.53,2.55,2.4,2.44
20190416,2.46,2.49,2.415,2.44
20190417,2.47,2.48,2.42,2.45
20190418,2.45,2.48,2.41,2.44
20190419,2.44,2.44,2.44,2.44
20190422,2.45,2.48,2.3549,2.43
20190423,2.39,2.53,2.39,2.49
20190424,2.48,2.54,2.39,2.51
20190425,2.5,2.5575,2.46,2.49
20190426,2.47,2.48,2.4,2.43
20190429,2.41,2.475,2.38,2.45
20190430,2.45,2.48,2.32,2.38
20190501,2.37,2.39,2.28,2.3
20190502,2.3,2.31,2.18,2.2
20190503,2.22,2.33,2.211,2.28
20190506,2.26,2.395,2.22,2.36
20190507,2.3,2.32,2.185,2.21
20190508,2.2,2.21,2.12,2.12
20190509,2.05,2.19,1.95,2.15
20190510,2.08,2.14,2.04,2.06
20190513,2.01,2.09,1.9,1.91
20190514,1.92,2.08,1.92,2.06
20190515,2.03,2.14,1.99,2.12
20190516,2.14,2.18,2.1,2.15
20190517,2.13,2.17,2.02,2.02
20190520,2.02,2.07,1.95,2.05
20190521,2.07,2.115,2.0,2.07
20190522,2.03,2.08,1.915,1.94
20190523,1.91,1.93,1.83,1.86
20190524,1.85,1.9,1.79,1.82
20190527,1.82,1.82,1.82,1.82
20190528,1.82,1.83,1.74,1.75
20190529,1.7,1.75,1.69,1.75
20190530,1.74,1.76,1.61,1.63
20190531,1.59,1.65,1.53,1.54
20190603,1.55,1.58,1.46,1.49
20190604,1.53,1.545,1.46,1.5
20190605,1.51,1.55,1.39,1.43
20190606,1.42,1.48,1.38,1.46
20190607,1.47,1.4872,1.43,1.46
20190610,1.46,1.59,1.46,1.52
20190611,1.54,1.5676,1.49,1.52
20190612,1.51,1.525,1.465,1.47
20190613,1.52,1.55,1.47,1.54
20190614,1.55,1.57,1.51,1.52
20190617,1.52,1.6,1.51,1.58
20190618,1.58,1.665,1.58,1.61
20190619,1.59,1.63,1.59,1.62
20190620,1.635,1.755,1.635,1.68
20190621,1.66,1.73,1.59,1.61
20190624,1.63,1.66,1.545,1.55
20190625,1.54,1.58,1.51,1.55
20190626,1.57,1.65,1.57,1.63
20190627,1.63,1.675,1.59,1.64
20190628,1.64,1.76,1.63,1.63
20190701,1.67,1.74,1.67,1.7
20190702,1.7,1.7,1.54,1.58
20190703,1.6,1.6025,1.54,1.57
20190704,1.57,1.57,1.57,1.57
20190705,1.56,1.615,1.54,1.59
20190708,1.58,1.66,1.57,1.63
20190709,1.62,1.69,1.6,1.68
20190710,1.7,1.77,1.67,1.74
20190711,1.76,1.8,1.725,1.75
20190712,1.75,1.83,1.75,1.8
20190715,1.81,1.86,1.73,1.82
20190716,1.8,1.84,1.66,1.71
20190717,1.7,1.745,1.65,1.7
20190718,1.68,1.705,1.56,1.59
20190719,1.58,1.61,1.51,1.52
20190722,1.54,1.61,1.48,1.61
20190723,1.6,1.6482,1.57,1.59
20190724,1.6,1.635,1.52,1.61
20190725,1.63,1.63,1.5,1.5
20190726,1.52,1.525,1.405,1.48
20190729,1.49,1.51,1.38,1.42
20190730,1.42,1.62,1.41,1.56
20190731,1.57,1.69,1.56,1.56
20190801,1.54,1.54,1.455,1.5
20190802,1.5,1.515,1.4102,1.46
20190805,1.46,1.49,1.37,1.37
20190806,1.37,1.42,1.31,1.39
20190807,1.33,1.4,1.25,1.39
20190808,1.55,1.66,1.495,1.6
20190809,1.6,1.73,1.59,1.71
20190812,1.7,1.76,1.64,1.74
20190813,1.71,1.86,1.71,1.85
20190814,1.76,1.8,1.61,1.71
20190815,1.69,1.71,1.63,1.68
20190816,1.69,1.79,1.67,1.77
20190819,1.8,1.95,1.8,1.92
20190820,1.89,1.9,1.81,1.85
20190821,1.88,1.92,1.865,1.9
20190822,1.9,1.935,1.85,1.86
20190823,1.8,1.83,1.67,1.7
20190826,1.73,1.76,1.67,1.68
20190827,1.7,1.7,1.6,1.64
20190828,1.66,1.71,1.61,1.63
20190829,1.68,1.75,1.67,1.71
20190830,1.74,1.75,1.65,1.66
20190902,1.66,1.66,1.66,1.66
20190903,1.63,1.63,1.55,1.57
20190904,1.6,1.62,1.54,1.59
20190905,1.63,1.7,1.6,1.69
20190906,1.69,1.73,1.63,1.64
20190909,1.67,1.74,1.67,1.74
20190910,1.75,1.8794,1.75,1.8
20190911,1.85,1.8608,1.75,1.84
20190912,1.76,1.94,1.69,1.86
20190913,1.9,1.91,1.82,1.9
20190916,2.06,2.08,1.96,1.99
20190917,2.0,2.01,1.85,1.85
20190918,1.83,1.9,1.78,1.81
20190919,1.83,1.905,1.79,1.9
20190920,1.9,2.0,1.87,1.89
20190923,1.86,1.98,1.85,1.97
20190924,2.01,2.05,1.95,2.03
20190925,2.02,2.1,1.99,2.08
20190926,2.08,2.16,2.065,2.15
20190927,2.12,2.18,2.005,2.09
20190930,2.06,2.09,1.975,2.01
20191001,2.04,2.1186,1.96,1.97
20191002,1.96,1.975,1.88,1.94
20191003,1.93,1.96,1.87,1.92
20191004,1.92,2.0,1.8801,1.99
20191007,1.99,2.095,1.95,2.0
20191008,1.96,2.16,1.92,2.12
20191009,2.14,2.1545,1.89,1.9
20191010,1.9,1.93,1.75,1.78
20191011,1.78,1.87,1.72,1.78
20191014,1.76,1.8,1.65,1.66
20191015,1.63,1.73,1.61,1.65
20191016,1.64,1.74,1.61,1.63
20191017,1.64,1.67,1.575,1.61
20191018,1.62,1.66,1.56,1.61
20191021,1.63,1.7,1.6,1.66
20191022,1.69,1.795,1.66,1.78
20191023,1.79,1.87,1.7603,1.83
20191024,1.87,1.87,1.64,1.73
20191025,1.72,1.79,1.7042,1.75
20191028,1.78,1.88,1.76,1.78
20191029,1.76,1.82,1.75,1.8
20191030,1.79,1.8,1.665,1.71
20191031,1.7,1.73,1.64,1.7
20191101,1.73,1.78,1.7,1.73
20191104,1.75,1.97,1.75,1.96
20191105,1.98,2.04,1.91,1.95
20191106,1.93,2.0,1.83,1.84
20191107,1.77,1.815,1.62,1.67
20191108,1.66,1.66,1.53,1.54
20191111,1.56,1.58,1.45,1.46
20191112,1.45,1.52,1.42,1.45
20191113,1.44,1.46,1.38,1.38
20191114,1.37,1.43,1.33,1.33
20191115,1.35,1.35,1.26,1.27
20191118,1.26,1.2796,1.14,1.23
20191119,1.21,1.23,1.19,1.19
20191120,1.16,1.245,1.11,1.17
20191121,1.18,1.25,1.16,1.19
20191122,1.2,1.25,1.17,1.21
20191125,1.21,1.34,1.21,1.31
20191126,1.34,1.39,1.22,1.22
20191127,1.24,1.26,1.21,1.22
20191128,1.22,1.22,1.22,1.22
20191129,1.23,1.2333,1.17,1.23
20191202,1.25,1.28,1.18,1.21
20191203,1.2,1.24,1.17,1.21
20191204,1.21,1.34,1.21,1.28
20191205,1.28,1.31,1.25,1.29
20191206,1.24,1.32,1.24,1.27
20191209,1.27,1.3,1.23,1.26
20191210,1.22,1.28,1.195,1.23
20191211,1.23,1.28,1.22,1.28
20191212,1.26,1.37,1.26,1.31
20191213,1.33,1.37,1.28,1.37
20191216,1.37,1.5997,1.37,1.42
20191217,1.42,1.66,1.42,1.63
20191218,1.65,1.74,1.62,1.7
20191219,1.69,1.83,1.662,1.8
20191220,1.8,1.98,1.77,1.92
20191223,1.94,2.05,1.875,2.04
20191224,2.05,2.06,1.97,2.05
20191225,2.05,2.05,2.05,2.05
20191226,2.05,2.13,1.965,1.98
20191227,1.96,2.04,1.87,1.89
20191230,1.88,2.04,1.84,2.0
20191231,1.99,2.02,1.94,1.96
20200101,1.96,1.96,1.96,1.96
20200102,1.98,2.04,1.925,2.02
20200103,2.04,2.06,1.96,2.0
20200106,2.02,2.065,1.93,2.03
20200107,2.0,2.03,1.9,1.99
20200108,2.0,2.0,1.7801,1.8
20200109,1.84,1.86,1.65,1.73
20200110,1.7,1.72,1.56,1.57
20200113,1.55,1.58,1.47,1.54
20200114,1.51,1.55,1.48,1.5
20200115,1.48,1.52,1.43,1.44
20200116,1.42,1.615,1.41,1.6
20200117,1.62,1.645,1.57,1.62
20200120,1.62,1.62,1.62,1.62
20200121,1.55,1.635,1.525,1.55
20200122,1.56,1.59,1.5,1.57
20200123,1.55,1.61,1.5,1.58
20200124,1.59,1.59,1.46,1.53
20200127,1.43,1.56,1.43,1.52
20200128,1.53,1.55,1.49,1.53
20200129,1.53,1.6,1.51,1.55
20200130,1.5,1.57,1.5,1.55
20200131,1.53,1.59,1.505,1.53
20200203,1.53,1.54,1.44,1.45
20200204,1.45,1.51,1.37,1.38
20200205,1.37,1.48,1.37,1.47
20200206,1.49,1.49,1.44,1.45
20200207,1.45,1.48,1.44,1.47
20200210,1.45,1.55,1.42,1.51
20200211,1.54,1.55,1.48,1.49
20200212,1.53,1.5501,1.5,1.52
20200213,1.51,1.57,1.46,1.46
20200214,1.49,1.54,1.38,1.38
20200217,1.38,1.38,1.38,1.38
20200218,1.39,1.3980000000000001,1.28,1.3
20200219,1.32,1.41,1.32,1.36
20200220,1.37,1.47,1.37,1.42
20200221,1.43,1.45,1.37,1.41
20200224,1.33,1.35,1.27,1.34
20200225,1.42,1.62,1.29,1.33
20200226,1.35,1.46,1.32,1.43
20200227,1.48,1.48,1.29,1.39
20200228,1.36,1.44,1.24,1.26
20200302,1.27,1.27,1.19,1.2
20200303,1.2,1.24,1.07,1.08
20200304,1.06,1.09,1.03,1.06
20200305,1.04,1.06,1.01,1.03
20200306,1.01,1.03,0.915,1.01
20200309,0.8,0.86,0.5151,0.5457
20200310,0.6101,0.647,0.4931,0.508
20200311,0.5334,0.54,0.4499,0.4529
20200312,0.4,0.46,0.3583,0.37
20200313,0.3801,0.4454,0.37,0.42
20200316,0.4167,0.45,0.33,0.3301
20200317,0.34,0.4418,0.3304,0.4
20200318,0.40299999999999997,0.4031,0.35,0.3711
20200319,0.3847,0.42,0.38,0.4042
20200320,0.5687,0.5687,0.36,0.3701
20200323,0.3886,0.4064,0.31,0.3351
20200324,0.34,0.3779,0.2832,0.29
20200325,0.3883,0.3883,0.3,0.3573
20200326,0.3589,0.4299,0.3429,0.4
20200327,0.402,0.4267,0.3551,0.3552
20200330,0.3729,0.3996,0.322,0.3382
20200331,0.3337,0.3394,0.31,0.32
20200401,0.31,0.3149,0.2603,0.2603
20200402,0.3499,0.3499,0.2571,0.2571
20200403,0.2923,0.2949,0.255,0.2627
20200406,0.3,0.3,0.261,0.2767
20200407,0.3,0.3,0.25,0.25
20200408,0.27,0.27,0.24,0.26
20200409,0.2944,0.3,0.273,0.2815
20200413,0.3,0.3,0.2525,0.26
20200414,0.27,0.27899999999999997,0.26,0.2601
20200415,0.2698,0.2698,0.231,0.2346
20200416,0.2589,0.2589,0.22,0.2201
20200417,0.249,0.2627,0.249,0.25
20200420,0.249,0.2599,0.2226,0.2255
20200421,0.233,0.2398,0.23,0.2394
20200422,0.24,0.2402,0.2201,0.2348
20200423,0.25,0.2952,0.2436,0.29
20200424,0.35,0.355,0.28,0.3001
20200427,0.28,0.29,0.245,0.26
20200428,0.273,0.3168,0.262,0.3082
20200429,0.33,0.33,0.3,0.327
20200430,0.39,0.62,0.35,0.4863
20200501,0.55,0.56,0.43,0.46
20200504,0.4,0.48,0.39,0.4129
20200505,0.56,0.65,0.5,0.5451
20200506,0.5591,0.5591,0.451,0.4719
20200507,0.515,0.515,0.45,0.4782
20200508,0.48,0.48,0.4301,0.46
20200511,0.525,0.57,0.504,0.5255
20200512,0.53,0.5329999999999999,0.47,0.4701
20200513,0.46,0.47,0.4,0.4272
20200514,0.3901,0.46,0.3801,0.4057
20200515,0.41,0.4247,0.4001,0.4121
20200518,0.44,0.45,0.40399999999999997,0.45
20200519,0.4188,0.44,0.4035,0.418
20200520,0.4,0.418,0.395,0.41
20200521,0.395,0.402,0.38,0.391
20200522,0.38,0.3851,0.36,0.3616
20200526,0.38,0.381,0.37,0.3766
20200527,0.38,0.38799999999999996,0.3604,0.3799
20200528,0.389,0.389,0.36,0.371
20200529,0.3699,0.371,0.33,0.33
20200601,0.3354,0.3591,0.33,0.3582
20200602,0.365,0.365,0.332,0.3389
20200603,0.35,0.3581,0.331,0.3563
20200604,0.3646,0.4199,0.3564,0.3959
20200605,0.4448,0.5644,0.425,0.5458
20200608,0.68,0.7783,0.6,0.7681
20200609,0.6993,0.72,0.63,0.6511
20200610,0.6,0.6698,0.45299999999999996,0.5664
