x_testPred, y_predArr
0, 7.844959735870361
1, 7.6926445960998535
2, 8.429944038391113
3, 8.824223518371582
4, 8.479816436767578
5, 7.797746658325195
6, 8.021217346191406
7, 8.627293586730957
8, 8.290692329406738
9, 7.927377700805664
10, 7.810073375701904
11, 7.859936237335205
12, 8.161284446716309
13, 7.760065078735352
14, 8.012458801269531
15, 8.262146949768066
16, 8.546015739440918
17, 8.384703636169434
18, 8.44078540802002
19, 8.72527027130127
20, 8.520951271057129
21, 8.069743156433105
22, 8.13918685913086
23, 8.102188110351562
24, 7.8419270515441895
25, 7.773647308349609
26, 7.53294563293457
27, 7.420131206512451
28, 7.470000743865967
29, 7.487649917602539
30, 7.391590595245361
31, 6.831395626068115
32, 6.579370498657227
33, 6.912512302398682
34, 6.963870048522949
35, 6.957763671875
36, 7.154542446136475
37, 7.55597448348999
38, 7.637678146362305
39, 7.837671756744385
40, 7.658437252044678
41, 7.465489387512207
42, 7.658477306365967
43, 7.916309356689453
44, 7.462762832641602
45, 6.990118026733398
46, 7.49056339263916
47, 7.735281944274902
48, 7.485415935516357
49, 7.4691009521484375
50, 7.565522193908691
51, 7.800626277923584
52, 8.019515037536621
53, 8.135778427124023
54, 8.364830017089844
55, 8.387378692626953
56, 8.480066299438477
57, 8.422633171081543
58, 8.672948837280273
59, 9.21800708770752
60, 9.084614753723145
61, 8.744515419006348
62, 8.545187950134277
63, 8.984028816223145
64, 9.284231185913086
65, 9.178311347961426
66, 9.114520072937012
67, 9.456584930419922
68, 10.134366035461426
69, 10.274636268615723
70, 9.999946594238281
71, 10.036005020141602
72, 10.607029914855957
73, 10.921598434448242
74, 10.995908737182617
75, 10.927794456481934
76, 10.913274765014648
77, 10.688444137573242
78, 11.128350257873535
79, 11.053659439086914
80, 10.515555381774902
81, 10.256292343139648
82, 10.382752418518066
83, 10.307937622070312
84, 10.183691024780273
85, 9.81829833984375
86, 9.448949813842773
87, 9.17931079864502
88, 9.635259628295898
89, 9.741551399230957
90, 9.499558448791504
91, 9.097308158874512
92, 8.717010498046875
93, 9.344493865966797
94, 9.528458595275879
95, 8.850372314453125
96, 8.462409019470215
97, 8.941070556640625
98, 9.426456451416016
99, 8.775506019592285
100, 8.225841522216797
101, 8.67946720123291
102, 9.006103515625
103, 8.90367603302002
104, 8.438570976257324
105, 8.487771987915039
106, 9.103960037231445
107, 9.035787582397461
108, 8.553906440734863
109, 8.837029457092285
110, 9.093911170959473
111, 9.195335388183594
112, 9.3652982711792
113, 9.49345588684082
114, 9.601200103759766
115, 9.591432571411133
116, 9.586109161376953
117, 9.7014741897583
118, 9.801118850708008
119, 9.7966890335083
120, 9.654350280761719
121, 9.857020378112793
122, 10.051287651062012
123, 10.316131591796875
124, 10.271322250366211
125, 10.232650756835938
126, 10.152952194213867
127, 10.350959777832031
128, 10.253345489501953
129, 10.227370262145996
130, 10.353340148925781
131, 10.502117156982422
132, 10.586572647094727
133, 10.565912246704102
134, 10.722315788269043
135, 10.541914939880371
136, 10.439082145690918
137, 9.917235374450684
138, 10.087369918823242
139, 10.586663246154785
140, 10.772868156433105
141, 10.578934669494629
142, 10.444449424743652
143, 10.668221473693848
144, 10.875914573669434
145, 10.921464920043945
146, 10.787748336791992
147, 10.392109870910645
148, 9.95442008972168
149, 10.337145805358887
150, 10.881953239440918
151, 10.705379486083984
152, 10.00131607055664
153, 9.928223609924316
154, 9.98733901977539
155, 9.613760948181152
156, 9.759882926940918
157, 8.972799301147461
158, 8.678157806396484
159, 8.923673629760742
160, 9.500823974609375
161, 9.066790580749512
162, 8.333966255187988
163, 8.863164901733398
164, 9.248964309692383
165, 9.285585403442383
166, 9.012118339538574
167, 8.396268844604492
168, 8.384788513183594
169, 8.8449068069458
170, 9.295260429382324
171, 8.486796379089355
172, 8.215258598327637
173, 8.767457008361816
174, 9.301090240478516
175, 8.906204223632812
176, 8.405564308166504
177, 8.61085033416748
178, 8.76426887512207
179, 8.966504096984863
180, 8.806805610656738
181, 8.589010238647461
182, 8.470010757446289
183, 8.548601150512695
184, 8.785218238830566
185, 8.886045455932617
186, 9.337952613830566
187, 9.685637474060059
188, 9.66706371307373
189, 9.784595489501953
190, 9.534889221191406
191, 9.248137474060059
192, 9.453737258911133
193, 9.513666152954102
194, 9.512234687805176
195, 9.267207145690918
196, 8.637418746948242
197, 8.80483627319336
198, 8.55205249786377
199, 8.23328971862793
200, 8.206596374511719
201, 8.814574241638184
202, 8.926718711853027
203, 8.665122985839844
204, 8.450627326965332
205, 8.374541282653809
206, 8.647116661071777
207, 8.781012535095215
208, 8.47786808013916
209, 8.240878105163574
210, 8.274831771850586
211, 8.273329734802246
212, 8.318206787109375
213, 8.33010482788086
214, 8.385626792907715
215, 8.270262718200684
216, 8.110990524291992
217, 7.623837947845459
218, 7.39999532699585
219, 7.506537437438965
220, 7.300011157989502
221, 7.399064540863037
222, 7.546936988830566
223, 7.632678031921387
224, 7.419491767883301
225, 6.979635238647461
226, 7.034266948699951
227, 7.438878059387207
228, 7.267078876495361
229, 6.935583591461182
230, 7.144893169403076
231, 7.49812650680542
232, 7.39815092086792
233, 7.0592265129089355
234, 6.795133113861084
235, 6.73932409286499
236, 7.262734413146973
237, 7.223544597625732
238, 6.97406005859375
239, 6.640731334686279
240, 6.584037780761719
241, 6.8389506340026855
242, 7.037637710571289
243, 7.160625457763672
244, 6.905544757843018
245, 6.832270622253418
246, 6.880425930023193
247, 6.680693626403809
248, 7.0350470542907715
249, 7.302077293395996
250, 7.258633136749268
251, 7.143494606018066
252, 6.745802402496338
253, 6.90047025680542
254, 7.14950704574585
255, 7.090282440185547
256, 6.916452407836914
257, 6.9583916664123535
258, 7.130312442779541
259, 7.454471588134766
260, 7.607193470001221
261, 7.39381217956543
262, 7.23264741897583
263, 7.124994277954102
264, 7.151957035064697
265, 7.268749237060547
266, 7.359813213348389
267, 7.592240810394287
268, 7.717214107513428
269, 7.875904560089111
270, 7.912176609039307
271, 7.928714752197266
272, 7.8985209465026855
273, 7.753454685211182
274, 7.594329833984375
275, 7.815288066864014
276, 7.822948932647705
277, 7.959725379943848
278, 8.018336296081543
279, 7.952054500579834
280, 8.231769561767578
281, 8.355140686035156
282, 8.343420028686523
283, 8.24960708618164
284, 8.235579490661621
285, 8.332223892211914
286, 8.624465942382812
287, 8.791061401367188
288, 8.610313415527344
289, 8.18283462524414
290, 7.884841442108154
291, 7.801095962524414
292, 7.7375030517578125
293, 7.738762378692627
294, 7.755173683166504
295, 7.511044502258301
296, 7.349796295166016
297, 7.545661926269531
298, 7.6598896980285645
299, 7.523819446563721
300, 7.28646183013916
301, 7.269891738891602
302, 7.698365688323975
303, 7.818157196044922
304, 7.576114654541016
305, 7.590338230133057
306, 7.860443115234375
307, 8.39995288848877
308, 8.484009742736816
309, 8.18309497833252
310, 7.948181629180908
311, 8.14463996887207
312, 8.5010404586792
313, 8.474324226379395
314, 8.154740333557129
315, 8.067682266235352
316, 8.308256149291992
317, 8.459335327148438
318, 8.437810897827148
319, 8.422110557556152
320, 8.307941436767578
321, 8.231063842773438
322, 8.080585479736328
323, 7.9804863929748535
324, 8.116131782531738
325, 8.393345832824707
326, 8.639115333557129
327, 8.526317596435547
328, 8.440427780151367
329, 8.410310745239258
330, 8.689931869506836
331, 8.939153671264648
332, 9.026989936828613
333, 9.380895614624023
334, 9.402667045593262
335, 9.723631858825684
336, 10.072493553161621
337, 9.787857055664062
338, 9.787426948547363
339, 9.778207778930664
340, 10.028735160827637
341, 10.285005569458008
342, 10.401443481445312
343, 10.673246383666992
344, 10.501507759094238
345, 10.679581642150879
346, 10.829349517822266
347, 10.749434471130371
348, 10.68659782409668
349, 10.887585639953613
350, 11.204706192016602
351, 11.396146774291992
352, 11.170549392700195
353, 11.000334739685059
354, 11.198736190795898
355, 11.538479804992676
356, 11.601008415222168
357, 11.49543571472168
358, 11.638032913208008
359, 11.530709266662598
360, 10.934001922607422
361, 10.52518367767334
362, 10.82606315612793
363, 11.35125732421875
364, 11.154107093811035
365, 10.897697448730469
366, 10.990839004516602
367, 11.431448936462402
368, 11.583972930908203
369, 11.08604621887207
370, 10.726737976074219
371, 10.166424751281738
372, 10.052288055419922
373, 10.633506774902344
374, 10.564038276672363
375, 10.36185073852539
376, 10.166675567626953
377, 10.171585083007812
378, 10.214679718017578
379, 10.434982299804688
380, 10.381906509399414
381, 10.674422264099121
382, 11.170086860656738
383, 11.378120422363281
384, 11.39181900024414
385, 11.509510040283203
386, 11.324968338012695
387, 11.419672966003418
388, 11.574668884277344
389, 11.394628524780273
390, 11.091361045837402
391, 11.110944747924805
392, 11.09444808959961
393, 11.223509788513184
394, 11.00174617767334
395, 10.528794288635254
396, 10.455205917358398
397, 10.762852668762207
398, 10.803071975708008
399, 10.411558151245117
400, 10.521317481994629
401, 11.234823226928711
402, 11.490842819213867
403, 11.441304206848145
404, 11.664371490478516
405, 11.411127090454102
406, 10.916391372680664
407, 10.938638687133789
408, 11.148656845092773
409, 10.971938133239746
410, 10.731350898742676
411, 10.713969230651855
412, 10.439793586730957
413, 10.26614761352539
414, 10.526040077209473
415, 10.258286476135254
416, 10.42189884185791
417, 10.475556373596191
418, 10.484391212463379
419, 10.160889625549316
420, 10.46119213104248
421, 10.481941223144531
422, 9.996933937072754
423, 9.532258987426758
424, 9.359431266784668
425, 9.427515983581543
426, 9.68209457397461
427, 9.970427513122559
428, 9.986001968383789
429, 9.543843269348145
430, 9.30864143371582
431, 9.222853660583496
432, 8.97115707397461
433, 8.606487274169922
434, 8.449610710144043
435, 8.50788688659668
436, 8.45569896697998
437, 8.351785659790039
438, 8.184584617614746
439, 7.907575607299805
440, 7.899580478668213
441, 7.765267372131348
442, 7.793731212615967
443, 7.9241228103637695
444, 7.982519626617432
445, 7.771490097045898
446, 7.0825629234313965
447, 7.326458930969238
448, 7.597743511199951
449, 7.6371355056762695
450, 7.489341735839844
451, 7.558718681335449
452, 7.705323696136475
453, 7.622559070587158
454, 7.662729263305664
455, 7.619415283203125
456, 7.647708415985107
457, 7.6572794914245605
458, 7.59589958190918
459, 7.431521415710449
460, 7.479346752166748
461, 7.435924530029297
462, 7.530462265014648
463, 7.5536603927612305
464, 7.706981182098389
465, 7.957894325256348
466, 7.730712413787842
467, 7.419978618621826
468, 6.9895100593566895
469, 7.154506206512451
470, 7.470190525054932
471, 7.287624835968018
472, 6.759158611297607
473, 6.57199764251709
474, 6.483567714691162
475, 6.322357654571533
476, 5.9727783203125
477, 5.951651573181152
478, 5.8936076164245605
479, 6.534257888793945
480, 6.366340637207031
481, 5.950240612030029
482, 5.699688911437988
483, 5.721685409545898
484, 5.812897682189941
485, 5.7383646965026855
486, 5.463971138000488
487, 5.415185928344727
488, 5.357563495635986
489, 5.602641582489014
490, 6.020280361175537
491, 6.0514678955078125
492, 5.917102813720703
493, 5.963364601135254
494, 5.852123737335205
495, 5.467108726501465
496, 5.566396236419678
497, 5.795439720153809
498, 6.107616424560547
499, 6.373547554016113
500, 6.60814905166626
501, 6.638589859008789
502, 7.027056694030762
503, 7.058495044708252
504, 6.797050952911377
505, 6.4138617515563965
506, 6.273201942443848
507, 6.192281723022461
508, 6.471584796905518
509, 6.740275859832764
510, 6.564554691314697
511, 6.346471786499023
512, 6.00395393371582
513, 5.769427299499512
514, 5.3558149337768555
515, 4.761118412017822
516, 4.711970806121826
517, 5.040081024169922
518, 5.240320682525635
519, 5.507544994354248
520, 5.523380279541016
521, 5.273883819580078
522, 5.201730728149414
523, 5.556436061859131
524, 5.698225498199463
525, 5.563867092132568
526, 5.751409530639648
527, 5.645984172821045
528, 5.763387203216553
529, 5.875428199768066
530, 5.900403022766113
531, 5.811830997467041
532, 5.8622941970825195
533, 5.850752353668213
534, 5.8859663009643555
535, 5.860512733459473
536, 5.664785385131836
537, 5.532504081726074
538, 5.642920017242432
539, 5.96602201461792
540, 6.075249671936035
541, 5.868807315826416
542, 5.5367889404296875
543, 5.442808628082275
544, 5.5693039894104
545, 5.505280017852783
546, 5.497863292694092
547, 6.387396812438965
548, 6.305278301239014
549, 6.231687545776367
550, 6.186617851257324
551, 5.974667549133301
552, 5.565641403198242
553, 5.631186008453369
554, 5.776663780212402
555, 6.0047101974487305
556, 6.146985054016113
557, 5.861534595489502
558, 5.650059223175049
559, 5.818968296051025
560, 5.918859481811523
561, 5.997097015380859
562, 5.736481189727783
563, 5.6990838050842285
564, 5.82336950302124
565, 5.783286094665527
566, 5.643123149871826
567, 5.731927394866943
568, 5.901444435119629
569, 5.827866077423096
570, 5.951230525970459
571, 5.842259407043457
572, 6.438722610473633
573, 6.619542121887207
574, 6.4575066566467285
575, 6.179191589355469
576, 6.259788990020752
577, 6.539698600769043
578, 6.830740451812744
579, 6.973574638366699
580, 7.148783206939697
581, 7.232329845428467
582, 7.353497505187988
583, 7.388655185699463
584, 7.421505928039551
585, 7.524659633636475
586, 7.381462097167969
587, 7.235299587249756
588, 7.54156494140625
589, 7.7952680587768555
590, 7.914003372192383
591, 7.950558185577393
592, 7.903512954711914
593, 7.794131755828857
594, 7.588793754577637
595, 7.528576850891113
596, 7.661682605743408
597, 7.8426899909973145
598, 7.909855365753174
599, 7.953660488128662
600, 7.920899868011475
601, 7.891543388366699
602, 8.035348892211914
603, 8.169144630432129
604, 7.997016906738281
605, 7.732106685638428
606, 7.693188667297363
607, 8.177813529968262
608, 8.517433166503906
609, 8.565278053283691
610, 8.388082504272461
611, 8.144617080688477
612, 8.000565528869629
613, 7.996178150177002
614, 8.316335678100586
615, 8.777313232421875
616, 8.85654354095459
617, 8.4264497756958
618, 8.496127128601074
619, 8.67540454864502
620, 8.368745803833008
621, 8.151582717895508
622, 8.124323844909668
623, 8.14390754699707
624, 8.293707847595215
625, 8.345415115356445
626, 8.588397979736328
627, 8.67190933227539
628, 8.754758834838867
629, 8.722406387329102
630, 8.449841499328613
631, 8.341111183166504
632, 8.523245811462402
633, 8.498520851135254
634, 8.402504920959473
635, 8.201685905456543
636, 8.237152099609375
637, 8.308161735534668
638, 8.271227836608887
639, 8.054666519165039
640, 7.939735412597656
641, 7.956060409545898
642, 7.823642730712891
643, 7.567218780517578
644, 7.128538608551025
645, 6.9462690353393555
646, 7.035778999328613
647, 7.080838680267334
648, 6.988752841949463
649, 6.935812950134277
650, 6.9653754234313965
651, 6.917852401733398
652, 6.880328178405762
653, 6.66952657699585
654, 6.595674991607666
655, 6.497994422912598
656, 6.420050144195557
657, 6.524177551269531
658, 6.502384662628174
659, 6.47741174697876
660, 6.568682670593262
661, 6.681098937988281
662, 6.4915289878845215
663, 6.444298267364502
664, 6.373727321624756
665, 6.114035129547119
666, 6.173961639404297
667, 6.2515058517456055
668, 6.237143039703369
669, 6.139150619506836
670, 6.034788131713867
671, 6.083040714263916
672, 5.971705436706543
673, 5.782952308654785
674, 5.797986030578613
675, 5.7179274559021
676, 5.75290584564209
677, 5.814060688018799
678, 5.941577911376953
679, 5.918957710266113
680, 5.883169174194336
681, 5.871376037597656
682, 5.652101039886475
683, 5.532049179077148
684, 5.564526557922363
685, 5.690663814544678
686, 5.753711223602295
687, 5.970826148986816
688, 5.919532299041748
689, 5.921300411224365
690, 5.854803085327148
691, 5.669098377227783
692, 5.661332130432129
693, 5.858096122741699
694, 6.003693580627441
695, 6.016968727111816
696, 5.9202375411987305
697, 5.908798694610596
698, 5.789888381958008
699, 5.627628803253174
700, 5.62601375579834
701, 5.908578395843506
702, 6.287319183349609
703, 6.3245038986206055
704, 6.391341209411621
705, 6.375480651855469
706, 6.4203948974609375
707, 6.331883430480957
708, 6.029827117919922
709, 5.993664264678955
710, 6.035721302032471
711, 6.075191974639893
712, 6.004971027374268
713, 5.877527236938477
714, 5.9568071365356445
715, 5.885723114013672
716, 5.8699116706848145
717, 5.857752799987793
718, 5.835428714752197
719, 5.819355487823486
720, 5.815291404724121
721, 6.020624160766602
722, 6.138484477996826
723, 6.256044864654541
724, 6.188660144805908
725, 6.097917556762695
726, 6.202661037445068
727, 6.403918743133545
728, 6.588772773742676
729, 6.597799301147461
730, 6.558743000030518
731, 6.549284934997559
732, 6.506220817565918
733, 6.409045219421387
734, 6.369589328765869
735, 6.383588790893555
736, 6.358519077301025
737, 6.364067077636719
738, 6.394181728363037
739, 6.274722099304199
740, 6.276290416717529
741, 6.3661956787109375
742, 6.3215107917785645
743, 6.31067419052124
744, 6.300786018371582
745, 6.27255916595459
746, 6.218436241149902
747, 6.102229118347168
748, 6.120941638946533
749, 6.377981185913086
750, 6.436593055725098
751, 6.502499580383301
752, 6.397761821746826
753, 6.3765387535095215
754, 6.497149467468262
755, 6.57376766204834
756, 6.432800769805908
757, 6.395987510681152
758, 6.534605503082275
759, 6.518993854522705
760, 6.4331793785095215
761, 6.330243110656738
762, 6.08312463760376
763, 5.934824466705322
764, 6.155627250671387
765, 6.276671886444092
766, 6.0838847160339355
767, 5.9398674964904785
768, 5.8634467124938965
769, 5.970004081726074
770, 6.090999603271484
771, 6.020878791809082
772, 5.854339122772217
773, 5.813017845153809
774, 5.852989196777344
775, 5.828588008880615
776, 5.753125190734863
777, 5.807522296905518
778, 5.852482795715332
779, 5.776548385620117
780, 5.633667945861816
781, 5.542239189147949
782, 5.54788875579834
783, 5.372336387634277
784, 5.5435051918029785
785, 5.454854488372803
786, 5.429007053375244
787, 5.784843444824219
788, 5.877702713012695
789, 5.86961555480957
790, 5.898885726928711
791, 5.7901930809021
792, 5.683274745941162
793, 5.633697032928467
794, 5.60807466506958
795, 5.7826738357543945
796, 5.722344398498535
797, 5.606686115264893
798, 5.613060474395752
799, 5.62733268737793
800, 5.6229705810546875
801, 5.690177917480469
802, 5.818805694580078
803, 5.850337982177734
804, 5.817835330963135
805, 5.827645778656006
806, 5.931926250457764
807, 6.112499237060547
808, 6.226518154144287
809, 6.219663619995117
810, 6.195667743682861
811, 6.302896022796631
812, 6.441125392913818
813, 6.769136428833008
814, 6.9068474769592285
815, 6.741033554077148
816, 6.674242973327637
817, 6.778066635131836
818, 6.602727890014648
819, 6.617836952209473
820, 6.737083911895752
821, 6.530628204345703
822, 6.353879928588867
823, 6.472635746002197
824, 6.493709564208984
825, 6.45844841003418
826, 6.3972392082214355
827, 6.557546138763428
828, 6.554937362670898
829, 6.679814338684082
830, 6.874146461486816
831, 7.09929084777832
832, 7.2289557456970215
833, 7.310199737548828
834, 7.359213829040527
835, 7.517128944396973
836, 7.737302780151367
837, 7.720180034637451
838, 7.7103590965271
839, 7.8034348487854
840, 7.861289978027344
841, 7.831822395324707
842, 7.784485340118408
843, 7.9103498458862305
844, 8.011818885803223
845, 7.922576427459717
846, 7.708278656005859
847, 7.759078025817871
848, 7.766995906829834
849, 7.773634433746338
850, 7.799991130828857
851, 7.893834590911865
852, 8.113444328308105
853, 7.893996238708496
854, 7.70507287979126
855, 7.991125106811523
856, 8.271697044372559
857, 8.04992389678955
858, 7.895296573638916
859, 7.860546588897705
860, 8.205903053283691
861, 8.175384521484375
862, 7.697614669799805
863, 7.686707496643066
864, 8.101459503173828
865, 8.456884384155273
866, 8.527770042419434
867, 8.4063138961792
868, 8.47559928894043
869, 8.762114524841309
870, 8.755851745605469
871, 8.553037643432617
872, 8.915593147277832
873, 9.313301086425781
874, 9.58397102355957
875, 9.498024940490723
876, 9.399674415588379
877, 9.422513008117676
878, 9.311614036560059
879, 9.52586841583252
880, 9.499794960021973
881, 9.310450553894043
882, 9.483649253845215
883, 9.89161491394043
884, 9.821041107177734
885, 9.73232364654541
886, 9.689910888671875
887, 9.670693397521973
888, 9.445516586303711
889, 9.388763427734375
890, 9.116464614868164
891, 9.19033145904541
892, 9.387885093688965
893, 9.510027885437012
894, 9.873274803161621
895, 10.207575798034668
896, 9.978046417236328
897, 9.754532814025879
898, 9.50039291381836
899, 9.556447982788086
900, 9.667652130126953
901, 9.618372917175293
902, 9.691681861877441
903, 9.570077896118164
904, 9.56776237487793
905, 9.767813682556152
906, 9.878287315368652
907, 9.648682594299316
908, 9.580796241760254
909, 9.687719345092773
910, 9.482077598571777
911, 9.561490058898926
912, 9.8676118850708
913, 10.148902893066406
914, 10.31168270111084
915, 10.325328826904297
916, 10.736431121826172
917, 10.960119247436523
918, 10.873024940490723
919, 10.868342399597168
920, 11.018471717834473
921, 11.435932159423828
922, 11.613094329833984
923, 11.072515487670898
924, 11.15729808807373
925, 11.45421028137207
926, 11.689168930053711
927, 11.711991310119629
928, 11.889385223388672
929, 12.22559928894043
930, 12.275196075439453
931, 11.927838325500488
932, 11.95836067199707
933, 12.214277267456055
934, 12.501952171325684
935, 12.965158462524414
936, 12.967558860778809
937, 12.949113845825195
938, 13.21124267578125
939, 12.972403526306152
940, 13.14946460723877
941, 13.211630821228027
942, 13.166261672973633
943, 13.36660385131836
944, 13.808499336242676
945, 13.716011047363281
946, 13.674911499023438
947, 13.438365936279297
948, 13.588876724243164
949, 14.0265474319458
950, 14.290184020996094
951, 13.866424560546875
952, 13.527448654174805
953, 14.15090274810791
954, 13.940707206726074
955, 13.726099014282227
956, 13.789042472839355
957, 13.490184783935547
958, 12.863607406616211
959, 12.739593505859375
960, 12.709872245788574
961, 13.080377578735352
962, 13.476790428161621
963, 13.41910457611084
964, 13.505617141723633
965, 13.956928253173828
966, 13.974233627319336
967, 13.540240287780762
968, 13.569988250732422
969, 13.764986038208008
970, 12.760053634643555
971, 12.575676918029785
972, 13.376444816589355
973, 13.468180656433105
974, 13.462287902832031
975, 13.989291191101074
976, 13.884778022766113
977, 13.877128601074219
978, 14.818158149719238
979, 14.226068496704102
980, 13.557705879211426
981, 13.930841445922852
982, 15.089217185974121
983, 14.687859535217285
984, 13.991487503051758
985, 14.391667366027832
986, 14.370298385620117
987, 13.926104545593262
988, 13.8599853515625
989, 13.881778717041016
990, 13.665438652038574
991, 13.80321979522705
992, 13.790451049804688
993, 13.959981918334961
994, 13.893587112426758
995, 13.845449447631836
996, 14.958150863647461
997, 15.61816692352295
998, 15.558453559875488
999, 15.501764297485352
1000, 16.211957931518555
1001, 16.3774471282959
1002, 15.862772941589355
1003, 16.42836570739746
1004, 16.88298797607422
1005, 16.163007736206055
1006, 16.5185489654541
1007, 17.423612594604492
1008, 17.377201080322266
1009, 16.996944427490234
1010, 17.40131378173828
1011, 17.7398624420166
1012, 17.01565933227539
1013, 17.114952087402344
1014, 17.714696884155273
1015, 17.613658905029297
1016, 17.14493179321289
1017, 17.78268051147461
1018, 18.458410263061523
1019, 18.178070068359375
1020, 17.51992416381836
1021, 17.603599548339844
1022, 18.08466339111328
1023, 17.763595581054688
1024, 17.128826141357422
1025, 17.848163604736328
1026, 16.51971435546875
1027, 15.905333518981934
1028, 17.32797622680664
1029, 16.684085845947266
1030, 15.926667213439941
1031, 17.64231300354004
1032, 17.4871883392334
1033, 16.29155731201172
1034, 16.750457763671875
1035, 18.097793579101562
1036, 17.984228134155273
1037, 17.399568557739258
1038, 18.270715713500977
1039, 18.38852310180664
1040, 18.05475425720215
1041, 18.064722061157227
1042, 18.312437057495117
1043, 18.501222610473633
1044, 18.350906372070312
1045, 18.697917938232422
1046, 19.098859786987305
1047, 19.017623901367188
1048, 19.210582733154297
1049, 19.961929321289062
1050, 19.9086971282959
1051, 19.409793853759766
1052, 19.627946853637695
1053, 20.124174118041992
1054, 19.815900802612305
1055, 20.04265785217285
1056, 21.24515724182129
1057, 21.59836769104004
1058, 21.227296829223633
1059, 21.769447326660156
1060, 22.651273727416992
1061, 22.04781723022461
1062, 21.440019607543945
1063, 22.234891891479492
1064, 22.832042694091797
1065, 22.513465881347656
1066, 22.1276798248291
1067, 22.477092742919922
1068, 23.09528350830078
1069, 22.65251922607422
1070, 22.019929885864258
1071, 22.00058364868164
1072, 22.753307342529297
1073, 22.046932220458984
1074, 20.977869033813477
1075, 21.763778686523438
1076, 22.71259117126465
1077, 21.791479110717773
1078, 21.35951042175293
1079, 22.33211898803711
1080, 22.281494140625
1081, 21.646209716796875
1082, 21.32475471496582
1083, 22.72049331665039
1084, 23.447660446166992
1085, 22.736068725585938
1086, 23.380786895751953
1087, 23.558401107788086
1088, 23.67266082763672
1089, 23.019742965698242
1090, 22.441194534301758
1091, 22.632247924804688
1092, 23.558992385864258
1093, 23.86904525756836
1094, 23.4960880279541
1095, 23.45583152770996
1096, 23.088605880737305
1097, 22.372825622558594
1098, 22.899770736694336
1099, 23.70039176940918
1100, 23.435365676879883
1101, 23.740047454833984
1102, 23.42595863342285
1103, 23.34367561340332
1104, 24.130399703979492
1105, 25.014968872070312
1106, 25.50617790222168
1107, 25.429014205932617
1108, 25.085906982421875
1109, 24.85246467590332
1110, 25.60599708557129
1111, 25.697397232055664
1112, 24.882822036743164
1113, 25.217029571533203
1114, 25.585681915283203
1115, 25.69211769104004
1116, 25.038005828857422
1117, 24.818042755126953
1118, 24.53437614440918
1119, 24.262226104736328
1120, 24.80339813232422
1121, 25.796844482421875
1122, 25.75687026977539
1123, 24.65304183959961
1124, 24.137462615966797
1125, 25.665681838989258
1126, 26.002399444580078
1127, 24.116865158081055
1128, 23.453474044799805
1129, 25.397632598876953
1130, 25.563072204589844
1131, 24.379364013671875
1132, 24.323789596557617
1133, 25.55128288269043
1134, 24.315187454223633
1135, 23.157705307006836
1136, 24.135257720947266
1137, 23.5390625
1138, 22.33640480041504
1139, 22.86927604675293
1140, 23.89657974243164
1141, 23.78731346130371
1142, 24.83548355102539
1143, 25.286439895629883
1144, 23.53047752380371
1145, 22.800748825073242
1146, 22.622922897338867
1147, 22.793630599975586
1148, 22.89140510559082
1149, 22.768428802490234
1150, 23.044586181640625
1151, 22.454978942871094
1152, 23.08306884765625
1153, 25.65582847595215
1154, 25.703325271606445
1155, 24.330007553100586
1156, 25.370718002319336
1157, 27.465930938720703
1158, 27.32076072692871
1159, 25.210845947265625
1160, 24.904634475708008
1161, 26.499109268188477
1162, 27.532180786132812
1163, 26.747488021850586
1164, 26.650224685668945
1165, 27.399858474731445
1166, 27.791568756103516
1167, 27.8679256439209
1168, 27.510372161865234
1169, 27.093122482299805
1170, 27.412250518798828
1171, 28.242382049560547
1172, 27.827205657958984
1173, 26.78583526611328
1174, 26.567794799804688
1175, 27.50889015197754
1176, 28.478355407714844
1177, 28.17981719970703
1178, 28.035438537597656
1179, 29.20720672607422
1180, 29.583908081054688
1181, 28.9163875579834
1182, 29.025619506835938
1183, 29.481691360473633
1184, 29.623798370361328
1185, 30.018112182617188
1186, 29.69512367248535
1187, 29.474441528320312
1188, 29.8544979095459
1189, 30.948532104492188
1190, 31.564212799072266
1191, 31.439714431762695
1192, 31.021913528442383
1193, 31.483858108520508
1194, 32.51732635498047
1195, 32.81648635864258
1196, 32.37025833129883
1197, 32.115684509277344
1198, 32.48395538330078
1199, 32.56352996826172
1200, 31.974130630493164
1201, 32.018310546875
1202, 32.26616287231445
1203, 32.60942077636719
1204, 33.08148193359375
1205, 33.2911262512207
1206, 33.49687576293945
1207, 32.59236526489258
1208, 31.98212242126465
1209, 32.28370666503906
1210, 33.06499099731445
1211, 32.94526290893555
1212, 32.610939025878906
1213, 32.732330322265625
1214, 33.356563568115234
1215, 32.89829635620117
1216, 32.673126220703125
1217, 32.91838073730469
1218, 33.48604202270508
1219, 33.921627044677734
1220, 33.5235595703125
1221, 32.72541427612305
1222, 32.02161407470703
1223, 32.33015060424805
1224, 32.46277618408203
1225, 31.588226318359375
1226, 31.03827667236328
1227, 30.557371139526367
1228, 30.72041893005371
1229, 31.18282127380371
1230, 31.01456642150879
1231, 31.32604217529297
1232, 31.41313362121582
1233, 30.56446075439453
1234, 30.481660842895508
1235, 31.29511833190918
1236, 32.72268295288086
1237, 33.14705276489258
1238, 32.36763000488281
1239, 32.06181716918945
1240, 32.61968994140625
1241, 33.690250396728516
1242, 33.79054260253906
1243, 32.95920181274414
1244, 32.36111068725586
1245, 33.031333923339844
1246, 33.29731369018555
1247, 31.78830337524414
1248, 31.118343353271484
1249, 31.688379287719727
1250, 32.83861541748047
1251, 33.08755874633789
1252, 32.13672637939453
1253, 31.99236488342285
1254, 32.4521598815918
1255, 32.647857666015625
1256, 31.625410079956055
1257, 31.589441299438477
1258, 31.989181518554688
1259, 32.68272399902344
1260, 32.857635498046875
1261, 32.17738342285156
1262, 31.854263305664062
1263, 32.31528854370117
1264, 33.6048698425293
1265, 33.96392822265625
1266, 34.47235870361328
1267, 33.81464385986328
1268, 32.669456481933594
1269, 33.22368621826172
1270, 33.38630294799805
1271, 31.760143280029297
1272, 31.2181453704834
1273, 31.85808753967285
1274, 31.20893669128418
1275, 29.509859085083008
1276, 28.367881774902344
1277, 28.356159210205078
1278, 28.520978927612305
1279, 28.938289642333984
1280, 29.220552444458008
1281, 30.061073303222656
1282, 31.464523315429688
1283, 31.686962127685547
1284, 31.822298049926758
1285, 31.463302612304688
1286, 32.14520263671875
1287, 32.89280700683594
1288, 32.87689971923828
1289, 32.80707550048828
1290, 32.860443115234375
1291, 33.125938415527344
1292, 33.207481384277344
1293, 32.79790115356445
1294, 32.669090270996094
1295, 32.92682647705078
1296, 33.32371520996094
1297, 33.25455856323242
1298, 32.76279067993164
1299, 32.24055862426758
1300, 31.271358489990234
1301, 31.57355499267578
1302, 33.16973114013672
1303, 33.475772857666016
1304, 33.524261474609375
1305, 34.04269790649414
1306, 34.671199798583984
1307, 34.458770751953125
1308, 35.14202117919922
1309, 35.826629638671875
1310, 35.36581039428711
1311, 35.40682601928711
1312, 34.860633850097656
1313, 35.13095474243164
1314, 36.56425476074219
1315, 35.78046798706055
1316, 34.28074264526367
1317, 34.068843841552734
1318, 34.99942398071289
1319, 35.57133483886719
1320, 34.19037628173828
1321, 31.82329559326172
1322, 31.671062469482422
1323, 33.30323791503906
1324, 34.6151237487793
1325, 34.507930755615234
1326, 33.36139678955078
1327, 32.654441833496094
1328, 33.81156921386719
1329, 35.16692352294922
1330, 35.072322845458984
1331, 34.57052230834961
1332, 33.70806121826172
1333, 33.04893112182617
1334, 32.20774841308594
1335, 32.25697326660156
1336, 32.70436096191406
1337, 31.831008911132812
1338, 31.426288604736328
1339, 31.079425811767578
1340, 30.609041213989258
1341, 29.37269401550293
1342, 28.706096649169922
1343, 29.051156997680664
1344, 29.74400520324707
1345, 30.55753517150879
1346, 30.37793731689453
1347, 29.98900604248047
1348, 29.32744598388672
1349, 28.91229820251465
1350, 29.263458251953125
1351, 29.934776306152344
1352, 29.31463050842285
1353, 28.805673599243164
1354, 28.850387573242188
1355, 29.43073272705078
1356, 29.509231567382812
1357, 29.438426971435547
1358, 30.514070510864258
1359, 30.408601760864258
1360, 31.212873458862305
1361, 31.460124969482422
1362, 31.61433219909668
1363, 31.550922393798828
1364, 31.112564086914062
1365, 31.083715438842773
1366, 30.710063934326172
1367, 30.2745304107666
1368, 29.805715560913086
1369, 29.6085205078125
1370, 30.10561180114746
1371, 30.2748966217041
1372, 29.301483154296875
1373, 28.9292049407959
1374, 28.536426544189453
1375, 28.013668060302734
1376, 27.8336238861084
1377, 27.387399673461914
1378, 27.09514808654785
1379, 27.60316276550293
1380, 28.6259765625
1381, 28.04375648498535
1382, 27.396608352661133
1383, 27.39225196838379
1384, 27.440616607666016
1385, 28.061254501342773
1386, 28.02356719970703
1387, 27.897634506225586
1388, 26.28919219970703
1389, 26.23551368713379
1390, 26.579195022583008
1391, 26.93863296508789
1392, 26.739336013793945
1393, 26.374109268188477
1394, 26.674840927124023
1395, 28.1776180267334
1396, 27.180131912231445
1397, 26.203405380249023
1398, 27.469053268432617
1399, 28.6169376373291
1400, 28.156036376953125
1401, 27.200286865234375
1402, 27.661746978759766
1403, 28.302793502807617
1404, 28.557506561279297
1405, 27.861963272094727
1406, 27.905296325683594
1407, 29.17799949645996
1408, 29.589506149291992
1409, 28.971576690673828
1410, 28.734241485595703
1411, 28.492679595947266
1412, 28.791486740112305
1413, 28.596864700317383
1414, 29.024560928344727
1415, 28.270051956176758
1416, 27.6055965423584
1417, 27.1549072265625
1418, 26.78316879272461
1419, 27.192893981933594
1420, 27.609588623046875
1421, 26.668928146362305
1422, 26.341135025024414
1423, 26.13287353515625
1424, 26.680831909179688
1425, 27.349390029907227
1426, 26.55194854736328
1427, 26.004901885986328
1428, 26.500492095947266
1429, 27.2432804107666
1430, 27.400487899780273
1431, 27.880712509155273
1432, 27.978431701660156
1433, 27.616230010986328
1434, 27.960845947265625
1435, 27.448152542114258
1436, 26.35300636291504
1437, 26.025678634643555
1438, 25.686870574951172
1439, 25.37032127380371
1440, 25.186447143554688
1441, 25.088350296020508
1442, 24.78042221069336
1443, 24.46097755432129
1444, 23.934734344482422
1445, 23.79688262939453
1446, 23.97315788269043
1447, 23.985918045043945
1448, 23.556642532348633
1449, 23.4771785736084
1450, 23.377689361572266
1451, 23.07645034790039
1452, 21.608488082885742
1453, 19.399614334106445
1454, 18.83400535583496
1455, 18.71383285522461
1456, 18.58269500732422
1457, 18.5073299407959
1458, 18.038707733154297
1459, 18.19736671447754
1460, 18.42982292175293
1461, 18.308948516845703
1462, 18.54955291748047
1463, 19.18449592590332
1464, 19.57599449157715
1465, 19.037559509277344
1466, 19.226016998291016
1467, 19.676542282104492
1468, 18.96882438659668
1469, 18.847171783447266
1470, 18.50755500793457
1471, 18.73794937133789
1472, 18.355464935302734
1473, 17.993148803710938
1474, 19.134254455566406
1475, 19.743385314941406
1476, 20.013328552246094
1477, 18.915185928344727
1478, 18.618854522705078
1479, 18.423200607299805
1480, 18.21375274658203
1481, 18.186246871948242
1482, 18.20984649658203
1483, 18.29665184020996
1484, 17.5209903717041
1485, 17.231964111328125
1486, 16.95068359375
1487, 16.271039962768555
1488, 16.5008544921875
1489, 16.366853713989258
1490, 15.909181594848633
1491, 15.092827796936035
1492, 14.474081993103027
1493, 14.580480575561523
1494, 14.68228816986084
1495, 14.796558380126953
1496, 15.834985733032227
1497, 15.850170135498047
1498, 15.83317756652832
1499, 15.684419631958008
1500, 15.92188835144043
1501, 16.370275497436523
1502, 16.92880630493164
1503, 17.316669464111328
1504, 16.703022003173828
1505, 16.94691276550293
1506, 16.725738525390625
1507, 16.370494842529297
1508, 16.252628326416016
1509, 16.307275772094727
1510, 15.844813346862793
1511, 15.269575119018555
1512, 15.267555236816406
1513, 14.999703407287598
1514, 14.744061470031738
1515, 15.349480628967285
1516, 15.009307861328125
1517, 14.484783172607422
1518, 14.66881275177002
1519, 14.843409538269043
1520, 14.7680082321167
1521, 15.623929023742676
1522, 17.018978118896484
1523, 17.782758712768555
1524, 18.116193771362305
1525, 18.18623161315918
1526, 17.65003776550293
1527, 17.351444244384766
1528, 17.766511917114258
1529, 18.086509704589844
1530, 18.01234245300293
1531, 17.965343475341797
1532, 18.469562530517578
1533, 16.537588119506836
1534, 15.917141914367676
1535, 16.432029724121094
1536, 17.060684204101562
1537, 16.983816146850586
1538, 16.81570816040039
1539, 16.31955337524414
1540, 15.48239517211914
1541, 16.371728897094727
1542, 17.625198364257812
1543, 18.492687225341797
1544, 18.05544662475586
1545, 16.960739135742188
1546, 16.691940307617188
1547, 15.843769073486328
1548, 15.475992202758789
1549, 15.302104949951172
1550, 15.312064170837402
1551, 15.084259033203125
1552, 14.996545791625977
1553, 15.096294403076172
1554, 15.364700317382812
1555, 16.168611526489258
1556, 15.849589347839355
1557, 15.266181945800781
1558, 15.217815399169922
1559, 15.365996360778809
1560, 15.624441146850586
1561, 15.989816665649414
1562, 16.124095916748047
1563, 15.56493854522705
1564, 15.552569389343262
1565, 15.697763442993164
1566, 15.04073715209961
1567, 14.601519584655762
1568, 13.983633995056152
1569, 13.926350593566895
1570, 14.269148826599121
1571, 14.42224407196045
1572, 14.69079875946045
1573, 14.247442245483398
1574, 13.9315185546875
1575, 14.233307838439941
1576, 15.106199264526367
1577, 14.782598495483398
1578, 14.204405784606934
1579, 13.955949783325195
1580, 13.49789047241211
1581, 13.719162940979004
1582, 13.932145118713379
1583, 13.893407821655273
1584, 14.054500579833984
1585, 14.106801986694336
1586, 13.440964698791504
1587, 13.312167167663574
1588, 13.35210132598877
1589, 12.959428787231445
1590, 12.84607219696045
1591, 11.8850736618042
1592, 11.177329063415527
1593, 11.05445384979248
1594, 10.982726097106934
1595, 10.704207420349121
1596, 11.017196655273438
1597, 10.740378379821777
1598, 10.181634902954102
1599, 10.389823913574219
1600, 10.598660469055176
1601, 10.489236831665039
1602, 11.110697746276855
1603, 10.818390846252441
1604, 10.303183555603027
1605, 10.264372825622559
1606, 10.672432899475098
1607, 10.660201072692871
1608, 10.254595756530762
1609, 10.31115436553955
1610, 10.105289459228516
1611, 9.960897445678711
1612, 10.061152458190918
1613, 10.517597198486328
1614, 11.059065818786621
1615, 11.347980499267578
1616, 11.34416389465332
1617, 11.21616268157959
1618, 10.71487808227539
1619, 10.82077693939209
1620, 10.927480697631836
1621, 10.976993560791016
1622, 11.028287887573242
1623, 11.016199111938477
1624, 11.379900932312012
1625, 11.673654556274414
1626, 11.824904441833496
1627, 11.650991439819336
1628, 11.172601699829102
1629, 11.034611701965332
1630, 10.912372589111328
1631, 11.019527435302734
1632, 11.013032913208008
1633, 10.885724067687988
1634, 10.97098445892334
1635, 11.080857276916504
1636, 11.174201965332031
1637, 11.362715721130371
1638, 11.346508026123047
1639, 10.894144058227539
1640, 10.81472110748291
1641, 10.63443660736084
1642, 10.622533798217773
1643, 10.672832489013672
1644, 10.501705169677734
1645, 10.887401580810547
1646, 10.931792259216309
1647, 10.841255187988281
1648, 10.867897987365723
1649, 10.803406715393066
1650, 10.700469970703125
1651, 10.611527442932129
1652, 10.645282745361328
1653, 11.138376235961914
1654, 11.145334243774414
1655, 11.043292999267578
1656, 11.041948318481445
1657, 10.679694175720215
1658, 10.692148208618164
1659, 10.851339340209961
1660, 10.967971801757812
1661, 10.967684745788574
1662, 11.306657791137695
1663, 11.446406364440918
1664, 11.82961368560791
1665, 11.528743743896484
1666, 11.098749160766602
1667, 10.50042724609375
1668, 9.961296081542969
1669, 10.01682186126709
1670, 10.3208646774292
1671, 10.521991729736328
1672, 10.635645866394043
1673, 10.572240829467773
1674, 10.036080360412598
1675, 9.827445983886719
1676, 9.926173210144043
1677, 10.104058265686035
1678, 10.470794677734375
1679, 10.528404235839844
1680, 10.858519554138184
1681, 11.284778594970703
1682, 11.663966178894043
1683, 11.900793075561523
1684, 12.107361793518066
1685, 12.381324768066406
1686, 12.457942008972168
1687, 12.717530250549316
1688, 13.074783325195312
1689, 13.065718650817871
1690, 12.964723587036133
1691, 12.922074317932129
1692, 12.452507019042969
1693, 12.34745979309082
1694, 12.178629875183105
1695, 12.247758865356445
1696, 12.2769136428833
1697, 12.026680946350098
1698, 11.856879234313965
1699, 12.364853858947754
1700, 12.704692840576172
1701, 12.951349258422852
1702, 13.022716522216797
1703, 13.298924446105957
1704, 13.117207527160645
1705, 12.956196784973145
1706, 13.465646743774414
1707, 13.469558715820312
1708, 13.212148666381836
1709, 12.640115737915039
1710, 12.203108787536621
1711, 12.126629829406738
1712, 12.605618476867676
1713, 12.984776496887207
1714, 13.122066497802734
1715, 13.373812675476074
1716, 13.541831016540527
1717, 13.660794258117676
1718, 13.484217643737793
1719, 13.304622650146484
1720, 13.371865272521973
1721, 13.75806713104248
1722, 13.675076484680176
1723, 13.77569580078125
1724, 13.982649803161621
1725, 14.495491981506348
1726, 14.433978080749512
1727, 14.20450496673584
1728, 14.165807723999023
1729, 14.009415626525879
1730, 13.725740432739258
1731, 13.730114936828613
1732, 14.120384216308594
1733, 14.56721019744873
1734, 14.814546585083008
1735, 14.962470054626465
1736, 14.74670124053955
1737, 14.879124641418457
1738, 15.30020809173584
1739, 15.728245735168457
1740, 15.66996955871582
1741, 15.718229293823242
1742, 16.09762191772461
1743, 16.38713264465332
1744, 16.324329376220703
1745, 16.199298858642578
1746, 15.790226936340332
1747, 16.25885772705078
1748, 16.838176727294922
1749, 17.05043601989746
1750, 16.816625595092773
1751, 16.68061637878418
1752, 16.7734432220459
1753, 16.581581115722656
1754, 16.685216903686523
1755, 16.731908798217773
1756, 17.09984016418457
1757, 17.14203643798828
1758, 17.373031616210938
1759, 17.152864456176758
1760, 16.81089973449707
1761, 17.323205947875977
1762, 17.589351654052734
1763, 17.305360794067383
1764, 17.236459732055664
1765, 17.25211524963379
1766, 17.024288177490234
1767, 17.32980728149414
1768, 17.586936950683594
1769, 17.913408279418945
1770, 17.74656105041504
1771, 17.9260196685791
1772, 17.916826248168945
1773, 17.619844436645508
1774, 17.436304092407227
1775, 17.697641372680664
1776, 17.843355178833008
1777, 17.54275131225586
1778, 17.258869171142578
1779, 16.814498901367188
1780, 16.71623420715332
1781, 17.00920867919922
1782, 17.394241333007812
1783, 17.421138763427734
1784, 17.209545135498047
1785, 16.882701873779297
1786, 16.94246482849121
1787, 17.004426956176758
1788, 17.261911392211914
1789, 17.51375389099121
1790, 17.61806869506836
1791, 17.67140007019043
1792, 17.60989761352539
1793, 17.513648986816406
1794, 17.167919158935547
1795, 16.78207015991211
1796, 16.692054748535156
1797, 16.98116111755371
1798, 17.604116439819336
1799, 17.571775436401367
1800, 17.343320846557617
1801, 17.182825088500977
1802, 17.737743377685547
1803, 18.117168426513672
1804, 18.270166397094727
1805, 18.38140869140625
1806, 19.036848068237305
1807, 19.567970275878906
1808, 19.852214813232422
1809, 19.757150650024414
1810, 19.891782760620117
1811, 20.08795166015625
1812, 20.024272918701172
1813, 19.927221298217773
1814, 20.14082908630371
1815, 19.516857147216797
1816, 19.228910446166992
1817, 18.692413330078125
1818, 19.22403335571289
1819, 20.607589721679688
1820, 20.8302001953125
1821, 20.3735408782959
1822, 20.21553611755371
1823, 20.59189224243164
1824, 20.801410675048828
1825, 20.992101669311523
1826, 20.599857330322266
1827, 20.650270462036133
1828, 21.06373405456543
1829, 21.8205509185791
1830, 22.91484832763672
1831, 23.112003326416016
1832, 23.136505126953125
1833, 22.956212997436523
1834, 22.747636795043945
1835, 22.280752182006836
1836, 22.47378158569336
1837, 22.147733688354492
1838, 21.853336334228516
1839, 21.860530853271484
1840, 22.393583297729492
1841, 22.785945892333984
1842, 22.35637855529785
1843, 21.683683395385742
1844, 21.757469177246094
1845, 22.306657791137695
1846, 22.717039108276367
1847, 22.21322250366211
1848, 21.917970657348633
1849, 22.48634910583496
1850, 23.684720993041992
1851, 23.886043548583984
1852, 23.418642044067383
1853, 23.793277740478516
1854, 24.308773040771484
1855, 24.698556900024414
1856, 24.79209327697754
1857, 24.578025817871094
1858, 24.66605567932129
1859, 24.849103927612305
1860, 24.330078125
1861, 23.874874114990234
1862, 24.49891471862793
1863, 24.77434730529785
1864, 24.116636276245117
1865, 23.11809539794922
1866, 22.981243133544922
1867, 23.2972469329834
1868, 24.078685760498047
1869, 24.176759719848633
1870, 23.93602180480957
1871, 23.599117279052734
1872, 23.715791702270508
1873, 24.42757797241211
1874, 24.691442489624023
1875, 25.36978530883789
1876, 25.159461975097656
1877, 25.424819946289062
1878, 26.26325035095215
1879, 26.33319664001465
1880, 25.1567440032959
1881, 24.802013397216797
1882, 25.708070755004883
1883, 26.23295783996582
1884, 25.211612701416016
1885, 25.305444717407227
1886, 26.278196334838867
1887, 27.078834533691406
1888, 26.68041229248047
1889, 25.26971435546875
1890, 26.012454986572266
1891, 28.264942169189453
1892, 29.030611038208008
1893, 28.73858642578125
1894, 28.38703155517578
1895, 28.0809268951416
1896, 28.86128044128418
1897, 29.07355308532715
1898, 28.323339462280273
1899, 28.17466163635254
1900, 28.118703842163086
1901, 28.087011337280273
1902, 28.51411247253418
1903, 28.0679931640625
1904, 27.49420928955078
1905, 27.135347366333008
1906, 27.301271438598633
1907, 27.051660537719727
1908, 26.96394157409668
1909, 27.592721939086914
1910, 28.61298370361328
1911, 28.291025161743164
1912, 26.619380950927734
1913, 25.95690155029297
1914, 27.446290969848633
1915, 28.880098342895508
1916, 27.954225540161133
1917, 27.296308517456055
1918, 27.665664672851562
1919, 28.69782257080078
1920, 28.528865814208984
1921, 27.74416732788086
1922, 27.641111373901367
1923, 28.932680130004883
1924, 29.530155181884766
1925, 28.888566970825195
1926, 28.808671951293945
1927, 29.005155563354492
1928, 28.9376220703125
1929, 27.681678771972656
1930, 28.00678253173828
1931, 28.632692337036133
1932, 28.817737579345703
1933, 28.69294548034668
1934, 28.99760627746582
1935, 29.740036010742188
1936, 30.62571907043457
1937, 31.21121597290039
1938, 30.427404403686523
1939, 30.431835174560547
1940, 31.363609313964844
1941, 31.749502182006836
1942, 32.12820816040039
1943, 32.9697151184082
1944, 32.72176742553711
1945, 30.859115600585938
1946, 31.587690353393555
1947, 32.00288391113281
1948, 31.253507614135742
1949, 31.464448928833008
1950, 30.84497833251953
1951, 30.30962371826172
1952, 30.7324275970459
1953, 32.35441589355469
1954, 32.82347106933594
1955, 32.42864990234375
1956, 31.613584518432617
1957, 31.324935913085938
1958, 32.55397033691406
1959, 32.377769470214844
1960, 30.522350311279297
1961, 30.41261100769043
1962, 31.674394607543945
1963, 30.602937698364258
1964, 29.722375869750977
1965, 30.00639533996582
1966, 31.36450958251953
1967, 31.300527572631836
1968, 31.009811401367188
1969, 31.802745819091797
1970, 32.380245208740234
1971, 32.23503875732422
1972, 30.975372314453125
1973, 31.761686325073242
1974, 32.53339385986328
1975, 32.05318832397461
1976, 30.302736282348633
1977, 29.981435775756836
1978, 30.93244171142578
1979, 29.90091896057129
1980, 28.21834945678711
1981, 29.072919845581055
1982, 30.075214385986328
1983, 28.716354370117188
1984, 28.32701301574707
1985, 29.24332046508789
1986, 28.507705688476562
1987, 27.75356674194336
1988, 28.10625648498535
1989, 30.437681198120117
1990, 31.136432647705078
1991, 30.093612670898438
1992, 31.353029251098633
1993, 32.15099334716797
1994, 31.6372127532959
1995, 29.887065887451172
1996, 30.229108810424805
1997, 31.177570343017578
1998, 31.001665115356445
1999, 30.990800857543945
2000, 30.870075225830078
2001, 29.957530975341797
2002, 30.47766876220703
2003, 32.026878356933594
2004, 31.943851470947266
2005, 31.827146530151367
2006, 33.231441497802734
2007, 34.340980529785156
2008, 34.13808822631836
2009, 33.98491668701172
2010, 35.048343658447266
2011, 35.82898712158203
2012, 35.557804107666016
2013, 35.181907653808594
2014, 34.990814208984375
2015, 35.36038589477539
2016, 35.992454528808594
2017, 35.601898193359375
2018, 36.22768783569336
2019, 36.99901580810547
2020, 35.869510650634766
2021, 36.87521743774414
2022, 38.816497802734375
2023, 39.83350372314453
2024, 39.80459976196289
2025, 40.218528747558594
2026, 39.660335540771484
2027, 39.43204116821289
2028, 40.56973648071289
2029, 42.0261116027832
2030, 41.427452087402344
2031, 41.446746826171875
2032, 40.78917694091797
2033, 40.322608947753906
2034, 40.973873138427734
2035, 41.98030090332031
2036, 43.129798889160156
2037, 41.31779098510742
2038, 40.50874328613281
2039, 42.460792541503906
2040, 43.76962661743164
2041, 42.20309066772461
2042, 40.84526062011719
2043, 41.37938690185547
2044, 42.32988739013672
2045, 43.045780181884766
2046, 43.485145568847656
2047, 45.032840728759766
2048, 45.097686767578125
2049, 43.3676643371582
2050, 43.37624740600586
2051, 45.226280212402344
2052, 45.588592529296875
2053, 44.71102523803711
2054, 45.08772277832031
2055, 46.4836311340332
2056, 47.05985641479492
2057, 46.358001708984375
2058, 45.77899169921875
2059, 47.43375778198242
2060, 49.216983795166016
2061, 48.389652252197266
2062, 47.6944580078125
2063, 48.34872055053711
2064, 49.91617965698242
2065, 47.015933990478516
2066, 42.55824279785156
2067, 40.67353439331055
2068, 40.837764739990234
2069, 42.993736267089844
2070, 42.61253356933594
2071, 44.04043197631836
2072, 45.33196258544922
2073, 41.3859748840332
2074, 40.49500274658203
2075, 43.99053955078125
2076, 42.967403411865234
2077, 41.639041900634766
2078, 45.17970275878906
2079, 49.532291412353516
2080, 48.03559112548828
2081, 43.90904235839844
2082, 43.66924285888672
2083, 44.18088150024414
2084, 44.10713577270508
2085, 41.89508056640625
2086, 42.77908706665039
2087, 46.82551193237305
2088, 47.0045166015625
2089, 45.93173599243164
2090, 46.34523010253906
2091, 47.065242767333984
2092, 42.69224548339844
2093, 42.25672149658203
2094, 44.993202209472656
2095, 45.12681579589844
2096, 43.611122131347656
2097, 44.806785583496094
2098, 45.24398422241211
2099, 44.08840560913086
2100, 42.84189224243164
2101, 41.486331939697266
2102, 42.8875732421875
2103, 44.71913528442383
2104, 44.07515335083008
2105, 41.84856033325195
2106, 42.27619171142578
2107, 44.94554138183594
2108, 44.65686798095703
2109, 41.87118148803711
2110, 40.51884841918945
2111, 44.066131591796875
2112, 44.78007888793945
2113, 43.204463958740234
2114, 41.94792938232422
2115, 43.440059661865234
2116, 44.81693649291992
2117, 45.545860290527344
2118, 44.49272918701172
2119, 44.7609748840332
2120, 46.5946159362793
2121, 46.66569519042969
2122, 46.521202087402344
2123, 48.41756057739258
2124, 50.778770446777344
2125, 51.43618392944336
2126, 50.697547912597656
2127, 49.1668815612793
2128, 51.07299041748047
2129, 54.145381927490234
2130, 53.723419189453125
2131, 53.51050567626953
2132, 55.79445266723633
2133, 58.7425422668457
2134, 60.15240478515625
2135, 57.42403030395508
2136, 57.74831771850586
2137, 61.04277801513672
2138, 61.125282287597656
2139, 57.88478088378906
2140, 58.07310104370117
2141, 59.802181243896484
2142, 59.7332649230957
2143, 56.78810501098633
2144, 54.87074279785156
2145, 53.46674728393555
2146, 53.97367858886719
2147, 52.96433639526367
2148, 50.91694259643555
2149, 51.91516876220703
2150, 53.18684768676758
2151, 51.07278823852539
2152, 50.727291107177734
2153, 49.55179214477539
2154, 49.656280517578125
2155, 51.98652648925781
2156, 54.871337890625
2157, 53.489620208740234
2158, 51.63546371459961
2159, 51.23441696166992
2160, 52.347190856933594
2161, 52.61093521118164
2162, 50.62023162841797
2163, 49.03565979003906
2164, 47.13733673095703
2165, 47.018646240234375
2166, 48.56150436401367
2167, 46.805965423583984
2168, 44.88419723510742
2169, 45.73925018310547
2170, 47.205055236816406
2171, 48.31195831298828
2172, 49.049251556396484
2173, 49.918701171875
2174, 50.43965148925781
2175, 51.8749885559082
2176, 52.72247314453125
2177, 53.404258728027344
2178, 54.501007080078125
2179, 54.95819091796875
2180, 54.32227325439453
2181, 54.433143615722656
2182, 56.1317138671875
2183, 57.446327209472656
2184, 57.24933624267578
2185, 57.767337799072266
2186, 60.01556396484375
2187, 61.61705017089844
2188, 62.623905181884766
2189, 60.58035659790039
2190, 58.995933532714844
2191, 59.79467010498047
2192, 60.70753479003906
2193, 60.41561508178711
2194, 60.45966720581055
2195, 61.50762939453125
2196, 60.17957305908203
2197, 58.90193557739258
2198, 59.03415298461914
2199, 59.34556198120117
2200, 57.11083221435547
2201, 55.06513595581055
2202, 55.483516693115234
2203, 57.22222137451172
2204, 57.81964111328125
2205, 56.9210205078125
2206, 53.762451171875
2207, 51.789649963378906
2208, 52.6866569519043
2209, 52.68491744995117
2210, 53.25413513183594
2211, 52.2360725402832
2212, 53.308937072753906
2213, 53.05364227294922
2214, 52.77703857421875
2215, 53.34779357910156
2216, 54.425384521484375
2217, 55.52952194213867
2218, 55.39158248901367
2219, 55.362205505371094
2220, 57.17503356933594
2221, 57.34109878540039
2222, 55.46966552734375
2223, 54.353702545166016
2224, 54.98640441894531
2225, 55.97805404663086
2226, 54.798583984375
2227, 51.23037338256836
2228, 50.5018424987793
2229, 53.62567901611328
2230, 55.182891845703125
2231, 52.81441879272461
2232, 49.72872543334961
2233, 48.990989685058594
2234, 51.91543197631836
2235, 52.641876220703125
2236, 51.52265548706055
2237, 51.880252838134766
2238, 52.47855758666992
2239, 51.884605407714844
2240, 50.2730712890625
2241, 49.62818145751953
2242, 49.28059005737305
2243, 48.966148376464844
2244, 47.66266632080078
2245, 45.97106170654297
2246, 47.31868362426758
2247, 50.32086944580078
2248, 51.13360595703125
2249, 50.32554244995117
2250, 49.442909240722656
2251, 49.76498794555664
2252, 50.37968444824219
2253, 50.5408935546875
2254, 50.643619537353516
2255, 50.04264450073242
2256, 49.36466979980469
2257, 47.553863525390625
2258, 44.29093933105469
2259, 43.583499908447266
2260, 42.718994140625
2261, 42.086570739746094
2262, 42.39481735229492
2263, 43.67664337158203
2264, 43.6642951965332
2265, 44.233848571777344
2266, 45.82323455810547
2267, 46.46807861328125
2268, 46.58562469482422
2269, 45.99285888671875
2270, 45.514705657958984
2271, 44.789920806884766
2272, 44.91447067260742
2273, 45.4521369934082
2274, 45.98812484741211
2275, 45.605499267578125
2276, 45.900840759277344
2277, 44.6784782409668
2278, 43.62586975097656
2279, 43.05276107788086
2280, 42.70796585083008
2281, 42.49471664428711
2282, 41.78228759765625
2283, 41.39143753051758
2284, 40.7836799621582
2285, 41.253562927246094
2286, 42.32313537597656
2287, 40.99650192260742
2288, 39.77326202392578
2289, 39.375213623046875
2290, 38.96711730957031
2291, 38.83195114135742
2292, 37.01795959472656
2293, 36.4711799621582
2294, 36.140201568603516
2295, 35.30183410644531
2296, 35.582794189453125
2297, 36.81840896606445
2298, 39.07822799682617
2299, 40.01605224609375
2300, 39.92717361450195
2301, 40.21717834472656
2302, 40.34103775024414
2303, 39.93051528930664
2304, 38.26253890991211
2305, 37.2333984375
2306, 38.12739944458008
2307, 37.783443450927734
2308, 38.30947494506836
2309, 38.442054748535156
2310, 35.61163330078125
2311, 35.802513122558594
2312, 36.10517501831055
2313, 36.64398193359375
2314, 36.24164962768555
2315, 36.8098030090332
2316, 37.37623596191406
2317, 37.199031829833984
2318, 38.633827209472656
2319, 39.087581634521484
2320, 36.73442459106445
2321, 36.90402603149414
2322, 34.71892166137695
2323, 35.002525329589844
2324, 36.362693786621094
2325, 36.19062805175781
2326, 33.965232849121094
2327, 32.71138381958008
2328, 32.84141540527344
2329, 31.987031936645508
2330, 31.56768798828125
2331, 31.990005493164062
2332, 31.16459846496582
2333, 30.55319595336914
2334, 30.405160903930664
2335, 31.458866119384766
2336, 32.26713180541992
2337, 32.386199951171875
2338, 33.54265594482422
2339, 32.739559173583984
2340, 33.6721076965332
2341, 34.462677001953125
2342, 34.47816848754883
2343, 35.81772232055664
2344, 36.09647750854492
2345, 36.04411315917969
2346, 35.67817306518555
2347, 34.49205780029297
2348, 33.8387565612793
2349, 33.87203598022461
2350, 36.11087417602539
2351, 35.87173080444336
2352, 36.52503967285156
2353, 38.32624435424805
2354, 38.188232421875
2355, 37.88525390625
2356, 37.492042541503906
2357, 37.430938720703125
2358, 38.50846481323242
2359, 39.89815139770508
2360, 39.974979400634766
2361, 40.68438720703125
2362, 41.45199203491211
2363, 38.90426254272461
2364, 38.021240234375
2365, 39.05880355834961
2366, 40.599632263183594
2367, 42.00105667114258
2368, 42.493980407714844
2369, 41.416343688964844
2370, 41.72312545776367
2371, 42.343505859375
2372, 41.85536575317383
2373, 42.73667526245117
2374, 42.73224639892578
2375, 42.31768035888672
2376, 40.895206451416016
2377, 41.131431579589844
2378, 41.500972747802734
2379, 40.97702407836914
2380, 39.752071380615234
2381, 37.668731689453125
2382, 37.73744583129883
2383, 38.880680084228516
2384, 39.16093826293945
2385, 38.92420959472656
2386, 38.82460403442383
2387, 38.60592269897461
2388, 39.745338439941406
2389, 39.848941802978516
2390, 39.90884017944336
2391, 40.98818588256836
2392, 43.52656173706055
2393, 42.407928466796875
2394, 41.356590270996094
2395, 40.74544906616211
2396, 39.097904205322266
2397, 39.432071685791016
2398, 41.76145553588867
2399, 42.798362731933594
2400, 43.61567687988281
2401, 42.911949157714844
2402, 41.49517822265625
2403, 41.38337707519531
2404, 42.36489486694336
2405, 42.055870056152344
2406, 42.434078216552734
2407, 43.427608489990234
2408, 42.73386764526367
2409, 41.78986740112305
2410, 42.0890998840332
2411, 42.0995979309082
2412, 42.694339752197266
2413, 43.31541442871094
2414, 42.774131774902344
2415, 42.718223571777344
2416, 41.850643157958984
2417, 41.1712760925293
2418, 41.45311737060547
2419, 41.89043045043945
2420, 41.107845306396484
2421, 41.52263259887695
2422, 41.81611251831055
2423, 41.4282112121582
2424, 39.90322494506836
2425, 38.85970687866211
2426, 38.49477005004883
2427, 38.395660400390625
2428, 38.15573501586914
2429, 38.126922607421875
2430, 37.53770065307617
2431, 36.080379486083984
2432, 34.58856201171875
2433, 34.55563735961914
2434, 35.0152702331543
2435, 35.087608337402344
2436, 35.291622161865234
2437, 35.39686584472656
2438, 34.12523651123047
2439, 34.27134704589844
2440, 33.85565948486328
2441, 33.31874084472656
2442, 33.50067901611328
2443, 34.62748336791992
2444, 34.25281524658203
2445, 34.483985900878906
2446, 35.00592803955078
2447, 35.316184997558594
2448, 33.72342300415039
2449, 32.638160705566406
2450, 32.527137756347656
2451, 32.12948989868164
2452, 32.99415588378906
2453, 34.63472366333008
2454, 34.97892761230469
2455, 35.0599479675293
2456, 33.81220245361328
2457, 33.37171173095703
2458, 35.16236877441406
2459, 38.54460525512695
2460, 40.033145904541016
2461, 40.72333526611328
2462, 40.571388244628906
2463, 40.10818099975586
2464, 40.010887145996094
2465, 39.75078201293945
2466, 40.45454025268555
2467, 41.959835052490234
2468, 43.77153778076172
2469, 44.57134246826172
2470, 45.43495178222656
2471, 44.287330627441406
2472, 43.1624870300293
2473, 43.99409103393555
2474, 45.86198806762695
2475, 47.02273178100586
2476, 47.286197662353516
2477, 46.315242767333984
2478, 46.34677505493164
2479, 46.44838333129883
2480, 46.79912185668945
2481, 47.24934387207031
2482, 47.022743225097656
2483, 44.58536911010742
2484, 42.655067443847656
2485, 42.309478759765625
2486, 42.28427505493164
2487, 42.90626525878906
2488, 43.1728515625
2489, 43.28192901611328
2490, 42.32611846923828
2491, 42.90476608276367
2492, 43.65975570678711
2493, 43.03425979614258
2494, 43.10890197753906
2495, 44.018104553222656
2496, 44.971492767333984
2497, 45.47296142578125
2498, 45.482810974121094
2499, 44.724910736083984
2500, 43.72917938232422
2501, 43.90957260131836
2502, 43.9481086730957
2503, 45.314125061035156
2504, 46.82672119140625
2505, 46.486515045166016
2506, 46.35788345336914
2507, 47.571590423583984
2508, 48.936710357666016
2509, 49.710689544677734
2510, 49.61305236816406
2511, 49.3762092590332
2512, 50.297183990478516
2513, 50.69166946411133
2514, 50.62886047363281
2515, 50.6370849609375
2516, 51.4498291015625
2517, 50.962249755859375
2518, 50.53031921386719
2519, 50.15983200073242
2520, 49.89550018310547
2521, 48.39681625366211
2522, 48.37115478515625
2523, 46.82395553588867
2524, 44.02704620361328
2525, 44.00758743286133
2526, 42.60087966918945
2527, 42.008811950683594
2528, 43.89474105834961
2529, 45.523590087890625
2530, 44.943058013916016
2531, 43.26005554199219
2532, 43.45869827270508
2533, 45.756717681884766
2534, 47.41092300415039
2535, 46.21949005126953
2536, 45.47627639770508
2537, 45.6506462097168
2538, 46.503963470458984
2539, 45.13227081298828
2540, 44.0325927734375
2541, 42.87128829956055
2542, 45.80464172363281
2543, 49.47477722167969
2544, 49.594364166259766
2545, 48.36692428588867
2546, 47.80097961425781
2547, 48.295066833496094
2548, 48.538719177246094
2549, 48.75178146362305
2550, 47.99883270263672
2551, 47.936614990234375
2552, 49.928714752197266
2553, 50.239723205566406
2554, 47.466697692871094
2555, 45.13154983520508
2556, 45.20867919921875
2557, 46.827796936035156
2558, 48.6666259765625
2559, 47.8964729309082
2560, 46.80251693725586
2561, 46.76540756225586
2562, 47.23030471801758
2563, 48.036827087402344
2564, 47.13169860839844
2565, 46.577552795410156
2566, 46.153228759765625
2567, 48.15909194946289
2568, 49.464691162109375
2569, 48.781864166259766
2570, 46.97399139404297
2571, 45.76634979248047
2572, 47.30210494995117
2573, 50.0133171081543
2574, 48.49226379394531
2575, 47.308048248291016
2576, 48.05635452270508
2577, 50.095706939697266
2578, 51.800315856933594
2579, 53.82518768310547
2580, 53.99369430541992
2581, 54.60881805419922
2582, 56.42422103881836
2583, 56.86455535888672
2584, 55.7786750793457
2585, 55.0999870300293
2586, 54.65371322631836
2587, 53.78816223144531
2588, 52.86859893798828
2589, 53.94377899169922
2590, 55.0477180480957
2591, 55.264915466308594
2592, 55.371002197265625
2593, 57.4246940612793
2594, 58.093502044677734
2595, 58.131404876708984
2596, 57.70962905883789
2597, 57.556488037109375
2598, 56.637210845947266
2599, 55.55199432373047
2600, 56.01417922973633
2601, 56.26376724243164
2602, 57.31550216674805
2603, 57.8563117980957
2604, 57.67306137084961
2605, 56.30606460571289
2606, 56.14007568359375
2607, 57.25505065917969
2608, 57.20206832885742
2609, 56.479644775390625
2610, 54.21103286743164
2611, 54.014930725097656
2612, 55.82563400268555
2613, 57.26573944091797
2614, 58.303401947021484
2615, 57.623451232910156
2616, 57.441741943359375
2617, 57.6908073425293
2618, 58.86129379272461
2619, 59.25762939453125
2620, 57.17835998535156
2621, 55.4072265625
2622, 57.44580078125
2623, 58.12772750854492
2624, 56.06854248046875
2625, 53.529109954833984
2626, 50.35487365722656
2627, 49.37293243408203
2628, 49.499916076660156
2629, 52.78125762939453
2630, 54.06393814086914
2631, 51.88146209716797
2632, 50.18888473510742
2633, 47.81669616699219
2634, 45.15353012084961
2635, 45.45048904418945
2636, 46.17976760864258
